[2025-02-20T19:01:40.890+0000] {processor.py:161} INFO - Started process (PID=206) to work on /opt/airflow/dags/dag_airflow.py
[2025-02-20T19:01:40.892+0000] {processor.py:830} INFO - Processing file /opt/airflow/dags/dag_airflow.py for tasks to queue
[2025-02-20T19:01:40.894+0000] {logging_mixin.py:188} INFO - [2025-02-20T19:01:40.894+0000] {dagbag.py:545} INFO - Filling up the DagBag from /opt/airflow/dags/dag_airflow.py
[2025-02-20T19:01:40.962+0000] {processor.py:840} INFO - DAG(s) 'kafka_spark_postgres_pipeline' retrieved from /opt/airflow/dags/dag_airflow.py
[2025-02-20T19:01:41.753+0000] {logging_mixin.py:188} INFO - [2025-02-20T19:01:41.747+0000] {override.py:1829} INFO - Created Permission View: can read on DAG:kafka_spark_postgres_pipeline
[2025-02-20T19:01:41.780+0000] {logging_mixin.py:188} INFO - [2025-02-20T19:01:41.780+0000] {override.py:1829} INFO - Created Permission View: can delete on DAG:kafka_spark_postgres_pipeline
[2025-02-20T19:01:41.792+0000] {logging_mixin.py:188} INFO - [2025-02-20T19:01:41.791+0000] {override.py:1829} INFO - Created Permission View: can edit on DAG:kafka_spark_postgres_pipeline
[2025-02-20T19:01:41.793+0000] {logging_mixin.py:188} INFO - [2025-02-20T19:01:41.792+0000] {dag.py:3096} INFO - Sync 1 DAGs
[2025-02-20T19:01:41.818+0000] {logging_mixin.py:188} INFO - [2025-02-20T19:01:41.818+0000] {dag.py:3118} INFO - Creating ORM DAG for kafka_spark_postgres_pipeline
[2025-02-20T19:01:41.849+0000] {logging_mixin.py:188} INFO - [2025-02-20T19:01:41.849+0000] {dag.py:3954} INFO - Setting next_dagrun for kafka_spark_postgres_pipeline to 2025-02-19 00:00:00+00:00, run_after=2025-02-20 00:00:00+00:00
[2025-02-20T19:01:41.892+0000] {processor.py:183} INFO - Processing /opt/airflow/dags/dag_airflow.py took 1.009 seconds
[2025-02-20T19:02:12.223+0000] {processor.py:161} INFO - Started process (PID=211) to work on /opt/airflow/dags/dag_airflow.py
[2025-02-20T19:02:12.224+0000] {processor.py:830} INFO - Processing file /opt/airflow/dags/dag_airflow.py for tasks to queue
[2025-02-20T19:02:12.227+0000] {logging_mixin.py:188} INFO - [2025-02-20T19:02:12.227+0000] {dagbag.py:545} INFO - Filling up the DagBag from /opt/airflow/dags/dag_airflow.py
[2025-02-20T19:02:12.265+0000] {processor.py:840} INFO - DAG(s) 'kafka_spark_postgres_pipeline' retrieved from /opt/airflow/dags/dag_airflow.py
[2025-02-20T19:02:12.334+0000] {logging_mixin.py:188} INFO - [2025-02-20T19:02:12.333+0000] {dag.py:3096} INFO - Sync 1 DAGs
[2025-02-20T19:02:12.407+0000] {logging_mixin.py:188} INFO - [2025-02-20T19:02:12.406+0000] {dag.py:3954} INFO - Setting next_dagrun for kafka_spark_postgres_pipeline to 2025-02-19 00:00:00+00:00, run_after=2025-02-20 00:00:00+00:00
[2025-02-20T19:02:12.468+0000] {processor.py:183} INFO - Processing /opt/airflow/dags/dag_airflow.py took 0.259 seconds
[2025-02-20T19:02:42.765+0000] {processor.py:161} INFO - Started process (PID=216) to work on /opt/airflow/dags/dag_airflow.py
[2025-02-20T19:02:42.767+0000] {processor.py:830} INFO - Processing file /opt/airflow/dags/dag_airflow.py for tasks to queue
[2025-02-20T19:02:42.772+0000] {logging_mixin.py:188} INFO - [2025-02-20T19:02:42.771+0000] {dagbag.py:545} INFO - Filling up the DagBag from /opt/airflow/dags/dag_airflow.py
[2025-02-20T19:02:42.817+0000] {processor.py:840} INFO - DAG(s) 'kafka_spark_postgres_pipeline' retrieved from /opt/airflow/dags/dag_airflow.py
[2025-02-20T19:02:42.877+0000] {logging_mixin.py:188} INFO - [2025-02-20T19:02:42.877+0000] {dag.py:3096} INFO - Sync 1 DAGs
[2025-02-20T19:02:42.927+0000] {logging_mixin.py:188} INFO - [2025-02-20T19:02:42.927+0000] {dag.py:3954} INFO - Setting next_dagrun for kafka_spark_postgres_pipeline to 2025-02-19 00:00:00+00:00, run_after=2025-02-20 00:00:00+00:00
[2025-02-20T19:02:42.966+0000] {processor.py:183} INFO - Processing /opt/airflow/dags/dag_airflow.py took 0.214 seconds
[2025-02-20T19:03:13.074+0000] {processor.py:161} INFO - Started process (PID=221) to work on /opt/airflow/dags/dag_airflow.py
[2025-02-20T19:03:13.076+0000] {processor.py:830} INFO - Processing file /opt/airflow/dags/dag_airflow.py for tasks to queue
[2025-02-20T19:03:13.080+0000] {logging_mixin.py:188} INFO - [2025-02-20T19:03:13.079+0000] {dagbag.py:545} INFO - Filling up the DagBag from /opt/airflow/dags/dag_airflow.py
[2025-02-20T19:03:13.129+0000] {processor.py:840} INFO - DAG(s) 'kafka_spark_postgres_pipeline' retrieved from /opt/airflow/dags/dag_airflow.py
[2025-02-20T19:03:13.333+0000] {logging_mixin.py:188} INFO - [2025-02-20T19:03:13.332+0000] {dag.py:3096} INFO - Sync 1 DAGs
[2025-02-20T19:03:13.454+0000] {logging_mixin.py:188} INFO - [2025-02-20T19:03:13.453+0000] {dag.py:3954} INFO - Setting next_dagrun for kafka_spark_postgres_pipeline to 2025-02-19 00:00:00+00:00, run_after=2025-02-20 00:00:00+00:00
[2025-02-20T19:03:13.509+0000] {processor.py:183} INFO - Processing /opt/airflow/dags/dag_airflow.py took 0.449 seconds
[2025-02-20T19:03:43.781+0000] {processor.py:161} INFO - Started process (PID=226) to work on /opt/airflow/dags/dag_airflow.py
[2025-02-20T19:03:43.783+0000] {processor.py:830} INFO - Processing file /opt/airflow/dags/dag_airflow.py for tasks to queue
[2025-02-20T19:03:43.785+0000] {logging_mixin.py:188} INFO - [2025-02-20T19:03:43.785+0000] {dagbag.py:545} INFO - Filling up the DagBag from /opt/airflow/dags/dag_airflow.py
[2025-02-20T19:03:43.826+0000] {processor.py:840} INFO - DAG(s) 'kafka_spark_postgres_pipeline' retrieved from /opt/airflow/dags/dag_airflow.py
[2025-02-20T19:03:43.876+0000] {logging_mixin.py:188} INFO - [2025-02-20T19:03:43.876+0000] {dag.py:3096} INFO - Sync 1 DAGs
[2025-02-20T19:03:43.912+0000] {logging_mixin.py:188} INFO - [2025-02-20T19:03:43.911+0000] {dag.py:3954} INFO - Setting next_dagrun for kafka_spark_postgres_pipeline to 2025-02-19 00:00:00+00:00, run_after=2025-02-20 00:00:00+00:00
[2025-02-20T19:03:43.954+0000] {processor.py:183} INFO - Processing /opt/airflow/dags/dag_airflow.py took 0.182 seconds
[2025-02-20T19:04:14.044+0000] {processor.py:161} INFO - Started process (PID=231) to work on /opt/airflow/dags/dag_airflow.py
[2025-02-20T19:04:14.045+0000] {processor.py:830} INFO - Processing file /opt/airflow/dags/dag_airflow.py for tasks to queue
[2025-02-20T19:04:14.047+0000] {logging_mixin.py:188} INFO - [2025-02-20T19:04:14.047+0000] {dagbag.py:545} INFO - Filling up the DagBag from /opt/airflow/dags/dag_airflow.py
[2025-02-20T19:04:14.077+0000] {processor.py:840} INFO - DAG(s) 'kafka_spark_postgres_pipeline' retrieved from /opt/airflow/dags/dag_airflow.py
[2025-02-20T19:04:14.120+0000] {logging_mixin.py:188} INFO - [2025-02-20T19:04:14.120+0000] {dag.py:3096} INFO - Sync 1 DAGs
[2025-02-20T19:04:14.157+0000] {logging_mixin.py:188} INFO - [2025-02-20T19:04:14.157+0000] {dag.py:3954} INFO - Setting next_dagrun for kafka_spark_postgres_pipeline to 2025-02-19 00:00:00+00:00, run_after=2025-02-20 00:00:00+00:00
[2025-02-20T19:04:14.186+0000] {processor.py:183} INFO - Processing /opt/airflow/dags/dag_airflow.py took 0.147 seconds
[2025-02-20T19:04:44.297+0000] {processor.py:161} INFO - Started process (PID=236) to work on /opt/airflow/dags/dag_airflow.py
[2025-02-20T19:04:44.299+0000] {processor.py:830} INFO - Processing file /opt/airflow/dags/dag_airflow.py for tasks to queue
[2025-02-20T19:04:44.301+0000] {logging_mixin.py:188} INFO - [2025-02-20T19:04:44.301+0000] {dagbag.py:545} INFO - Filling up the DagBag from /opt/airflow/dags/dag_airflow.py
[2025-02-20T19:04:44.337+0000] {processor.py:840} INFO - DAG(s) 'kafka_spark_postgres_pipeline' retrieved from /opt/airflow/dags/dag_airflow.py
[2025-02-20T19:04:44.380+0000] {logging_mixin.py:188} INFO - [2025-02-20T19:04:44.380+0000] {dag.py:3096} INFO - Sync 1 DAGs
[2025-02-20T19:04:44.405+0000] {logging_mixin.py:188} INFO - [2025-02-20T19:04:44.405+0000] {dag.py:3954} INFO - Setting next_dagrun for kafka_spark_postgres_pipeline to 2025-02-19 00:00:00+00:00, run_after=2025-02-20 00:00:00+00:00
[2025-02-20T19:04:44.437+0000] {processor.py:183} INFO - Processing /opt/airflow/dags/dag_airflow.py took 0.149 seconds
[2025-02-20T19:05:14.733+0000] {processor.py:161} INFO - Started process (PID=241) to work on /opt/airflow/dags/dag_airflow.py
[2025-02-20T19:05:14.735+0000] {processor.py:830} INFO - Processing file /opt/airflow/dags/dag_airflow.py for tasks to queue
[2025-02-20T19:05:14.739+0000] {logging_mixin.py:188} INFO - [2025-02-20T19:05:14.738+0000] {dagbag.py:545} INFO - Filling up the DagBag from /opt/airflow/dags/dag_airflow.py
[2025-02-20T19:05:14.782+0000] {processor.py:840} INFO - DAG(s) 'kafka_spark_postgres_pipeline' retrieved from /opt/airflow/dags/dag_airflow.py
[2025-02-20T19:05:14.837+0000] {logging_mixin.py:188} INFO - [2025-02-20T19:05:14.837+0000] {dag.py:3096} INFO - Sync 1 DAGs
[2025-02-20T19:05:14.882+0000] {logging_mixin.py:188} INFO - [2025-02-20T19:05:14.881+0000] {dag.py:3954} INFO - Setting next_dagrun for kafka_spark_postgres_pipeline to 2025-02-19 00:00:00+00:00, run_after=2025-02-20 00:00:00+00:00
[2025-02-20T19:05:14.915+0000] {processor.py:183} INFO - Processing /opt/airflow/dags/dag_airflow.py took 0.195 seconds
[2025-02-20T19:05:45.031+0000] {processor.py:161} INFO - Started process (PID=246) to work on /opt/airflow/dags/dag_airflow.py
[2025-02-20T19:05:45.032+0000] {processor.py:830} INFO - Processing file /opt/airflow/dags/dag_airflow.py for tasks to queue
[2025-02-20T19:05:45.035+0000] {logging_mixin.py:188} INFO - [2025-02-20T19:05:45.034+0000] {dagbag.py:545} INFO - Filling up the DagBag from /opt/airflow/dags/dag_airflow.py
[2025-02-20T19:05:45.077+0000] {processor.py:840} INFO - DAG(s) 'kafka_spark_postgres_pipeline' retrieved from /opt/airflow/dags/dag_airflow.py
[2025-02-20T19:05:45.127+0000] {logging_mixin.py:188} INFO - [2025-02-20T19:05:45.126+0000] {dag.py:3096} INFO - Sync 1 DAGs
[2025-02-20T19:05:45.166+0000] {logging_mixin.py:188} INFO - [2025-02-20T19:05:45.166+0000] {dag.py:3954} INFO - Setting next_dagrun for kafka_spark_postgres_pipeline to 2025-02-19 00:00:00+00:00, run_after=2025-02-20 00:00:00+00:00
[2025-02-20T19:05:45.203+0000] {processor.py:183} INFO - Processing /opt/airflow/dags/dag_airflow.py took 0.183 seconds
[2025-02-20T19:06:15.482+0000] {processor.py:161} INFO - Started process (PID=251) to work on /opt/airflow/dags/dag_airflow.py
[2025-02-20T19:06:15.483+0000] {processor.py:830} INFO - Processing file /opt/airflow/dags/dag_airflow.py for tasks to queue
[2025-02-20T19:06:15.486+0000] {logging_mixin.py:188} INFO - [2025-02-20T19:06:15.486+0000] {dagbag.py:545} INFO - Filling up the DagBag from /opt/airflow/dags/dag_airflow.py
[2025-02-20T19:06:15.588+0000] {processor.py:840} INFO - DAG(s) 'kafka_spark_postgres_pipeline' retrieved from /opt/airflow/dags/dag_airflow.py
[2025-02-20T19:06:15.639+0000] {logging_mixin.py:188} INFO - [2025-02-20T19:06:15.639+0000] {dag.py:3096} INFO - Sync 1 DAGs
[2025-02-20T19:06:15.748+0000] {logging_mixin.py:188} INFO - [2025-02-20T19:06:15.747+0000] {dag.py:3954} INFO - Setting next_dagrun for kafka_spark_postgres_pipeline to 2025-02-19 00:00:00+00:00, run_after=2025-02-20 00:00:00+00:00
[2025-02-20T19:06:15.803+0000] {processor.py:183} INFO - Processing /opt/airflow/dags/dag_airflow.py took 0.282 seconds
[2025-02-20T19:06:46.106+0000] {processor.py:161} INFO - Started process (PID=256) to work on /opt/airflow/dags/dag_airflow.py
[2025-02-20T19:06:46.107+0000] {processor.py:830} INFO - Processing file /opt/airflow/dags/dag_airflow.py for tasks to queue
[2025-02-20T19:06:46.109+0000] {logging_mixin.py:188} INFO - [2025-02-20T19:06:46.109+0000] {dagbag.py:545} INFO - Filling up the DagBag from /opt/airflow/dags/dag_airflow.py
[2025-02-20T19:06:46.146+0000] {processor.py:840} INFO - DAG(s) 'kafka_spark_postgres_pipeline' retrieved from /opt/airflow/dags/dag_airflow.py
[2025-02-20T19:06:46.189+0000] {logging_mixin.py:188} INFO - [2025-02-20T19:06:46.188+0000] {dag.py:3096} INFO - Sync 1 DAGs
[2025-02-20T19:06:46.220+0000] {logging_mixin.py:188} INFO - [2025-02-20T19:06:46.219+0000] {dag.py:3954} INFO - Setting next_dagrun for kafka_spark_postgres_pipeline to 2025-02-19 00:00:00+00:00, run_after=2025-02-20 00:00:00+00:00
[2025-02-20T19:06:46.258+0000] {processor.py:183} INFO - Processing /opt/airflow/dags/dag_airflow.py took 0.158 seconds
[2025-02-20T19:07:16.447+0000] {processor.py:161} INFO - Started process (PID=261) to work on /opt/airflow/dags/dag_airflow.py
[2025-02-20T19:07:16.449+0000] {processor.py:830} INFO - Processing file /opt/airflow/dags/dag_airflow.py for tasks to queue
[2025-02-20T19:07:16.453+0000] {logging_mixin.py:188} INFO - [2025-02-20T19:07:16.452+0000] {dagbag.py:545} INFO - Filling up the DagBag from /opt/airflow/dags/dag_airflow.py
[2025-02-20T19:07:16.505+0000] {processor.py:840} INFO - DAG(s) 'kafka_spark_postgres_pipeline' retrieved from /opt/airflow/dags/dag_airflow.py
[2025-02-20T19:07:16.572+0000] {logging_mixin.py:188} INFO - [2025-02-20T19:07:16.571+0000] {dag.py:3096} INFO - Sync 1 DAGs
[2025-02-20T19:07:16.601+0000] {logging_mixin.py:188} INFO - [2025-02-20T19:07:16.601+0000] {dag.py:3954} INFO - Setting next_dagrun for kafka_spark_postgres_pipeline to 2025-02-19 00:00:00+00:00, run_after=2025-02-20 00:00:00+00:00
[2025-02-20T19:07:16.629+0000] {processor.py:183} INFO - Processing /opt/airflow/dags/dag_airflow.py took 0.194 seconds
[2025-02-20T19:07:46.833+0000] {processor.py:161} INFO - Started process (PID=266) to work on /opt/airflow/dags/dag_airflow.py
[2025-02-20T19:07:46.834+0000] {processor.py:830} INFO - Processing file /opt/airflow/dags/dag_airflow.py for tasks to queue
[2025-02-20T19:07:46.837+0000] {logging_mixin.py:188} INFO - [2025-02-20T19:07:46.837+0000] {dagbag.py:545} INFO - Filling up the DagBag from /opt/airflow/dags/dag_airflow.py
[2025-02-20T19:07:46.872+0000] {processor.py:840} INFO - DAG(s) 'kafka_spark_postgres_pipeline' retrieved from /opt/airflow/dags/dag_airflow.py
[2025-02-20T19:07:46.923+0000] {logging_mixin.py:188} INFO - [2025-02-20T19:07:46.922+0000] {dag.py:3096} INFO - Sync 1 DAGs
[2025-02-20T19:07:46.970+0000] {logging_mixin.py:188} INFO - [2025-02-20T19:07:46.969+0000] {dag.py:3954} INFO - Setting next_dagrun for kafka_spark_postgres_pipeline to 2025-02-19 00:00:00+00:00, run_after=2025-02-20 00:00:00+00:00
[2025-02-20T19:07:46.999+0000] {processor.py:183} INFO - Processing /opt/airflow/dags/dag_airflow.py took 0.177 seconds
[2025-02-20T19:08:17.160+0000] {processor.py:161} INFO - Started process (PID=271) to work on /opt/airflow/dags/dag_airflow.py
[2025-02-20T19:08:17.161+0000] {processor.py:830} INFO - Processing file /opt/airflow/dags/dag_airflow.py for tasks to queue
[2025-02-20T19:08:17.163+0000] {logging_mixin.py:188} INFO - [2025-02-20T19:08:17.163+0000] {dagbag.py:545} INFO - Filling up the DagBag from /opt/airflow/dags/dag_airflow.py
[2025-02-20T19:08:17.207+0000] {processor.py:840} INFO - DAG(s) 'kafka_spark_postgres_pipeline' retrieved from /opt/airflow/dags/dag_airflow.py
[2025-02-20T19:08:17.254+0000] {logging_mixin.py:188} INFO - [2025-02-20T19:08:17.253+0000] {dag.py:3096} INFO - Sync 1 DAGs
[2025-02-20T19:08:17.292+0000] {logging_mixin.py:188} INFO - [2025-02-20T19:08:17.292+0000] {dag.py:3954} INFO - Setting next_dagrun for kafka_spark_postgres_pipeline to 2025-02-19 00:00:00+00:00, run_after=2025-02-20 00:00:00+00:00
[2025-02-20T19:08:17.328+0000] {processor.py:183} INFO - Processing /opt/airflow/dags/dag_airflow.py took 0.177 seconds
[2025-02-20T19:08:47.527+0000] {processor.py:161} INFO - Started process (PID=276) to work on /opt/airflow/dags/dag_airflow.py
[2025-02-20T19:08:47.528+0000] {processor.py:830} INFO - Processing file /opt/airflow/dags/dag_airflow.py for tasks to queue
[2025-02-20T19:08:47.534+0000] {logging_mixin.py:188} INFO - [2025-02-20T19:08:47.533+0000] {dagbag.py:545} INFO - Filling up the DagBag from /opt/airflow/dags/dag_airflow.py
[2025-02-20T19:08:47.578+0000] {processor.py:840} INFO - DAG(s) 'kafka_spark_postgres_pipeline' retrieved from /opt/airflow/dags/dag_airflow.py
[2025-02-20T19:08:47.635+0000] {logging_mixin.py:188} INFO - [2025-02-20T19:08:47.635+0000] {dag.py:3096} INFO - Sync 1 DAGs
[2025-02-20T19:08:47.688+0000] {logging_mixin.py:188} INFO - [2025-02-20T19:08:47.688+0000] {dag.py:3954} INFO - Setting next_dagrun for kafka_spark_postgres_pipeline to 2025-02-19 00:00:00+00:00, run_after=2025-02-20 00:00:00+00:00
[2025-02-20T19:08:47.721+0000] {processor.py:183} INFO - Processing /opt/airflow/dags/dag_airflow.py took 0.203 seconds
[2025-02-20T19:09:17.879+0000] {processor.py:161} INFO - Started process (PID=281) to work on /opt/airflow/dags/dag_airflow.py
[2025-02-20T19:09:17.880+0000] {processor.py:830} INFO - Processing file /opt/airflow/dags/dag_airflow.py for tasks to queue
[2025-02-20T19:09:17.883+0000] {logging_mixin.py:188} INFO - [2025-02-20T19:09:17.883+0000] {dagbag.py:545} INFO - Filling up the DagBag from /opt/airflow/dags/dag_airflow.py
[2025-02-20T19:09:17.930+0000] {processor.py:840} INFO - DAG(s) 'kafka_spark_postgres_pipeline' retrieved from /opt/airflow/dags/dag_airflow.py
[2025-02-20T19:09:17.988+0000] {logging_mixin.py:188} INFO - [2025-02-20T19:09:17.988+0000] {dag.py:3096} INFO - Sync 1 DAGs
[2025-02-20T19:09:18.020+0000] {logging_mixin.py:188} INFO - [2025-02-20T19:09:18.020+0000] {dag.py:3954} INFO - Setting next_dagrun for kafka_spark_postgres_pipeline to 2025-02-19 00:00:00+00:00, run_after=2025-02-20 00:00:00+00:00
[2025-02-20T19:09:18.051+0000] {processor.py:183} INFO - Processing /opt/airflow/dags/dag_airflow.py took 0.182 seconds
[2025-02-20T19:09:48.263+0000] {processor.py:161} INFO - Started process (PID=286) to work on /opt/airflow/dags/dag_airflow.py
[2025-02-20T19:09:48.264+0000] {processor.py:830} INFO - Processing file /opt/airflow/dags/dag_airflow.py for tasks to queue
[2025-02-20T19:09:48.266+0000] {logging_mixin.py:188} INFO - [2025-02-20T19:09:48.266+0000] {dagbag.py:545} INFO - Filling up the DagBag from /opt/airflow/dags/dag_airflow.py
[2025-02-20T19:09:48.313+0000] {processor.py:840} INFO - DAG(s) 'kafka_spark_postgres_pipeline' retrieved from /opt/airflow/dags/dag_airflow.py
[2025-02-20T19:09:48.371+0000] {logging_mixin.py:188} INFO - [2025-02-20T19:09:48.370+0000] {dag.py:3096} INFO - Sync 1 DAGs
[2025-02-20T19:09:48.405+0000] {logging_mixin.py:188} INFO - [2025-02-20T19:09:48.405+0000] {dag.py:3954} INFO - Setting next_dagrun for kafka_spark_postgres_pipeline to 2025-02-19 00:00:00+00:00, run_after=2025-02-20 00:00:00+00:00
[2025-02-20T19:09:48.436+0000] {processor.py:183} INFO - Processing /opt/airflow/dags/dag_airflow.py took 0.184 seconds
[2025-02-20T19:10:18.576+0000] {processor.py:161} INFO - Started process (PID=291) to work on /opt/airflow/dags/dag_airflow.py
[2025-02-20T19:10:18.577+0000] {processor.py:830} INFO - Processing file /opt/airflow/dags/dag_airflow.py for tasks to queue
[2025-02-20T19:10:18.579+0000] {logging_mixin.py:188} INFO - [2025-02-20T19:10:18.578+0000] {dagbag.py:545} INFO - Filling up the DagBag from /opt/airflow/dags/dag_airflow.py
[2025-02-20T19:10:18.606+0000] {processor.py:840} INFO - DAG(s) 'kafka_spark_postgres_pipeline' retrieved from /opt/airflow/dags/dag_airflow.py
[2025-02-20T19:10:18.642+0000] {logging_mixin.py:188} INFO - [2025-02-20T19:10:18.641+0000] {dag.py:3096} INFO - Sync 1 DAGs
[2025-02-20T19:10:18.672+0000] {logging_mixin.py:188} INFO - [2025-02-20T19:10:18.672+0000] {dag.py:3954} INFO - Setting next_dagrun for kafka_spark_postgres_pipeline to 2025-02-19 00:00:00+00:00, run_after=2025-02-20 00:00:00+00:00
[2025-02-20T19:10:18.705+0000] {processor.py:183} INFO - Processing /opt/airflow/dags/dag_airflow.py took 0.136 seconds
[2025-02-20T19:10:49.004+0000] {processor.py:161} INFO - Started process (PID=296) to work on /opt/airflow/dags/dag_airflow.py
[2025-02-20T19:10:49.006+0000] {processor.py:830} INFO - Processing file /opt/airflow/dags/dag_airflow.py for tasks to queue
[2025-02-20T19:10:49.009+0000] {logging_mixin.py:188} INFO - [2025-02-20T19:10:49.008+0000] {dagbag.py:545} INFO - Filling up the DagBag from /opt/airflow/dags/dag_airflow.py
[2025-02-20T19:10:49.054+0000] {processor.py:840} INFO - DAG(s) 'kafka_spark_postgres_pipeline' retrieved from /opt/airflow/dags/dag_airflow.py
[2025-02-20T19:10:49.111+0000] {logging_mixin.py:188} INFO - [2025-02-20T19:10:49.111+0000] {dag.py:3096} INFO - Sync 1 DAGs
[2025-02-20T19:10:49.151+0000] {logging_mixin.py:188} INFO - [2025-02-20T19:10:49.151+0000] {dag.py:3954} INFO - Setting next_dagrun for kafka_spark_postgres_pipeline to 2025-02-19 00:00:00+00:00, run_after=2025-02-20 00:00:00+00:00
[2025-02-20T19:10:49.197+0000] {processor.py:183} INFO - Processing /opt/airflow/dags/dag_airflow.py took 0.204 seconds
[2025-02-20T19:11:19.522+0000] {processor.py:161} INFO - Started process (PID=301) to work on /opt/airflow/dags/dag_airflow.py
[2025-02-20T19:11:19.525+0000] {processor.py:830} INFO - Processing file /opt/airflow/dags/dag_airflow.py for tasks to queue
[2025-02-20T19:11:19.529+0000] {logging_mixin.py:188} INFO - [2025-02-20T19:11:19.528+0000] {dagbag.py:545} INFO - Filling up the DagBag from /opt/airflow/dags/dag_airflow.py
[2025-02-20T19:11:19.582+0000] {processor.py:840} INFO - DAG(s) 'kafka_spark_postgres_pipeline' retrieved from /opt/airflow/dags/dag_airflow.py
[2025-02-20T19:11:19.627+0000] {logging_mixin.py:188} INFO - [2025-02-20T19:11:19.627+0000] {dag.py:3096} INFO - Sync 1 DAGs
[2025-02-20T19:11:19.660+0000] {logging_mixin.py:188} INFO - [2025-02-20T19:11:19.660+0000] {dag.py:3954} INFO - Setting next_dagrun for kafka_spark_postgres_pipeline to 2025-02-19 00:00:00+00:00, run_after=2025-02-20 00:00:00+00:00
[2025-02-20T19:11:19.701+0000] {processor.py:183} INFO - Processing /opt/airflow/dags/dag_airflow.py took 0.189 seconds
[2025-02-20T19:11:49.783+0000] {processor.py:161} INFO - Started process (PID=306) to work on /opt/airflow/dags/dag_airflow.py
[2025-02-20T19:11:49.784+0000] {processor.py:830} INFO - Processing file /opt/airflow/dags/dag_airflow.py for tasks to queue
[2025-02-20T19:11:49.789+0000] {logging_mixin.py:188} INFO - [2025-02-20T19:11:49.787+0000] {dagbag.py:545} INFO - Filling up the DagBag from /opt/airflow/dags/dag_airflow.py
[2025-02-20T19:11:49.827+0000] {processor.py:840} INFO - DAG(s) 'kafka_spark_postgres_pipeline' retrieved from /opt/airflow/dags/dag_airflow.py
[2025-02-20T19:11:49.886+0000] {logging_mixin.py:188} INFO - [2025-02-20T19:11:49.886+0000] {dag.py:3096} INFO - Sync 1 DAGs
[2025-02-20T19:11:49.933+0000] {logging_mixin.py:188} INFO - [2025-02-20T19:11:49.932+0000] {dag.py:3954} INFO - Setting next_dagrun for kafka_spark_postgres_pipeline to 2025-02-19 00:00:00+00:00, run_after=2025-02-20 00:00:00+00:00
[2025-02-20T19:11:49.970+0000] {processor.py:183} INFO - Processing /opt/airflow/dags/dag_airflow.py took 0.195 seconds
[2025-02-20T19:12:20.038+0000] {processor.py:161} INFO - Started process (PID=311) to work on /opt/airflow/dags/dag_airflow.py
[2025-02-20T19:12:20.040+0000] {processor.py:830} INFO - Processing file /opt/airflow/dags/dag_airflow.py for tasks to queue
[2025-02-20T19:12:20.044+0000] {logging_mixin.py:188} INFO - [2025-02-20T19:12:20.043+0000] {dagbag.py:545} INFO - Filling up the DagBag from /opt/airflow/dags/dag_airflow.py
[2025-02-20T19:12:20.073+0000] {processor.py:840} INFO - DAG(s) 'kafka_spark_postgres_pipeline' retrieved from /opt/airflow/dags/dag_airflow.py
[2025-02-20T19:12:20.111+0000] {logging_mixin.py:188} INFO - [2025-02-20T19:12:20.110+0000] {dag.py:3096} INFO - Sync 1 DAGs
[2025-02-20T19:12:20.139+0000] {logging_mixin.py:188} INFO - [2025-02-20T19:12:20.138+0000] {dag.py:3954} INFO - Setting next_dagrun for kafka_spark_postgres_pipeline to 2025-02-19 00:00:00+00:00, run_after=2025-02-20 00:00:00+00:00
[2025-02-20T19:12:20.167+0000] {processor.py:183} INFO - Processing /opt/airflow/dags/dag_airflow.py took 0.138 seconds
[2025-02-20T19:12:50.497+0000] {processor.py:161} INFO - Started process (PID=316) to work on /opt/airflow/dags/dag_airflow.py
[2025-02-20T19:12:50.499+0000] {processor.py:830} INFO - Processing file /opt/airflow/dags/dag_airflow.py for tasks to queue
[2025-02-20T19:12:50.501+0000] {logging_mixin.py:188} INFO - [2025-02-20T19:12:50.501+0000] {dagbag.py:545} INFO - Filling up the DagBag from /opt/airflow/dags/dag_airflow.py
[2025-02-20T19:12:50.576+0000] {processor.py:840} INFO - DAG(s) 'kafka_spark_postgres_pipeline' retrieved from /opt/airflow/dags/dag_airflow.py
[2025-02-20T19:12:50.629+0000] {logging_mixin.py:188} INFO - [2025-02-20T19:12:50.629+0000] {dag.py:3096} INFO - Sync 1 DAGs
[2025-02-20T19:12:50.664+0000] {logging_mixin.py:188} INFO - [2025-02-20T19:12:50.664+0000] {dag.py:3954} INFO - Setting next_dagrun for kafka_spark_postgres_pipeline to 2025-02-19 00:00:00+00:00, run_after=2025-02-20 00:00:00+00:00
[2025-02-20T19:12:50.696+0000] {processor.py:183} INFO - Processing /opt/airflow/dags/dag_airflow.py took 0.206 seconds
[2025-02-20T19:13:20.828+0000] {processor.py:161} INFO - Started process (PID=321) to work on /opt/airflow/dags/dag_airflow.py
[2025-02-20T19:13:20.829+0000] {processor.py:830} INFO - Processing file /opt/airflow/dags/dag_airflow.py for tasks to queue
[2025-02-20T19:13:20.832+0000] {logging_mixin.py:188} INFO - [2025-02-20T19:13:20.831+0000] {dagbag.py:545} INFO - Filling up the DagBag from /opt/airflow/dags/dag_airflow.py
[2025-02-20T19:13:20.865+0000] {processor.py:840} INFO - DAG(s) 'kafka_spark_postgres_pipeline' retrieved from /opt/airflow/dags/dag_airflow.py
[2025-02-20T19:13:20.914+0000] {logging_mixin.py:188} INFO - [2025-02-20T19:13:20.914+0000] {dag.py:3096} INFO - Sync 1 DAGs
[2025-02-20T19:13:20.948+0000] {logging_mixin.py:188} INFO - [2025-02-20T19:13:20.948+0000] {dag.py:3954} INFO - Setting next_dagrun for kafka_spark_postgres_pipeline to 2025-02-19 00:00:00+00:00, run_after=2025-02-20 00:00:00+00:00
[2025-02-20T19:13:21.025+0000] {processor.py:183} INFO - Processing /opt/airflow/dags/dag_airflow.py took 0.205 seconds
[2025-02-20T19:13:51.317+0000] {processor.py:161} INFO - Started process (PID=326) to work on /opt/airflow/dags/dag_airflow.py
[2025-02-20T19:13:51.318+0000] {processor.py:830} INFO - Processing file /opt/airflow/dags/dag_airflow.py for tasks to queue
[2025-02-20T19:13:51.321+0000] {logging_mixin.py:188} INFO - [2025-02-20T19:13:51.320+0000] {dagbag.py:545} INFO - Filling up the DagBag from /opt/airflow/dags/dag_airflow.py
[2025-02-20T19:13:51.349+0000] {processor.py:840} INFO - DAG(s) 'kafka_spark_postgres_pipeline' retrieved from /opt/airflow/dags/dag_airflow.py
[2025-02-20T19:13:51.396+0000] {logging_mixin.py:188} INFO - [2025-02-20T19:13:51.396+0000] {dag.py:3096} INFO - Sync 1 DAGs
[2025-02-20T19:13:51.427+0000] {logging_mixin.py:188} INFO - [2025-02-20T19:13:51.427+0000] {dag.py:3954} INFO - Setting next_dagrun for kafka_spark_postgres_pipeline to 2025-02-19 00:00:00+00:00, run_after=2025-02-20 00:00:00+00:00
[2025-02-20T19:13:51.460+0000] {processor.py:183} INFO - Processing /opt/airflow/dags/dag_airflow.py took 0.150 seconds
[2025-02-20T19:14:21.602+0000] {processor.py:161} INFO - Started process (PID=331) to work on /opt/airflow/dags/dag_airflow.py
[2025-02-20T19:14:21.603+0000] {processor.py:830} INFO - Processing file /opt/airflow/dags/dag_airflow.py for tasks to queue
[2025-02-20T19:14:21.607+0000] {logging_mixin.py:188} INFO - [2025-02-20T19:14:21.607+0000] {dagbag.py:545} INFO - Filling up the DagBag from /opt/airflow/dags/dag_airflow.py
[2025-02-20T19:14:21.633+0000] {processor.py:840} INFO - DAG(s) 'kafka_spark_postgres_pipeline' retrieved from /opt/airflow/dags/dag_airflow.py
[2025-02-20T19:14:21.674+0000] {logging_mixin.py:188} INFO - [2025-02-20T19:14:21.674+0000] {dag.py:3096} INFO - Sync 1 DAGs
[2025-02-20T19:14:21.712+0000] {logging_mixin.py:188} INFO - [2025-02-20T19:14:21.711+0000] {dag.py:3954} INFO - Setting next_dagrun for kafka_spark_postgres_pipeline to 2025-02-19 00:00:00+00:00, run_after=2025-02-20 00:00:00+00:00
[2025-02-20T19:14:21.738+0000] {processor.py:183} INFO - Processing /opt/airflow/dags/dag_airflow.py took 0.142 seconds
[2025-02-20T19:14:51.993+0000] {processor.py:161} INFO - Started process (PID=336) to work on /opt/airflow/dags/dag_airflow.py
[2025-02-20T19:14:51.995+0000] {processor.py:830} INFO - Processing file /opt/airflow/dags/dag_airflow.py for tasks to queue
[2025-02-20T19:14:51.997+0000] {logging_mixin.py:188} INFO - [2025-02-20T19:14:51.997+0000] {dagbag.py:545} INFO - Filling up the DagBag from /opt/airflow/dags/dag_airflow.py
[2025-02-20T19:14:52.028+0000] {processor.py:840} INFO - DAG(s) 'kafka_spark_postgres_pipeline' retrieved from /opt/airflow/dags/dag_airflow.py
[2025-02-20T19:14:52.069+0000] {logging_mixin.py:188} INFO - [2025-02-20T19:14:52.068+0000] {dag.py:3096} INFO - Sync 1 DAGs
[2025-02-20T19:14:52.124+0000] {logging_mixin.py:188} INFO - [2025-02-20T19:14:52.123+0000] {dag.py:3954} INFO - Setting next_dagrun for kafka_spark_postgres_pipeline to 2025-02-19 00:00:00+00:00, run_after=2025-02-20 00:00:00+00:00
[2025-02-20T19:14:52.152+0000] {processor.py:183} INFO - Processing /opt/airflow/dags/dag_airflow.py took 0.169 seconds
[2025-02-20T19:15:22.231+0000] {processor.py:161} INFO - Started process (PID=341) to work on /opt/airflow/dags/dag_airflow.py
[2025-02-20T19:15:22.232+0000] {processor.py:830} INFO - Processing file /opt/airflow/dags/dag_airflow.py for tasks to queue
[2025-02-20T19:15:22.234+0000] {logging_mixin.py:188} INFO - [2025-02-20T19:15:22.233+0000] {dagbag.py:545} INFO - Filling up the DagBag from /opt/airflow/dags/dag_airflow.py
[2025-02-20T19:15:22.262+0000] {processor.py:840} INFO - DAG(s) 'kafka_spark_postgres_pipeline' retrieved from /opt/airflow/dags/dag_airflow.py
[2025-02-20T19:15:22.298+0000] {logging_mixin.py:188} INFO - [2025-02-20T19:15:22.297+0000] {dag.py:3096} INFO - Sync 1 DAGs
[2025-02-20T19:15:22.328+0000] {logging_mixin.py:188} INFO - [2025-02-20T19:15:22.328+0000] {dag.py:3954} INFO - Setting next_dagrun for kafka_spark_postgres_pipeline to 2025-02-19 00:00:00+00:00, run_after=2025-02-20 00:00:00+00:00
[2025-02-20T19:15:22.360+0000] {processor.py:183} INFO - Processing /opt/airflow/dags/dag_airflow.py took 0.135 seconds
[2025-02-20T19:15:52.486+0000] {processor.py:161} INFO - Started process (PID=346) to work on /opt/airflow/dags/dag_airflow.py
[2025-02-20T19:15:52.488+0000] {processor.py:830} INFO - Processing file /opt/airflow/dags/dag_airflow.py for tasks to queue
[2025-02-20T19:15:52.490+0000] {logging_mixin.py:188} INFO - [2025-02-20T19:15:52.490+0000] {dagbag.py:545} INFO - Filling up the DagBag from /opt/airflow/dags/dag_airflow.py
[2025-02-20T19:15:52.516+0000] {processor.py:840} INFO - DAG(s) 'kafka_spark_postgres_pipeline' retrieved from /opt/airflow/dags/dag_airflow.py
[2025-02-20T19:15:52.552+0000] {logging_mixin.py:188} INFO - [2025-02-20T19:15:52.552+0000] {dag.py:3096} INFO - Sync 1 DAGs
[2025-02-20T19:15:52.579+0000] {logging_mixin.py:188} INFO - [2025-02-20T19:15:52.578+0000] {dag.py:3954} INFO - Setting next_dagrun for kafka_spark_postgres_pipeline to 2025-02-19 00:00:00+00:00, run_after=2025-02-20 00:00:00+00:00
[2025-02-20T19:15:52.611+0000] {processor.py:183} INFO - Processing /opt/airflow/dags/dag_airflow.py took 0.132 seconds
[2025-02-20T19:16:22.919+0000] {processor.py:161} INFO - Started process (PID=351) to work on /opt/airflow/dags/dag_airflow.py
[2025-02-20T19:16:22.920+0000] {processor.py:830} INFO - Processing file /opt/airflow/dags/dag_airflow.py for tasks to queue
[2025-02-20T19:16:22.922+0000] {logging_mixin.py:188} INFO - [2025-02-20T19:16:22.922+0000] {dagbag.py:545} INFO - Filling up the DagBag from /opt/airflow/dags/dag_airflow.py
[2025-02-20T19:16:22.947+0000] {processor.py:840} INFO - DAG(s) 'kafka_spark_postgres_pipeline' retrieved from /opt/airflow/dags/dag_airflow.py
[2025-02-20T19:16:22.984+0000] {logging_mixin.py:188} INFO - [2025-02-20T19:16:22.984+0000] {dag.py:3096} INFO - Sync 1 DAGs
[2025-02-20T19:16:23.014+0000] {logging_mixin.py:188} INFO - [2025-02-20T19:16:23.014+0000] {dag.py:3954} INFO - Setting next_dagrun for kafka_spark_postgres_pipeline to 2025-02-19 00:00:00+00:00, run_after=2025-02-20 00:00:00+00:00
[2025-02-20T19:16:23.044+0000] {processor.py:183} INFO - Processing /opt/airflow/dags/dag_airflow.py took 0.132 seconds
[2025-02-20T19:16:53.232+0000] {processor.py:161} INFO - Started process (PID=356) to work on /opt/airflow/dags/dag_airflow.py
[2025-02-20T19:16:53.233+0000] {processor.py:830} INFO - Processing file /opt/airflow/dags/dag_airflow.py for tasks to queue
[2025-02-20T19:16:53.235+0000] {logging_mixin.py:188} INFO - [2025-02-20T19:16:53.235+0000] {dagbag.py:545} INFO - Filling up the DagBag from /opt/airflow/dags/dag_airflow.py
[2025-02-20T19:16:53.260+0000] {processor.py:840} INFO - DAG(s) 'kafka_spark_postgres_pipeline' retrieved from /opt/airflow/dags/dag_airflow.py
[2025-02-20T19:16:53.306+0000] {logging_mixin.py:188} INFO - [2025-02-20T19:16:53.305+0000] {dag.py:3096} INFO - Sync 1 DAGs
[2025-02-20T19:16:53.332+0000] {logging_mixin.py:188} INFO - [2025-02-20T19:16:53.332+0000] {dag.py:3954} INFO - Setting next_dagrun for kafka_spark_postgres_pipeline to 2025-02-19 00:00:00+00:00, run_after=2025-02-20 00:00:00+00:00
[2025-02-20T19:16:53.355+0000] {processor.py:183} INFO - Processing /opt/airflow/dags/dag_airflow.py took 0.131 seconds
[2025-02-20T19:17:23.567+0000] {processor.py:161} INFO - Started process (PID=361) to work on /opt/airflow/dags/dag_airflow.py
[2025-02-20T19:17:23.568+0000] {processor.py:830} INFO - Processing file /opt/airflow/dags/dag_airflow.py for tasks to queue
[2025-02-20T19:17:23.570+0000] {logging_mixin.py:188} INFO - [2025-02-20T19:17:23.570+0000] {dagbag.py:545} INFO - Filling up the DagBag from /opt/airflow/dags/dag_airflow.py
[2025-02-20T19:17:23.671+0000] {processor.py:840} INFO - DAG(s) 'kafka_spark_postgres_pipeline' retrieved from /opt/airflow/dags/dag_airflow.py
[2025-02-20T19:17:23.710+0000] {logging_mixin.py:188} INFO - [2025-02-20T19:17:23.710+0000] {dag.py:3096} INFO - Sync 1 DAGs
[2025-02-20T19:17:23.739+0000] {logging_mixin.py:188} INFO - [2025-02-20T19:17:23.739+0000] {dag.py:3954} INFO - Setting next_dagrun for kafka_spark_postgres_pipeline to 2025-02-19 00:00:00+00:00, run_after=2025-02-20 00:00:00+00:00
[2025-02-20T19:17:23.762+0000] {processor.py:183} INFO - Processing /opt/airflow/dags/dag_airflow.py took 0.203 seconds
[2025-02-20T19:17:53.958+0000] {processor.py:161} INFO - Started process (PID=366) to work on /opt/airflow/dags/dag_airflow.py
[2025-02-20T19:17:53.959+0000] {processor.py:830} INFO - Processing file /opt/airflow/dags/dag_airflow.py for tasks to queue
[2025-02-20T19:17:53.963+0000] {logging_mixin.py:188} INFO - [2025-02-20T19:17:53.962+0000] {dagbag.py:545} INFO - Filling up the DagBag from /opt/airflow/dags/dag_airflow.py
[2025-02-20T19:17:54.000+0000] {processor.py:840} INFO - DAG(s) 'kafka_spark_postgres_pipeline' retrieved from /opt/airflow/dags/dag_airflow.py
[2025-02-20T19:17:54.037+0000] {logging_mixin.py:188} INFO - [2025-02-20T19:17:54.037+0000] {dag.py:3096} INFO - Sync 1 DAGs
[2025-02-20T19:17:54.074+0000] {logging_mixin.py:188} INFO - [2025-02-20T19:17:54.074+0000] {dag.py:3954} INFO - Setting next_dagrun for kafka_spark_postgres_pipeline to 2025-02-19 00:00:00+00:00, run_after=2025-02-20 00:00:00+00:00
[2025-02-20T19:17:54.111+0000] {processor.py:183} INFO - Processing /opt/airflow/dags/dag_airflow.py took 0.160 seconds
[2025-02-20T19:18:24.226+0000] {processor.py:161} INFO - Started process (PID=371) to work on /opt/airflow/dags/dag_airflow.py
[2025-02-20T19:18:24.227+0000] {processor.py:830} INFO - Processing file /opt/airflow/dags/dag_airflow.py for tasks to queue
[2025-02-20T19:18:24.229+0000] {logging_mixin.py:188} INFO - [2025-02-20T19:18:24.229+0000] {dagbag.py:545} INFO - Filling up the DagBag from /opt/airflow/dags/dag_airflow.py
[2025-02-20T19:18:24.257+0000] {processor.py:840} INFO - DAG(s) 'kafka_spark_postgres_pipeline' retrieved from /opt/airflow/dags/dag_airflow.py
[2025-02-20T19:18:24.300+0000] {logging_mixin.py:188} INFO - [2025-02-20T19:18:24.299+0000] {dag.py:3096} INFO - Sync 1 DAGs
[2025-02-20T19:18:24.328+0000] {logging_mixin.py:188} INFO - [2025-02-20T19:18:24.328+0000] {dag.py:3954} INFO - Setting next_dagrun for kafka_spark_postgres_pipeline to 2025-02-19 00:00:00+00:00, run_after=2025-02-20 00:00:00+00:00
[2025-02-20T19:18:24.358+0000] {processor.py:183} INFO - Processing /opt/airflow/dags/dag_airflow.py took 0.139 seconds
[2025-02-20T19:18:54.602+0000] {processor.py:161} INFO - Started process (PID=376) to work on /opt/airflow/dags/dag_airflow.py
[2025-02-20T19:18:54.604+0000] {processor.py:830} INFO - Processing file /opt/airflow/dags/dag_airflow.py for tasks to queue
[2025-02-20T19:18:54.607+0000] {logging_mixin.py:188} INFO - [2025-02-20T19:18:54.606+0000] {dagbag.py:545} INFO - Filling up the DagBag from /opt/airflow/dags/dag_airflow.py
[2025-02-20T19:18:54.636+0000] {processor.py:840} INFO - DAG(s) 'kafka_spark_postgres_pipeline' retrieved from /opt/airflow/dags/dag_airflow.py
[2025-02-20T19:18:54.684+0000] {logging_mixin.py:188} INFO - [2025-02-20T19:18:54.683+0000] {dag.py:3096} INFO - Sync 1 DAGs
[2025-02-20T19:18:54.715+0000] {logging_mixin.py:188} INFO - [2025-02-20T19:18:54.715+0000] {dag.py:3954} INFO - Setting next_dagrun for kafka_spark_postgres_pipeline to 2025-02-19 00:00:00+00:00, run_after=2025-02-20 00:00:00+00:00
[2025-02-20T19:18:54.745+0000] {processor.py:183} INFO - Processing /opt/airflow/dags/dag_airflow.py took 0.151 seconds
[2025-02-20T19:19:24.929+0000] {processor.py:161} INFO - Started process (PID=381) to work on /opt/airflow/dags/dag_airflow.py
[2025-02-20T19:19:24.930+0000] {processor.py:830} INFO - Processing file /opt/airflow/dags/dag_airflow.py for tasks to queue
[2025-02-20T19:19:24.933+0000] {logging_mixin.py:188} INFO - [2025-02-20T19:19:24.933+0000] {dagbag.py:545} INFO - Filling up the DagBag from /opt/airflow/dags/dag_airflow.py
[2025-02-20T19:19:24.959+0000] {processor.py:840} INFO - DAG(s) 'kafka_spark_postgres_pipeline' retrieved from /opt/airflow/dags/dag_airflow.py
[2025-02-20T19:19:25.030+0000] {logging_mixin.py:188} INFO - [2025-02-20T19:19:25.030+0000] {dag.py:3096} INFO - Sync 1 DAGs
[2025-02-20T19:19:25.059+0000] {logging_mixin.py:188} INFO - [2025-02-20T19:19:25.059+0000] {dag.py:3954} INFO - Setting next_dagrun for kafka_spark_postgres_pipeline to 2025-02-19 00:00:00+00:00, run_after=2025-02-20 00:00:00+00:00
[2025-02-20T19:19:25.082+0000] {processor.py:183} INFO - Processing /opt/airflow/dags/dag_airflow.py took 0.159 seconds
[2025-02-20T19:19:55.320+0000] {processor.py:161} INFO - Started process (PID=386) to work on /opt/airflow/dags/dag_airflow.py
[2025-02-20T19:19:55.321+0000] {processor.py:830} INFO - Processing file /opt/airflow/dags/dag_airflow.py for tasks to queue
[2025-02-20T19:19:55.324+0000] {logging_mixin.py:188} INFO - [2025-02-20T19:19:55.323+0000] {dagbag.py:545} INFO - Filling up the DagBag from /opt/airflow/dags/dag_airflow.py
[2025-02-20T19:19:55.413+0000] {processor.py:840} INFO - DAG(s) 'kafka_spark_postgres_pipeline' retrieved from /opt/airflow/dags/dag_airflow.py
[2025-02-20T19:19:55.471+0000] {logging_mixin.py:188} INFO - [2025-02-20T19:19:55.471+0000] {dag.py:3096} INFO - Sync 1 DAGs
[2025-02-20T19:19:55.519+0000] {logging_mixin.py:188} INFO - [2025-02-20T19:19:55.519+0000] {dag.py:3954} INFO - Setting next_dagrun for kafka_spark_postgres_pipeline to 2025-02-19 00:00:00+00:00, run_after=2025-02-20 00:00:00+00:00
[2025-02-20T19:19:55.565+0000] {processor.py:183} INFO - Processing /opt/airflow/dags/dag_airflow.py took 0.261 seconds
[2025-02-20T19:20:25.851+0000] {processor.py:161} INFO - Started process (PID=391) to work on /opt/airflow/dags/dag_airflow.py
[2025-02-20T19:20:25.854+0000] {processor.py:830} INFO - Processing file /opt/airflow/dags/dag_airflow.py for tasks to queue
[2025-02-20T19:20:25.858+0000] {logging_mixin.py:188} INFO - [2025-02-20T19:20:25.857+0000] {dagbag.py:545} INFO - Filling up the DagBag from /opt/airflow/dags/dag_airflow.py
[2025-02-20T19:20:25.932+0000] {processor.py:840} INFO - DAG(s) 'kafka_spark_postgres_pipeline' retrieved from /opt/airflow/dags/dag_airflow.py
[2025-02-20T19:20:26.383+0000] {logging_mixin.py:188} INFO - [2025-02-20T19:20:26.382+0000] {dag.py:3096} INFO - Sync 1 DAGs
[2025-02-20T19:20:26.612+0000] {logging_mixin.py:188} INFO - [2025-02-20T19:20:26.612+0000] {dag.py:3954} INFO - Setting next_dagrun for kafka_spark_postgres_pipeline to 2025-02-19 00:00:00+00:00, run_after=2025-02-20 00:00:00+00:00
[2025-02-20T19:20:26.667+0000] {processor.py:183} INFO - Processing /opt/airflow/dags/dag_airflow.py took 0.825 seconds
[2025-02-20T19:20:56.845+0000] {processor.py:161} INFO - Started process (PID=396) to work on /opt/airflow/dags/dag_airflow.py
[2025-02-20T19:20:56.846+0000] {processor.py:830} INFO - Processing file /opt/airflow/dags/dag_airflow.py for tasks to queue
[2025-02-20T19:20:56.849+0000] {logging_mixin.py:188} INFO - [2025-02-20T19:20:56.848+0000] {dagbag.py:545} INFO - Filling up the DagBag from /opt/airflow/dags/dag_airflow.py
[2025-02-20T19:20:56.881+0000] {processor.py:840} INFO - DAG(s) 'kafka_spark_postgres_pipeline' retrieved from /opt/airflow/dags/dag_airflow.py
[2025-02-20T19:20:56.924+0000] {logging_mixin.py:188} INFO - [2025-02-20T19:20:56.924+0000] {dag.py:3096} INFO - Sync 1 DAGs
[2025-02-20T19:20:56.964+0000] {logging_mixin.py:188} INFO - [2025-02-20T19:20:56.964+0000] {dag.py:3954} INFO - Setting next_dagrun for kafka_spark_postgres_pipeline to 2025-02-19 00:00:00+00:00, run_after=2025-02-20 00:00:00+00:00
[2025-02-20T19:20:56.993+0000] {processor.py:183} INFO - Processing /opt/airflow/dags/dag_airflow.py took 0.156 seconds
[2025-02-20T19:21:27.266+0000] {processor.py:161} INFO - Started process (PID=401) to work on /opt/airflow/dags/dag_airflow.py
[2025-02-20T19:21:27.267+0000] {processor.py:830} INFO - Processing file /opt/airflow/dags/dag_airflow.py for tasks to queue
[2025-02-20T19:21:27.269+0000] {logging_mixin.py:188} INFO - [2025-02-20T19:21:27.269+0000] {dagbag.py:545} INFO - Filling up the DagBag from /opt/airflow/dags/dag_airflow.py
[2025-02-20T19:21:27.302+0000] {processor.py:840} INFO - DAG(s) 'kafka_spark_postgres_pipeline' retrieved from /opt/airflow/dags/dag_airflow.py
[2025-02-20T19:21:27.354+0000] {logging_mixin.py:188} INFO - [2025-02-20T19:21:27.354+0000] {dag.py:3096} INFO - Sync 1 DAGs
[2025-02-20T19:21:27.387+0000] {logging_mixin.py:188} INFO - [2025-02-20T19:21:27.387+0000] {dag.py:3954} INFO - Setting next_dagrun for kafka_spark_postgres_pipeline to 2025-02-19 00:00:00+00:00, run_after=2025-02-20 00:00:00+00:00
[2025-02-20T19:21:27.422+0000] {processor.py:183} INFO - Processing /opt/airflow/dags/dag_airflow.py took 0.164 seconds
[2025-02-20T19:21:57.573+0000] {processor.py:161} INFO - Started process (PID=406) to work on /opt/airflow/dags/dag_airflow.py
[2025-02-20T19:21:57.574+0000] {processor.py:830} INFO - Processing file /opt/airflow/dags/dag_airflow.py for tasks to queue
[2025-02-20T19:21:57.576+0000] {logging_mixin.py:188} INFO - [2025-02-20T19:21:57.576+0000] {dagbag.py:545} INFO - Filling up the DagBag from /opt/airflow/dags/dag_airflow.py
[2025-02-20T19:21:57.615+0000] {processor.py:840} INFO - DAG(s) 'kafka_spark_postgres_pipeline' retrieved from /opt/airflow/dags/dag_airflow.py
[2025-02-20T19:21:57.667+0000] {logging_mixin.py:188} INFO - [2025-02-20T19:21:57.666+0000] {dag.py:3096} INFO - Sync 1 DAGs
[2025-02-20T19:21:57.695+0000] {logging_mixin.py:188} INFO - [2025-02-20T19:21:57.695+0000] {dag.py:3954} INFO - Setting next_dagrun for kafka_spark_postgres_pipeline to 2025-02-19 00:00:00+00:00, run_after=2025-02-20 00:00:00+00:00
[2025-02-20T19:21:57.740+0000] {processor.py:183} INFO - Processing /opt/airflow/dags/dag_airflow.py took 0.177 seconds
[2025-02-20T19:22:27.932+0000] {processor.py:161} INFO - Started process (PID=411) to work on /opt/airflow/dags/dag_airflow.py
[2025-02-20T19:22:27.934+0000] {processor.py:830} INFO - Processing file /opt/airflow/dags/dag_airflow.py for tasks to queue
[2025-02-20T19:22:27.936+0000] {logging_mixin.py:188} INFO - [2025-02-20T19:22:27.935+0000] {dagbag.py:545} INFO - Filling up the DagBag from /opt/airflow/dags/dag_airflow.py
[2025-02-20T19:22:27.967+0000] {processor.py:840} INFO - DAG(s) 'kafka_spark_postgres_pipeline' retrieved from /opt/airflow/dags/dag_airflow.py
[2025-02-20T19:22:28.002+0000] {logging_mixin.py:188} INFO - [2025-02-20T19:22:28.002+0000] {dag.py:3096} INFO - Sync 1 DAGs
[2025-02-20T19:22:28.028+0000] {logging_mixin.py:188} INFO - [2025-02-20T19:22:28.028+0000] {dag.py:3954} INFO - Setting next_dagrun for kafka_spark_postgres_pipeline to 2025-02-19 00:00:00+00:00, run_after=2025-02-20 00:00:00+00:00
[2025-02-20T19:22:28.056+0000] {processor.py:183} INFO - Processing /opt/airflow/dags/dag_airflow.py took 0.131 seconds
[2025-02-20T19:22:58.257+0000] {processor.py:161} INFO - Started process (PID=416) to work on /opt/airflow/dags/dag_airflow.py
[2025-02-20T19:22:58.259+0000] {processor.py:830} INFO - Processing file /opt/airflow/dags/dag_airflow.py for tasks to queue
[2025-02-20T19:22:58.263+0000] {logging_mixin.py:188} INFO - [2025-02-20T19:22:58.262+0000] {dagbag.py:545} INFO - Filling up the DagBag from /opt/airflow/dags/dag_airflow.py
[2025-02-20T19:22:58.294+0000] {processor.py:840} INFO - DAG(s) 'kafka_spark_postgres_pipeline' retrieved from /opt/airflow/dags/dag_airflow.py
[2025-02-20T19:22:58.336+0000] {logging_mixin.py:188} INFO - [2025-02-20T19:22:58.335+0000] {dag.py:3096} INFO - Sync 1 DAGs
[2025-02-20T19:22:58.401+0000] {logging_mixin.py:188} INFO - [2025-02-20T19:22:58.401+0000] {dag.py:3954} INFO - Setting next_dagrun for kafka_spark_postgres_pipeline to 2025-02-19 00:00:00+00:00, run_after=2025-02-20 00:00:00+00:00
[2025-02-20T19:22:58.437+0000] {processor.py:183} INFO - Processing /opt/airflow/dags/dag_airflow.py took 0.191 seconds
[2025-02-20T19:23:28.576+0000] {processor.py:161} INFO - Started process (PID=421) to work on /opt/airflow/dags/dag_airflow.py
[2025-02-20T19:23:28.577+0000] {processor.py:830} INFO - Processing file /opt/airflow/dags/dag_airflow.py for tasks to queue
[2025-02-20T19:23:28.580+0000] {logging_mixin.py:188} INFO - [2025-02-20T19:23:28.580+0000] {dagbag.py:545} INFO - Filling up the DagBag from /opt/airflow/dags/dag_airflow.py
[2025-02-20T19:23:28.601+0000] {processor.py:840} INFO - DAG(s) 'kafka_spark_postgres_pipeline' retrieved from /opt/airflow/dags/dag_airflow.py
[2025-02-20T19:23:28.639+0000] {logging_mixin.py:188} INFO - [2025-02-20T19:23:28.639+0000] {dag.py:3096} INFO - Sync 1 DAGs
[2025-02-20T19:23:28.668+0000] {logging_mixin.py:188} INFO - [2025-02-20T19:23:28.668+0000] {dag.py:3954} INFO - Setting next_dagrun for kafka_spark_postgres_pipeline to 2025-02-19 00:00:00+00:00, run_after=2025-02-20 00:00:00+00:00
[2025-02-20T19:23:28.712+0000] {processor.py:183} INFO - Processing /opt/airflow/dags/dag_airflow.py took 0.143 seconds
[2025-02-20T19:23:58.981+0000] {processor.py:161} INFO - Started process (PID=426) to work on /opt/airflow/dags/dag_airflow.py
[2025-02-20T19:23:58.982+0000] {processor.py:830} INFO - Processing file /opt/airflow/dags/dag_airflow.py for tasks to queue
[2025-02-20T19:23:58.985+0000] {logging_mixin.py:188} INFO - [2025-02-20T19:23:58.984+0000] {dagbag.py:545} INFO - Filling up the DagBag from /opt/airflow/dags/dag_airflow.py
[2025-02-20T19:23:59.016+0000] {processor.py:840} INFO - DAG(s) 'kafka_spark_postgres_pipeline' retrieved from /opt/airflow/dags/dag_airflow.py
[2025-02-20T19:23:59.051+0000] {logging_mixin.py:188} INFO - [2025-02-20T19:23:59.051+0000] {dag.py:3096} INFO - Sync 1 DAGs
[2025-02-20T19:23:59.088+0000] {logging_mixin.py:188} INFO - [2025-02-20T19:23:59.087+0000] {dag.py:3954} INFO - Setting next_dagrun for kafka_spark_postgres_pipeline to 2025-02-19 00:00:00+00:00, run_after=2025-02-20 00:00:00+00:00
[2025-02-20T19:23:59.127+0000] {processor.py:183} INFO - Processing /opt/airflow/dags/dag_airflow.py took 0.153 seconds
[2025-02-20T19:24:29.258+0000] {processor.py:161} INFO - Started process (PID=431) to work on /opt/airflow/dags/dag_airflow.py
[2025-02-20T19:24:29.260+0000] {processor.py:830} INFO - Processing file /opt/airflow/dags/dag_airflow.py for tasks to queue
[2025-02-20T19:24:29.262+0000] {logging_mixin.py:188} INFO - [2025-02-20T19:24:29.261+0000] {dagbag.py:545} INFO - Filling up the DagBag from /opt/airflow/dags/dag_airflow.py
[2025-02-20T19:24:29.287+0000] {processor.py:840} INFO - DAG(s) 'kafka_spark_postgres_pipeline' retrieved from /opt/airflow/dags/dag_airflow.py
[2025-02-20T19:24:29.323+0000] {logging_mixin.py:188} INFO - [2025-02-20T19:24:29.323+0000] {dag.py:3096} INFO - Sync 1 DAGs
[2025-02-20T19:24:29.348+0000] {logging_mixin.py:188} INFO - [2025-02-20T19:24:29.348+0000] {dag.py:3954} INFO - Setting next_dagrun for kafka_spark_postgres_pipeline to 2025-02-19 00:00:00+00:00, run_after=2025-02-20 00:00:00+00:00
[2025-02-20T19:24:29.380+0000] {processor.py:183} INFO - Processing /opt/airflow/dags/dag_airflow.py took 0.128 seconds
[2025-02-20T19:24:59.511+0000] {processor.py:161} INFO - Started process (PID=436) to work on /opt/airflow/dags/dag_airflow.py
[2025-02-20T19:24:59.513+0000] {processor.py:830} INFO - Processing file /opt/airflow/dags/dag_airflow.py for tasks to queue
[2025-02-20T19:24:59.515+0000] {logging_mixin.py:188} INFO - [2025-02-20T19:24:59.515+0000] {dagbag.py:545} INFO - Filling up the DagBag from /opt/airflow/dags/dag_airflow.py
[2025-02-20T19:24:59.539+0000] {processor.py:840} INFO - DAG(s) 'kafka_spark_postgres_pipeline' retrieved from /opt/airflow/dags/dag_airflow.py
[2025-02-20T19:24:59.575+0000] {logging_mixin.py:188} INFO - [2025-02-20T19:24:59.574+0000] {dag.py:3096} INFO - Sync 1 DAGs
[2025-02-20T19:24:59.611+0000] {logging_mixin.py:188} INFO - [2025-02-20T19:24:59.610+0000] {dag.py:3954} INFO - Setting next_dagrun for kafka_spark_postgres_pipeline to 2025-02-19 00:00:00+00:00, run_after=2025-02-20 00:00:00+00:00
[2025-02-20T19:24:59.649+0000] {processor.py:183} INFO - Processing /opt/airflow/dags/dag_airflow.py took 0.144 seconds
[2025-02-20T19:25:29.886+0000] {processor.py:161} INFO - Started process (PID=441) to work on /opt/airflow/dags/dag_airflow.py
[2025-02-20T19:25:29.887+0000] {processor.py:830} INFO - Processing file /opt/airflow/dags/dag_airflow.py for tasks to queue
[2025-02-20T19:25:29.889+0000] {logging_mixin.py:188} INFO - [2025-02-20T19:25:29.889+0000] {dagbag.py:545} INFO - Filling up the DagBag from /opt/airflow/dags/dag_airflow.py
[2025-02-20T19:25:29.915+0000] {processor.py:840} INFO - DAG(s) 'kafka_spark_postgres_pipeline' retrieved from /opt/airflow/dags/dag_airflow.py
[2025-02-20T19:25:29.951+0000] {logging_mixin.py:188} INFO - [2025-02-20T19:25:29.950+0000] {dag.py:3096} INFO - Sync 1 DAGs
[2025-02-20T19:25:29.977+0000] {logging_mixin.py:188} INFO - [2025-02-20T19:25:29.977+0000] {dag.py:3954} INFO - Setting next_dagrun for kafka_spark_postgres_pipeline to 2025-02-19 00:00:00+00:00, run_after=2025-02-20 00:00:00+00:00
[2025-02-20T19:25:30.009+0000] {processor.py:183} INFO - Processing /opt/airflow/dags/dag_airflow.py took 0.130 seconds
[2025-02-20T19:26:00.210+0000] {processor.py:161} INFO - Started process (PID=446) to work on /opt/airflow/dags/dag_airflow.py
[2025-02-20T19:26:00.212+0000] {processor.py:830} INFO - Processing file /opt/airflow/dags/dag_airflow.py for tasks to queue
[2025-02-20T19:26:00.219+0000] {logging_mixin.py:188} INFO - [2025-02-20T19:26:00.217+0000] {dagbag.py:545} INFO - Filling up the DagBag from /opt/airflow/dags/dag_airflow.py
[2025-02-20T19:26:00.257+0000] {processor.py:840} INFO - DAG(s) 'kafka_spark_postgres_pipeline' retrieved from /opt/airflow/dags/dag_airflow.py
[2025-02-20T19:26:00.302+0000] {logging_mixin.py:188} INFO - [2025-02-20T19:26:00.302+0000] {dag.py:3096} INFO - Sync 1 DAGs
[2025-02-20T19:26:00.337+0000] {logging_mixin.py:188} INFO - [2025-02-20T19:26:00.336+0000] {dag.py:3954} INFO - Setting next_dagrun for kafka_spark_postgres_pipeline to 2025-02-19 00:00:00+00:00, run_after=2025-02-20 00:00:00+00:00
[2025-02-20T19:26:00.368+0000] {processor.py:183} INFO - Processing /opt/airflow/dags/dag_airflow.py took 0.177 seconds
[2025-02-20T19:26:30.549+0000] {processor.py:161} INFO - Started process (PID=451) to work on /opt/airflow/dags/dag_airflow.py
[2025-02-20T19:26:30.551+0000] {processor.py:830} INFO - Processing file /opt/airflow/dags/dag_airflow.py for tasks to queue
[2025-02-20T19:26:30.557+0000] {logging_mixin.py:188} INFO - [2025-02-20T19:26:30.556+0000] {dagbag.py:545} INFO - Filling up the DagBag from /opt/airflow/dags/dag_airflow.py
[2025-02-20T19:26:30.592+0000] {processor.py:840} INFO - DAG(s) 'kafka_spark_postgres_pipeline' retrieved from /opt/airflow/dags/dag_airflow.py
[2025-02-20T19:26:30.645+0000] {logging_mixin.py:188} INFO - [2025-02-20T19:26:30.645+0000] {dag.py:3096} INFO - Sync 1 DAGs
[2025-02-20T19:26:30.682+0000] {logging_mixin.py:188} INFO - [2025-02-20T19:26:30.682+0000] {dag.py:3954} INFO - Setting next_dagrun for kafka_spark_postgres_pipeline to 2025-02-19 00:00:00+00:00, run_after=2025-02-20 00:00:00+00:00
[2025-02-20T19:26:30.707+0000] {processor.py:183} INFO - Processing /opt/airflow/dags/dag_airflow.py took 0.168 seconds
[2025-02-20T19:27:00.944+0000] {processor.py:161} INFO - Started process (PID=456) to work on /opt/airflow/dags/dag_airflow.py
[2025-02-20T19:27:00.946+0000] {processor.py:830} INFO - Processing file /opt/airflow/dags/dag_airflow.py for tasks to queue
[2025-02-20T19:27:00.948+0000] {logging_mixin.py:188} INFO - [2025-02-20T19:27:00.948+0000] {dagbag.py:545} INFO - Filling up the DagBag from /opt/airflow/dags/dag_airflow.py
[2025-02-20T19:27:00.974+0000] {processor.py:840} INFO - DAG(s) 'kafka_spark_postgres_pipeline' retrieved from /opt/airflow/dags/dag_airflow.py
[2025-02-20T19:27:01.008+0000] {logging_mixin.py:188} INFO - [2025-02-20T19:27:01.008+0000] {dag.py:3096} INFO - Sync 1 DAGs
[2025-02-20T19:27:01.036+0000] {logging_mixin.py:188} INFO - [2025-02-20T19:27:01.036+0000] {dag.py:3954} INFO - Setting next_dagrun for kafka_spark_postgres_pipeline to 2025-02-19 00:00:00+00:00, run_after=2025-02-20 00:00:00+00:00
[2025-02-20T19:27:01.066+0000] {processor.py:183} INFO - Processing /opt/airflow/dags/dag_airflow.py took 0.128 seconds
[2025-02-20T19:27:31.287+0000] {processor.py:161} INFO - Started process (PID=461) to work on /opt/airflow/dags/dag_airflow.py
[2025-02-20T19:27:31.289+0000] {processor.py:830} INFO - Processing file /opt/airflow/dags/dag_airflow.py for tasks to queue
[2025-02-20T19:27:31.291+0000] {logging_mixin.py:188} INFO - [2025-02-20T19:27:31.290+0000] {dagbag.py:545} INFO - Filling up the DagBag from /opt/airflow/dags/dag_airflow.py
[2025-02-20T19:27:31.317+0000] {processor.py:840} INFO - DAG(s) 'kafka_spark_postgres_pipeline' retrieved from /opt/airflow/dags/dag_airflow.py
[2025-02-20T19:27:31.351+0000] {logging_mixin.py:188} INFO - [2025-02-20T19:27:31.351+0000] {dag.py:3096} INFO - Sync 1 DAGs
[2025-02-20T19:27:31.383+0000] {logging_mixin.py:188} INFO - [2025-02-20T19:27:31.383+0000] {dag.py:3954} INFO - Setting next_dagrun for kafka_spark_postgres_pipeline to 2025-02-19 00:00:00+00:00, run_after=2025-02-20 00:00:00+00:00
[2025-02-20T19:27:31.406+0000] {processor.py:183} INFO - Processing /opt/airflow/dags/dag_airflow.py took 0.125 seconds
[2025-02-20T19:28:01.600+0000] {processor.py:161} INFO - Started process (PID=466) to work on /opt/airflow/dags/dag_airflow.py
[2025-02-20T19:28:01.602+0000] {processor.py:830} INFO - Processing file /opt/airflow/dags/dag_airflow.py for tasks to queue
[2025-02-20T19:28:01.604+0000] {logging_mixin.py:188} INFO - [2025-02-20T19:28:01.604+0000] {dagbag.py:545} INFO - Filling up the DagBag from /opt/airflow/dags/dag_airflow.py
[2025-02-20T19:28:01.630+0000] {processor.py:840} INFO - DAG(s) 'kafka_spark_postgres_pipeline' retrieved from /opt/airflow/dags/dag_airflow.py
[2025-02-20T19:28:01.671+0000] {logging_mixin.py:188} INFO - [2025-02-20T19:28:01.670+0000] {dag.py:3096} INFO - Sync 1 DAGs
[2025-02-20T19:28:01.703+0000] {logging_mixin.py:188} INFO - [2025-02-20T19:28:01.703+0000] {dag.py:3954} INFO - Setting next_dagrun for kafka_spark_postgres_pipeline to 2025-02-19 00:00:00+00:00, run_after=2025-02-20 00:00:00+00:00
[2025-02-20T19:28:01.728+0000] {processor.py:183} INFO - Processing /opt/airflow/dags/dag_airflow.py took 0.136 seconds
[2025-02-20T19:28:31.921+0000] {processor.py:161} INFO - Started process (PID=471) to work on /opt/airflow/dags/dag_airflow.py
[2025-02-20T19:28:31.922+0000] {processor.py:830} INFO - Processing file /opt/airflow/dags/dag_airflow.py for tasks to queue
[2025-02-20T19:28:31.924+0000] {logging_mixin.py:188} INFO - [2025-02-20T19:28:31.924+0000] {dagbag.py:545} INFO - Filling up the DagBag from /opt/airflow/dags/dag_airflow.py
[2025-02-20T19:28:31.953+0000] {processor.py:840} INFO - DAG(s) 'kafka_spark_postgres_pipeline' retrieved from /opt/airflow/dags/dag_airflow.py
[2025-02-20T19:28:32.006+0000] {logging_mixin.py:188} INFO - [2025-02-20T19:28:32.005+0000] {dag.py:3096} INFO - Sync 1 DAGs
[2025-02-20T19:28:32.032+0000] {logging_mixin.py:188} INFO - [2025-02-20T19:28:32.031+0000] {dag.py:3954} INFO - Setting next_dagrun for kafka_spark_postgres_pipeline to 2025-02-19 00:00:00+00:00, run_after=2025-02-20 00:00:00+00:00
[2025-02-20T19:28:32.060+0000] {processor.py:183} INFO - Processing /opt/airflow/dags/dag_airflow.py took 0.148 seconds
[2025-02-20T19:29:02.270+0000] {processor.py:161} INFO - Started process (PID=476) to work on /opt/airflow/dags/dag_airflow.py
[2025-02-20T19:29:02.271+0000] {processor.py:830} INFO - Processing file /opt/airflow/dags/dag_airflow.py for tasks to queue
[2025-02-20T19:29:02.273+0000] {logging_mixin.py:188} INFO - [2025-02-20T19:29:02.273+0000] {dagbag.py:545} INFO - Filling up the DagBag from /opt/airflow/dags/dag_airflow.py
[2025-02-20T19:29:02.297+0000] {processor.py:840} INFO - DAG(s) 'kafka_spark_postgres_pipeline' retrieved from /opt/airflow/dags/dag_airflow.py
[2025-02-20T19:29:02.335+0000] {logging_mixin.py:188} INFO - [2025-02-20T19:29:02.335+0000] {dag.py:3096} INFO - Sync 1 DAGs
[2025-02-20T19:29:02.360+0000] {logging_mixin.py:188} INFO - [2025-02-20T19:29:02.360+0000] {dag.py:3954} INFO - Setting next_dagrun for kafka_spark_postgres_pipeline to 2025-02-19 00:00:00+00:00, run_after=2025-02-20 00:00:00+00:00
[2025-02-20T19:29:02.391+0000] {processor.py:183} INFO - Processing /opt/airflow/dags/dag_airflow.py took 0.129 seconds
[2025-02-20T19:29:32.583+0000] {processor.py:161} INFO - Started process (PID=481) to work on /opt/airflow/dags/dag_airflow.py
[2025-02-20T19:29:32.584+0000] {processor.py:830} INFO - Processing file /opt/airflow/dags/dag_airflow.py for tasks to queue
[2025-02-20T19:29:32.586+0000] {logging_mixin.py:188} INFO - [2025-02-20T19:29:32.586+0000] {dagbag.py:545} INFO - Filling up the DagBag from /opt/airflow/dags/dag_airflow.py
[2025-02-20T19:29:32.616+0000] {processor.py:840} INFO - DAG(s) 'kafka_spark_postgres_pipeline' retrieved from /opt/airflow/dags/dag_airflow.py
[2025-02-20T19:29:32.654+0000] {logging_mixin.py:188} INFO - [2025-02-20T19:29:32.654+0000] {dag.py:3096} INFO - Sync 1 DAGs
[2025-02-20T19:29:32.684+0000] {logging_mixin.py:188} INFO - [2025-02-20T19:29:32.684+0000] {dag.py:3954} INFO - Setting next_dagrun for kafka_spark_postgres_pipeline to 2025-02-19 00:00:00+00:00, run_after=2025-02-20 00:00:00+00:00
[2025-02-20T19:29:32.713+0000] {processor.py:183} INFO - Processing /opt/airflow/dags/dag_airflow.py took 0.137 seconds
[2025-02-20T19:30:02.922+0000] {processor.py:161} INFO - Started process (PID=486) to work on /opt/airflow/dags/dag_airflow.py
[2025-02-20T19:30:02.923+0000] {processor.py:830} INFO - Processing file /opt/airflow/dags/dag_airflow.py for tasks to queue
[2025-02-20T19:30:02.927+0000] {logging_mixin.py:188} INFO - [2025-02-20T19:30:02.926+0000] {dagbag.py:545} INFO - Filling up the DagBag from /opt/airflow/dags/dag_airflow.py
[2025-02-20T19:30:02.955+0000] {processor.py:840} INFO - DAG(s) 'kafka_spark_postgres_pipeline' retrieved from /opt/airflow/dags/dag_airflow.py
[2025-02-20T19:30:02.994+0000] {logging_mixin.py:188} INFO - [2025-02-20T19:30:02.993+0000] {dag.py:3096} INFO - Sync 1 DAGs
[2025-02-20T19:30:03.024+0000] {logging_mixin.py:188} INFO - [2025-02-20T19:30:03.023+0000] {dag.py:3954} INFO - Setting next_dagrun for kafka_spark_postgres_pipeline to 2025-02-19 00:00:00+00:00, run_after=2025-02-20 00:00:00+00:00
[2025-02-20T19:30:03.053+0000] {processor.py:183} INFO - Processing /opt/airflow/dags/dag_airflow.py took 0.142 seconds
[2025-02-20T19:30:33.217+0000] {processor.py:161} INFO - Started process (PID=491) to work on /opt/airflow/dags/dag_airflow.py
[2025-02-20T19:30:33.219+0000] {processor.py:830} INFO - Processing file /opt/airflow/dags/dag_airflow.py for tasks to queue
[2025-02-20T19:30:33.222+0000] {logging_mixin.py:188} INFO - [2025-02-20T19:30:33.221+0000] {dagbag.py:545} INFO - Filling up the DagBag from /opt/airflow/dags/dag_airflow.py
[2025-02-20T19:30:33.257+0000] {processor.py:840} INFO - DAG(s) 'kafka_spark_postgres_pipeline' retrieved from /opt/airflow/dags/dag_airflow.py
[2025-02-20T19:30:33.306+0000] {logging_mixin.py:188} INFO - [2025-02-20T19:30:33.306+0000] {dag.py:3096} INFO - Sync 1 DAGs
[2025-02-20T19:30:33.349+0000] {logging_mixin.py:188} INFO - [2025-02-20T19:30:33.348+0000] {dag.py:3954} INFO - Setting next_dagrun for kafka_spark_postgres_pipeline to 2025-02-19 00:00:00+00:00, run_after=2025-02-20 00:00:00+00:00
[2025-02-20T19:30:33.374+0000] {processor.py:183} INFO - Processing /opt/airflow/dags/dag_airflow.py took 0.162 seconds
[2025-02-20T19:31:03.641+0000] {processor.py:161} INFO - Started process (PID=496) to work on /opt/airflow/dags/dag_airflow.py
[2025-02-20T19:31:03.642+0000] {processor.py:830} INFO - Processing file /opt/airflow/dags/dag_airflow.py for tasks to queue
[2025-02-20T19:31:03.646+0000] {logging_mixin.py:188} INFO - [2025-02-20T19:31:03.645+0000] {dagbag.py:545} INFO - Filling up the DagBag from /opt/airflow/dags/dag_airflow.py
[2025-02-20T19:31:03.677+0000] {processor.py:840} INFO - DAG(s) 'kafka_spark_postgres_pipeline' retrieved from /opt/airflow/dags/dag_airflow.py
[2025-02-20T19:31:03.724+0000] {logging_mixin.py:188} INFO - [2025-02-20T19:31:03.724+0000] {dag.py:3096} INFO - Sync 1 DAGs
[2025-02-20T19:31:03.761+0000] {logging_mixin.py:188} INFO - [2025-02-20T19:31:03.760+0000] {dag.py:3954} INFO - Setting next_dagrun for kafka_spark_postgres_pipeline to 2025-02-19 00:00:00+00:00, run_after=2025-02-20 00:00:00+00:00
[2025-02-20T19:31:03.786+0000] {processor.py:183} INFO - Processing /opt/airflow/dags/dag_airflow.py took 0.153 seconds
[2025-02-20T19:31:33.899+0000] {processor.py:161} INFO - Started process (PID=501) to work on /opt/airflow/dags/dag_airflow.py
[2025-02-20T19:31:33.900+0000] {processor.py:830} INFO - Processing file /opt/airflow/dags/dag_airflow.py for tasks to queue
[2025-02-20T19:31:33.902+0000] {logging_mixin.py:188} INFO - [2025-02-20T19:31:33.902+0000] {dagbag.py:545} INFO - Filling up the DagBag from /opt/airflow/dags/dag_airflow.py
[2025-02-20T19:31:33.930+0000] {processor.py:840} INFO - DAG(s) 'kafka_spark_postgres_pipeline' retrieved from /opt/airflow/dags/dag_airflow.py
[2025-02-20T19:31:33.972+0000] {logging_mixin.py:188} INFO - [2025-02-20T19:31:33.972+0000] {dag.py:3096} INFO - Sync 1 DAGs
[2025-02-20T19:31:34.001+0000] {logging_mixin.py:188} INFO - [2025-02-20T19:31:34.001+0000] {dag.py:3954} INFO - Setting next_dagrun for kafka_spark_postgres_pipeline to 2025-02-19 00:00:00+00:00, run_after=2025-02-20 00:00:00+00:00
[2025-02-20T19:31:34.022+0000] {processor.py:183} INFO - Processing /opt/airflow/dags/dag_airflow.py took 0.131 seconds
[2025-02-20T19:32:04.395+0000] {processor.py:161} INFO - Started process (PID=506) to work on /opt/airflow/dags/dag_airflow.py
[2025-02-20T19:32:04.396+0000] {processor.py:830} INFO - Processing file /opt/airflow/dags/dag_airflow.py for tasks to queue
[2025-02-20T19:32:04.401+0000] {logging_mixin.py:188} INFO - [2025-02-20T19:32:04.400+0000] {dagbag.py:545} INFO - Filling up the DagBag from /opt/airflow/dags/dag_airflow.py
[2025-02-20T19:32:04.431+0000] {processor.py:840} INFO - DAG(s) 'kafka_spark_postgres_pipeline' retrieved from /opt/airflow/dags/dag_airflow.py
[2025-02-20T19:32:04.472+0000] {logging_mixin.py:188} INFO - [2025-02-20T19:32:04.472+0000] {dag.py:3096} INFO - Sync 1 DAGs
[2025-02-20T19:32:04.499+0000] {logging_mixin.py:188} INFO - [2025-02-20T19:32:04.498+0000] {dag.py:3954} INFO - Setting next_dagrun for kafka_spark_postgres_pipeline to 2025-02-19 00:00:00+00:00, run_after=2025-02-20 00:00:00+00:00
[2025-02-20T19:32:04.521+0000] {processor.py:183} INFO - Processing /opt/airflow/dags/dag_airflow.py took 0.132 seconds
[2025-02-20T19:32:34.657+0000] {processor.py:161} INFO - Started process (PID=511) to work on /opt/airflow/dags/dag_airflow.py
[2025-02-20T19:32:34.658+0000] {processor.py:830} INFO - Processing file /opt/airflow/dags/dag_airflow.py for tasks to queue
[2025-02-20T19:32:34.661+0000] {logging_mixin.py:188} INFO - [2025-02-20T19:32:34.660+0000] {dagbag.py:545} INFO - Filling up the DagBag from /opt/airflow/dags/dag_airflow.py
[2025-02-20T19:32:34.686+0000] {processor.py:840} INFO - DAG(s) 'kafka_spark_postgres_pipeline' retrieved from /opt/airflow/dags/dag_airflow.py
[2025-02-20T19:32:34.720+0000] {logging_mixin.py:188} INFO - [2025-02-20T19:32:34.720+0000] {dag.py:3096} INFO - Sync 1 DAGs
[2025-02-20T19:32:34.750+0000] {logging_mixin.py:188} INFO - [2025-02-20T19:32:34.750+0000] {dag.py:3954} INFO - Setting next_dagrun for kafka_spark_postgres_pipeline to 2025-02-19 00:00:00+00:00, run_after=2025-02-20 00:00:00+00:00
[2025-02-20T19:32:34.774+0000] {processor.py:183} INFO - Processing /opt/airflow/dags/dag_airflow.py took 0.124 seconds
[2025-02-20T19:33:05.047+0000] {processor.py:161} INFO - Started process (PID=516) to work on /opt/airflow/dags/dag_airflow.py
[2025-02-20T19:33:05.048+0000] {processor.py:830} INFO - Processing file /opt/airflow/dags/dag_airflow.py for tasks to queue
[2025-02-20T19:33:05.050+0000] {logging_mixin.py:188} INFO - [2025-02-20T19:33:05.049+0000] {dagbag.py:545} INFO - Filling up the DagBag from /opt/airflow/dags/dag_airflow.py
[2025-02-20T19:33:05.071+0000] {processor.py:840} INFO - DAG(s) 'kafka_spark_postgres_pipeline' retrieved from /opt/airflow/dags/dag_airflow.py
[2025-02-20T19:33:05.106+0000] {logging_mixin.py:188} INFO - [2025-02-20T19:33:05.106+0000] {dag.py:3096} INFO - Sync 1 DAGs
[2025-02-20T19:33:05.135+0000] {logging_mixin.py:188} INFO - [2025-02-20T19:33:05.134+0000] {dag.py:3954} INFO - Setting next_dagrun for kafka_spark_postgres_pipeline to 2025-02-19 00:00:00+00:00, run_after=2025-02-20 00:00:00+00:00
[2025-02-20T19:33:05.166+0000] {processor.py:183} INFO - Processing /opt/airflow/dags/dag_airflow.py took 0.126 seconds
[2025-02-20T19:33:35.319+0000] {processor.py:161} INFO - Started process (PID=521) to work on /opt/airflow/dags/dag_airflow.py
[2025-02-20T19:33:35.320+0000] {processor.py:830} INFO - Processing file /opt/airflow/dags/dag_airflow.py for tasks to queue
[2025-02-20T19:33:35.322+0000] {logging_mixin.py:188} INFO - [2025-02-20T19:33:35.322+0000] {dagbag.py:545} INFO - Filling up the DagBag from /opt/airflow/dags/dag_airflow.py
[2025-02-20T19:33:35.348+0000] {processor.py:840} INFO - DAG(s) 'kafka_spark_postgres_pipeline' retrieved from /opt/airflow/dags/dag_airflow.py
[2025-02-20T19:33:35.384+0000] {logging_mixin.py:188} INFO - [2025-02-20T19:33:35.383+0000] {dag.py:3096} INFO - Sync 1 DAGs
[2025-02-20T19:33:35.410+0000] {logging_mixin.py:188} INFO - [2025-02-20T19:33:35.410+0000] {dag.py:3954} INFO - Setting next_dagrun for kafka_spark_postgres_pipeline to 2025-02-19 00:00:00+00:00, run_after=2025-02-20 00:00:00+00:00
[2025-02-20T19:33:35.433+0000] {processor.py:183} INFO - Processing /opt/airflow/dags/dag_airflow.py took 0.121 seconds
[2025-02-20T19:34:05.692+0000] {processor.py:161} INFO - Started process (PID=526) to work on /opt/airflow/dags/dag_airflow.py
[2025-02-20T19:34:05.693+0000] {processor.py:830} INFO - Processing file /opt/airflow/dags/dag_airflow.py for tasks to queue
[2025-02-20T19:34:05.695+0000] {logging_mixin.py:188} INFO - [2025-02-20T19:34:05.694+0000] {dagbag.py:545} INFO - Filling up the DagBag from /opt/airflow/dags/dag_airflow.py
[2025-02-20T19:34:05.731+0000] {processor.py:840} INFO - DAG(s) 'kafka_spark_postgres_pipeline' retrieved from /opt/airflow/dags/dag_airflow.py
[2025-02-20T19:34:05.769+0000] {logging_mixin.py:188} INFO - [2025-02-20T19:34:05.768+0000] {dag.py:3096} INFO - Sync 1 DAGs
[2025-02-20T19:34:05.798+0000] {logging_mixin.py:188} INFO - [2025-02-20T19:34:05.798+0000] {dag.py:3954} INFO - Setting next_dagrun for kafka_spark_postgres_pipeline to 2025-02-19 00:00:00+00:00, run_after=2025-02-20 00:00:00+00:00
[2025-02-20T19:34:05.823+0000] {processor.py:183} INFO - Processing /opt/airflow/dags/dag_airflow.py took 0.138 seconds
[2025-02-20T19:34:35.965+0000] {processor.py:161} INFO - Started process (PID=531) to work on /opt/airflow/dags/dag_airflow.py
[2025-02-20T19:34:35.966+0000] {processor.py:830} INFO - Processing file /opt/airflow/dags/dag_airflow.py for tasks to queue
[2025-02-20T19:34:35.968+0000] {logging_mixin.py:188} INFO - [2025-02-20T19:34:35.968+0000] {dagbag.py:545} INFO - Filling up the DagBag from /opt/airflow/dags/dag_airflow.py
[2025-02-20T19:34:35.995+0000] {processor.py:840} INFO - DAG(s) 'kafka_spark_postgres_pipeline' retrieved from /opt/airflow/dags/dag_airflow.py
[2025-02-20T19:34:36.042+0000] {logging_mixin.py:188} INFO - [2025-02-20T19:34:36.041+0000] {dag.py:3096} INFO - Sync 1 DAGs
[2025-02-20T19:34:36.094+0000] {logging_mixin.py:188} INFO - [2025-02-20T19:34:36.093+0000] {dag.py:3954} INFO - Setting next_dagrun for kafka_spark_postgres_pipeline to 2025-02-19 00:00:00+00:00, run_after=2025-02-20 00:00:00+00:00
[2025-02-20T19:34:36.135+0000] {processor.py:183} INFO - Processing /opt/airflow/dags/dag_airflow.py took 0.178 seconds
[2025-02-20T19:35:06.342+0000] {processor.py:161} INFO - Started process (PID=536) to work on /opt/airflow/dags/dag_airflow.py
[2025-02-20T19:35:06.343+0000] {processor.py:830} INFO - Processing file /opt/airflow/dags/dag_airflow.py for tasks to queue
[2025-02-20T19:35:06.344+0000] {logging_mixin.py:188} INFO - [2025-02-20T19:35:06.344+0000] {dagbag.py:545} INFO - Filling up the DagBag from /opt/airflow/dags/dag_airflow.py
[2025-02-20T19:35:06.367+0000] {processor.py:840} INFO - DAG(s) 'kafka_spark_postgres_pipeline' retrieved from /opt/airflow/dags/dag_airflow.py
[2025-02-20T19:35:06.407+0000] {logging_mixin.py:188} INFO - [2025-02-20T19:35:06.407+0000] {dag.py:3096} INFO - Sync 1 DAGs
[2025-02-20T19:35:06.436+0000] {logging_mixin.py:188} INFO - [2025-02-20T19:35:06.435+0000] {dag.py:3954} INFO - Setting next_dagrun for kafka_spark_postgres_pipeline to 2025-02-19 00:00:00+00:00, run_after=2025-02-20 00:00:00+00:00
[2025-02-20T19:35:06.460+0000] {processor.py:183} INFO - Processing /opt/airflow/dags/dag_airflow.py took 0.125 seconds
[2025-02-20T19:35:36.695+0000] {processor.py:161} INFO - Started process (PID=541) to work on /opt/airflow/dags/dag_airflow.py
[2025-02-20T19:35:36.696+0000] {processor.py:830} INFO - Processing file /opt/airflow/dags/dag_airflow.py for tasks to queue
[2025-02-20T19:35:36.698+0000] {logging_mixin.py:188} INFO - [2025-02-20T19:35:36.697+0000] {dagbag.py:545} INFO - Filling up the DagBag from /opt/airflow/dags/dag_airflow.py
[2025-02-20T19:35:36.722+0000] {processor.py:840} INFO - DAG(s) 'kafka_spark_postgres_pipeline' retrieved from /opt/airflow/dags/dag_airflow.py
[2025-02-20T19:35:36.756+0000] {logging_mixin.py:188} INFO - [2025-02-20T19:35:36.756+0000] {dag.py:3096} INFO - Sync 1 DAGs
[2025-02-20T19:35:36.791+0000] {logging_mixin.py:188} INFO - [2025-02-20T19:35:36.791+0000] {dag.py:3954} INFO - Setting next_dagrun for kafka_spark_postgres_pipeline to 2025-02-19 00:00:00+00:00, run_after=2025-02-20 00:00:00+00:00
[2025-02-20T19:35:36.814+0000] {processor.py:183} INFO - Processing /opt/airflow/dags/dag_airflow.py took 0.126 seconds
[2025-02-20T19:36:07.025+0000] {processor.py:161} INFO - Started process (PID=546) to work on /opt/airflow/dags/dag_airflow.py
[2025-02-20T19:36:07.026+0000] {processor.py:830} INFO - Processing file /opt/airflow/dags/dag_airflow.py for tasks to queue
[2025-02-20T19:36:07.033+0000] {logging_mixin.py:188} INFO - [2025-02-20T19:36:07.031+0000] {dagbag.py:545} INFO - Filling up the DagBag from /opt/airflow/dags/dag_airflow.py
[2025-02-20T19:36:07.092+0000] {processor.py:840} INFO - DAG(s) 'kafka_spark_postgres_pipeline' retrieved from /opt/airflow/dags/dag_airflow.py
[2025-02-20T19:36:07.147+0000] {logging_mixin.py:188} INFO - [2025-02-20T19:36:07.147+0000] {dag.py:3096} INFO - Sync 1 DAGs
[2025-02-20T19:36:07.200+0000] {logging_mixin.py:188} INFO - [2025-02-20T19:36:07.200+0000] {dag.py:3954} INFO - Setting next_dagrun for kafka_spark_postgres_pipeline to 2025-02-19 00:00:00+00:00, run_after=2025-02-20 00:00:00+00:00
[2025-02-20T19:36:07.230+0000] {processor.py:183} INFO - Processing /opt/airflow/dags/dag_airflow.py took 0.214 seconds
[2025-02-20T19:36:37.461+0000] {processor.py:161} INFO - Started process (PID=551) to work on /opt/airflow/dags/dag_airflow.py
[2025-02-20T19:36:37.463+0000] {processor.py:830} INFO - Processing file /opt/airflow/dags/dag_airflow.py for tasks to queue
[2025-02-20T19:36:37.466+0000] {logging_mixin.py:188} INFO - [2025-02-20T19:36:37.465+0000] {dagbag.py:545} INFO - Filling up the DagBag from /opt/airflow/dags/dag_airflow.py
[2025-02-20T19:36:37.492+0000] {processor.py:840} INFO - DAG(s) 'kafka_spark_postgres_pipeline' retrieved from /opt/airflow/dags/dag_airflow.py
[2025-02-20T19:36:37.530+0000] {logging_mixin.py:188} INFO - [2025-02-20T19:36:37.530+0000] {dag.py:3096} INFO - Sync 1 DAGs
[2025-02-20T19:36:37.557+0000] {logging_mixin.py:188} INFO - [2025-02-20T19:36:37.557+0000] {dag.py:3954} INFO - Setting next_dagrun for kafka_spark_postgres_pipeline to 2025-02-19 00:00:00+00:00, run_after=2025-02-20 00:00:00+00:00
[2025-02-20T19:36:37.583+0000] {processor.py:183} INFO - Processing /opt/airflow/dags/dag_airflow.py took 0.137 seconds
[2025-02-20T19:37:07.795+0000] {processor.py:161} INFO - Started process (PID=556) to work on /opt/airflow/dags/dag_airflow.py
[2025-02-20T19:37:07.797+0000] {processor.py:830} INFO - Processing file /opt/airflow/dags/dag_airflow.py for tasks to queue
[2025-02-20T19:37:07.799+0000] {logging_mixin.py:188} INFO - [2025-02-20T19:37:07.799+0000] {dagbag.py:545} INFO - Filling up the DagBag from /opt/airflow/dags/dag_airflow.py
[2025-02-20T19:37:07.826+0000] {processor.py:840} INFO - DAG(s) 'kafka_spark_postgres_pipeline' retrieved from /opt/airflow/dags/dag_airflow.py
[2025-02-20T19:37:07.876+0000] {logging_mixin.py:188} INFO - [2025-02-20T19:37:07.876+0000] {dag.py:3096} INFO - Sync 1 DAGs
[2025-02-20T19:37:07.907+0000] {logging_mixin.py:188} INFO - [2025-02-20T19:37:07.907+0000] {dag.py:3954} INFO - Setting next_dagrun for kafka_spark_postgres_pipeline to 2025-02-19 00:00:00+00:00, run_after=2025-02-20 00:00:00+00:00
[2025-02-20T19:37:07.936+0000] {processor.py:183} INFO - Processing /opt/airflow/dags/dag_airflow.py took 0.150 seconds
[2025-02-20T19:37:38.099+0000] {processor.py:161} INFO - Started process (PID=561) to work on /opt/airflow/dags/dag_airflow.py
[2025-02-20T19:37:38.100+0000] {processor.py:830} INFO - Processing file /opt/airflow/dags/dag_airflow.py for tasks to queue
[2025-02-20T19:37:38.103+0000] {logging_mixin.py:188} INFO - [2025-02-20T19:37:38.102+0000] {dagbag.py:545} INFO - Filling up the DagBag from /opt/airflow/dags/dag_airflow.py
[2025-02-20T19:37:38.132+0000] {processor.py:840} INFO - DAG(s) 'kafka_spark_postgres_pipeline' retrieved from /opt/airflow/dags/dag_airflow.py
[2025-02-20T19:37:38.167+0000] {logging_mixin.py:188} INFO - [2025-02-20T19:37:38.167+0000] {dag.py:3096} INFO - Sync 1 DAGs
[2025-02-20T19:37:38.204+0000] {logging_mixin.py:188} INFO - [2025-02-20T19:37:38.203+0000] {dag.py:3954} INFO - Setting next_dagrun for kafka_spark_postgres_pipeline to 2025-02-19 00:00:00+00:00, run_after=2025-02-20 00:00:00+00:00
[2025-02-20T19:37:38.227+0000] {processor.py:183} INFO - Processing /opt/airflow/dags/dag_airflow.py took 0.138 seconds
[2025-02-20T19:38:08.428+0000] {processor.py:161} INFO - Started process (PID=566) to work on /opt/airflow/dags/dag_airflow.py
[2025-02-20T19:38:08.429+0000] {processor.py:830} INFO - Processing file /opt/airflow/dags/dag_airflow.py for tasks to queue
[2025-02-20T19:38:08.433+0000] {logging_mixin.py:188} INFO - [2025-02-20T19:38:08.432+0000] {dagbag.py:545} INFO - Filling up the DagBag from /opt/airflow/dags/dag_airflow.py
[2025-02-20T19:38:08.466+0000] {processor.py:840} INFO - DAG(s) 'kafka_spark_postgres_pipeline' retrieved from /opt/airflow/dags/dag_airflow.py
[2025-02-20T19:38:08.503+0000] {logging_mixin.py:188} INFO - [2025-02-20T19:38:08.503+0000] {dag.py:3096} INFO - Sync 1 DAGs
[2025-02-20T19:38:08.531+0000] {logging_mixin.py:188} INFO - [2025-02-20T19:38:08.531+0000] {dag.py:3954} INFO - Setting next_dagrun for kafka_spark_postgres_pipeline to 2025-02-19 00:00:00+00:00, run_after=2025-02-20 00:00:00+00:00
[2025-02-20T19:38:08.562+0000] {processor.py:183} INFO - Processing /opt/airflow/dags/dag_airflow.py took 0.141 seconds
[2025-02-20T19:38:38.759+0000] {processor.py:161} INFO - Started process (PID=571) to work on /opt/airflow/dags/dag_airflow.py
[2025-02-20T19:38:38.760+0000] {processor.py:830} INFO - Processing file /opt/airflow/dags/dag_airflow.py for tasks to queue
[2025-02-20T19:38:38.763+0000] {logging_mixin.py:188} INFO - [2025-02-20T19:38:38.762+0000] {dagbag.py:545} INFO - Filling up the DagBag from /opt/airflow/dags/dag_airflow.py
[2025-02-20T19:38:38.788+0000] {processor.py:840} INFO - DAG(s) 'kafka_spark_postgres_pipeline' retrieved from /opt/airflow/dags/dag_airflow.py
[2025-02-20T19:38:38.823+0000] {logging_mixin.py:188} INFO - [2025-02-20T19:38:38.823+0000] {dag.py:3096} INFO - Sync 1 DAGs
[2025-02-20T19:38:38.851+0000] {logging_mixin.py:188} INFO - [2025-02-20T19:38:38.851+0000] {dag.py:3954} INFO - Setting next_dagrun for kafka_spark_postgres_pipeline to 2025-02-19 00:00:00+00:00, run_after=2025-02-20 00:00:00+00:00
[2025-02-20T19:38:38.880+0000] {processor.py:183} INFO - Processing /opt/airflow/dags/dag_airflow.py took 0.127 seconds
[2025-02-20T19:39:09.108+0000] {processor.py:161} INFO - Started process (PID=576) to work on /opt/airflow/dags/dag_airflow.py
[2025-02-20T19:39:09.109+0000] {processor.py:830} INFO - Processing file /opt/airflow/dags/dag_airflow.py for tasks to queue
[2025-02-20T19:39:09.112+0000] {logging_mixin.py:188} INFO - [2025-02-20T19:39:09.111+0000] {dagbag.py:545} INFO - Filling up the DagBag from /opt/airflow/dags/dag_airflow.py
[2025-02-20T19:39:09.143+0000] {processor.py:840} INFO - DAG(s) 'kafka_spark_postgres_pipeline' retrieved from /opt/airflow/dags/dag_airflow.py
[2025-02-20T19:39:09.187+0000] {logging_mixin.py:188} INFO - [2025-02-20T19:39:09.186+0000] {dag.py:3096} INFO - Sync 1 DAGs
[2025-02-20T19:39:09.218+0000] {logging_mixin.py:188} INFO - [2025-02-20T19:39:09.217+0000] {dag.py:3954} INFO - Setting next_dagrun for kafka_spark_postgres_pipeline to 2025-02-19 00:00:00+00:00, run_after=2025-02-20 00:00:00+00:00
[2025-02-20T19:39:09.265+0000] {processor.py:183} INFO - Processing /opt/airflow/dags/dag_airflow.py took 0.164 seconds
[2025-02-20T19:39:39.397+0000] {processor.py:161} INFO - Started process (PID=581) to work on /opt/airflow/dags/dag_airflow.py
[2025-02-20T19:39:39.398+0000] {processor.py:830} INFO - Processing file /opt/airflow/dags/dag_airflow.py for tasks to queue
[2025-02-20T19:39:39.400+0000] {logging_mixin.py:188} INFO - [2025-02-20T19:39:39.400+0000] {dagbag.py:545} INFO - Filling up the DagBag from /opt/airflow/dags/dag_airflow.py
[2025-02-20T19:39:39.426+0000] {processor.py:840} INFO - DAG(s) 'kafka_spark_postgres_pipeline' retrieved from /opt/airflow/dags/dag_airflow.py
[2025-02-20T19:39:39.462+0000] {logging_mixin.py:188} INFO - [2025-02-20T19:39:39.462+0000] {dag.py:3096} INFO - Sync 1 DAGs
[2025-02-20T19:39:39.489+0000] {logging_mixin.py:188} INFO - [2025-02-20T19:39:39.488+0000] {dag.py:3954} INFO - Setting next_dagrun for kafka_spark_postgres_pipeline to 2025-02-19 00:00:00+00:00, run_after=2025-02-20 00:00:00+00:00
[2025-02-20T19:39:39.519+0000] {processor.py:183} INFO - Processing /opt/airflow/dags/dag_airflow.py took 0.130 seconds
[2025-02-20T19:40:09.799+0000] {processor.py:161} INFO - Started process (PID=586) to work on /opt/airflow/dags/dag_airflow.py
[2025-02-20T19:40:09.800+0000] {processor.py:830} INFO - Processing file /opt/airflow/dags/dag_airflow.py for tasks to queue
[2025-02-20T19:40:09.802+0000] {logging_mixin.py:188} INFO - [2025-02-20T19:40:09.802+0000] {dagbag.py:545} INFO - Filling up the DagBag from /opt/airflow/dags/dag_airflow.py
[2025-02-20T19:40:09.834+0000] {processor.py:840} INFO - DAG(s) 'kafka_spark_postgres_pipeline' retrieved from /opt/airflow/dags/dag_airflow.py
[2025-02-20T19:40:09.882+0000] {logging_mixin.py:188} INFO - [2025-02-20T19:40:09.882+0000] {dag.py:3096} INFO - Sync 1 DAGs
[2025-02-20T19:40:09.928+0000] {logging_mixin.py:188} INFO - [2025-02-20T19:40:09.928+0000] {dag.py:3954} INFO - Setting next_dagrun for kafka_spark_postgres_pipeline to 2025-02-19 00:00:00+00:00, run_after=2025-02-20 00:00:00+00:00
[2025-02-20T19:40:09.954+0000] {processor.py:183} INFO - Processing /opt/airflow/dags/dag_airflow.py took 0.164 seconds
[2025-02-20T19:40:40.106+0000] {processor.py:161} INFO - Started process (PID=591) to work on /opt/airflow/dags/dag_airflow.py
[2025-02-20T19:40:40.108+0000] {processor.py:830} INFO - Processing file /opt/airflow/dags/dag_airflow.py for tasks to queue
[2025-02-20T19:40:40.110+0000] {logging_mixin.py:188} INFO - [2025-02-20T19:40:40.110+0000] {dagbag.py:545} INFO - Filling up the DagBag from /opt/airflow/dags/dag_airflow.py
[2025-02-20T19:40:40.139+0000] {processor.py:840} INFO - DAG(s) 'kafka_spark_postgres_pipeline' retrieved from /opt/airflow/dags/dag_airflow.py
[2025-02-20T19:40:40.180+0000] {logging_mixin.py:188} INFO - [2025-02-20T19:40:40.179+0000] {dag.py:3096} INFO - Sync 1 DAGs
[2025-02-20T19:40:40.258+0000] {logging_mixin.py:188} INFO - [2025-02-20T19:40:40.257+0000] {dag.py:3954} INFO - Setting next_dagrun for kafka_spark_postgres_pipeline to 2025-02-19 00:00:00+00:00, run_after=2025-02-20 00:00:00+00:00
[2025-02-20T19:40:40.383+0000] {processor.py:183} INFO - Processing /opt/airflow/dags/dag_airflow.py took 0.286 seconds
[2025-02-20T19:41:10.497+0000] {processor.py:161} INFO - Started process (PID=596) to work on /opt/airflow/dags/dag_airflow.py
[2025-02-20T19:41:10.498+0000] {processor.py:830} INFO - Processing file /opt/airflow/dags/dag_airflow.py for tasks to queue
[2025-02-20T19:41:10.500+0000] {logging_mixin.py:188} INFO - [2025-02-20T19:41:10.499+0000] {dagbag.py:545} INFO - Filling up the DagBag from /opt/airflow/dags/dag_airflow.py
[2025-02-20T19:41:10.614+0000] {processor.py:840} INFO - DAG(s) 'kafka_spark_postgres_pipeline' retrieved from /opt/airflow/dags/dag_airflow.py
[2025-02-20T19:41:11.113+0000] {logging_mixin.py:188} INFO - [2025-02-20T19:41:11.113+0000] {dag.py:3096} INFO - Sync 1 DAGs
[2025-02-20T19:41:11.229+0000] {logging_mixin.py:188} INFO - [2025-02-20T19:41:11.228+0000] {dag.py:3954} INFO - Setting next_dagrun for kafka_spark_postgres_pipeline to 2025-02-19 00:00:00+00:00, run_after=2025-02-20 00:00:00+00:00
[2025-02-20T19:41:11.315+0000] {processor.py:183} INFO - Processing /opt/airflow/dags/dag_airflow.py took 0.825 seconds
[2025-02-20T19:41:41.662+0000] {processor.py:161} INFO - Started process (PID=601) to work on /opt/airflow/dags/dag_airflow.py
[2025-02-20T19:41:41.663+0000] {processor.py:830} INFO - Processing file /opt/airflow/dags/dag_airflow.py for tasks to queue
[2025-02-20T19:41:41.666+0000] {logging_mixin.py:188} INFO - [2025-02-20T19:41:41.666+0000] {dagbag.py:545} INFO - Filling up the DagBag from /opt/airflow/dags/dag_airflow.py
[2025-02-20T19:41:41.708+0000] {processor.py:840} INFO - DAG(s) 'kafka_spark_postgres_pipeline' retrieved from /opt/airflow/dags/dag_airflow.py
[2025-02-20T19:41:41.758+0000] {logging_mixin.py:188} INFO - [2025-02-20T19:41:41.758+0000] {dag.py:3096} INFO - Sync 1 DAGs
[2025-02-20T19:41:41.803+0000] {logging_mixin.py:188} INFO - [2025-02-20T19:41:41.802+0000] {dag.py:3954} INFO - Setting next_dagrun for kafka_spark_postgres_pipeline to 2025-02-19 00:00:00+00:00, run_after=2025-02-20 00:00:00+00:00
[2025-02-20T19:41:41.835+0000] {processor.py:183} INFO - Processing /opt/airflow/dags/dag_airflow.py took 0.228 seconds
[2025-02-20T19:42:11.937+0000] {processor.py:161} INFO - Started process (PID=606) to work on /opt/airflow/dags/dag_airflow.py
[2025-02-20T19:42:11.938+0000] {processor.py:830} INFO - Processing file /opt/airflow/dags/dag_airflow.py for tasks to queue
[2025-02-20T19:42:11.941+0000] {logging_mixin.py:188} INFO - [2025-02-20T19:42:11.940+0000] {dagbag.py:545} INFO - Filling up the DagBag from /opt/airflow/dags/dag_airflow.py
[2025-02-20T19:42:11.967+0000] {processor.py:840} INFO - DAG(s) 'kafka_spark_postgres_pipeline' retrieved from /opt/airflow/dags/dag_airflow.py
[2025-02-20T19:42:12.003+0000] {logging_mixin.py:188} INFO - [2025-02-20T19:42:12.002+0000] {dag.py:3096} INFO - Sync 1 DAGs
[2025-02-20T19:42:12.033+0000] {logging_mixin.py:188} INFO - [2025-02-20T19:42:12.032+0000] {dag.py:3954} INFO - Setting next_dagrun for kafka_spark_postgres_pipeline to 2025-02-19 00:00:00+00:00, run_after=2025-02-20 00:00:00+00:00
[2025-02-20T19:42:12.064+0000] {processor.py:183} INFO - Processing /opt/airflow/dags/dag_airflow.py took 0.134 seconds
[2025-02-20T19:42:42.216+0000] {processor.py:161} INFO - Started process (PID=611) to work on /opt/airflow/dags/dag_airflow.py
[2025-02-20T19:42:42.217+0000] {processor.py:830} INFO - Processing file /opt/airflow/dags/dag_airflow.py for tasks to queue
[2025-02-20T19:42:42.219+0000] {logging_mixin.py:188} INFO - [2025-02-20T19:42:42.219+0000] {dagbag.py:545} INFO - Filling up the DagBag from /opt/airflow/dags/dag_airflow.py
[2025-02-20T19:42:42.252+0000] {processor.py:840} INFO - DAG(s) 'kafka_spark_postgres_pipeline' retrieved from /opt/airflow/dags/dag_airflow.py
[2025-02-20T19:42:42.293+0000] {logging_mixin.py:188} INFO - [2025-02-20T19:42:42.293+0000] {dag.py:3096} INFO - Sync 1 DAGs
[2025-02-20T19:42:42.323+0000] {logging_mixin.py:188} INFO - [2025-02-20T19:42:42.323+0000] {dag.py:3954} INFO - Setting next_dagrun for kafka_spark_postgres_pipeline to 2025-02-19 00:00:00+00:00, run_after=2025-02-20 00:00:00+00:00
[2025-02-20T19:42:42.351+0000] {processor.py:183} INFO - Processing /opt/airflow/dags/dag_airflow.py took 0.150 seconds
[2025-02-20T19:43:12.595+0000] {processor.py:161} INFO - Started process (PID=616) to work on /opt/airflow/dags/dag_airflow.py
[2025-02-20T19:43:12.597+0000] {processor.py:830} INFO - Processing file /opt/airflow/dags/dag_airflow.py for tasks to queue
[2025-02-20T19:43:12.598+0000] {logging_mixin.py:188} INFO - [2025-02-20T19:43:12.598+0000] {dagbag.py:545} INFO - Filling up the DagBag from /opt/airflow/dags/dag_airflow.py
[2025-02-20T19:43:12.621+0000] {processor.py:840} INFO - DAG(s) 'kafka_spark_postgres_pipeline' retrieved from /opt/airflow/dags/dag_airflow.py
[2025-02-20T19:43:12.670+0000] {logging_mixin.py:188} INFO - [2025-02-20T19:43:12.670+0000] {dag.py:3096} INFO - Sync 1 DAGs
[2025-02-20T19:43:12.697+0000] {logging_mixin.py:188} INFO - [2025-02-20T19:43:12.696+0000] {dag.py:3954} INFO - Setting next_dagrun for kafka_spark_postgres_pipeline to 2025-02-19 00:00:00+00:00, run_after=2025-02-20 00:00:00+00:00
[2025-02-20T19:43:12.718+0000] {processor.py:183} INFO - Processing /opt/airflow/dags/dag_airflow.py took 0.129 seconds
[2025-02-20T19:43:42.872+0000] {processor.py:161} INFO - Started process (PID=621) to work on /opt/airflow/dags/dag_airflow.py
[2025-02-20T19:43:42.874+0000] {processor.py:830} INFO - Processing file /opt/airflow/dags/dag_airflow.py for tasks to queue
[2025-02-20T19:43:42.877+0000] {logging_mixin.py:188} INFO - [2025-02-20T19:43:42.876+0000] {dagbag.py:545} INFO - Filling up the DagBag from /opt/airflow/dags/dag_airflow.py
[2025-02-20T19:43:42.901+0000] {processor.py:840} INFO - DAG(s) 'kafka_spark_postgres_pipeline' retrieved from /opt/airflow/dags/dag_airflow.py
[2025-02-20T19:43:42.936+0000] {logging_mixin.py:188} INFO - [2025-02-20T19:43:42.936+0000] {dag.py:3096} INFO - Sync 1 DAGs
[2025-02-20T19:43:42.963+0000] {logging_mixin.py:188} INFO - [2025-02-20T19:43:42.963+0000] {dag.py:3954} INFO - Setting next_dagrun for kafka_spark_postgres_pipeline to 2025-02-19 00:00:00+00:00, run_after=2025-02-20 00:00:00+00:00
[2025-02-20T19:43:42.984+0000] {processor.py:183} INFO - Processing /opt/airflow/dags/dag_airflow.py took 0.118 seconds
[2025-02-20T19:44:13.237+0000] {processor.py:161} INFO - Started process (PID=626) to work on /opt/airflow/dags/dag_airflow.py
[2025-02-20T19:44:13.239+0000] {processor.py:830} INFO - Processing file /opt/airflow/dags/dag_airflow.py for tasks to queue
[2025-02-20T19:44:13.241+0000] {logging_mixin.py:188} INFO - [2025-02-20T19:44:13.240+0000] {dagbag.py:545} INFO - Filling up the DagBag from /opt/airflow/dags/dag_airflow.py
[2025-02-20T19:44:13.269+0000] {processor.py:840} INFO - DAG(s) 'kafka_spark_postgres_pipeline' retrieved from /opt/airflow/dags/dag_airflow.py
[2025-02-20T19:44:13.302+0000] {logging_mixin.py:188} INFO - [2025-02-20T19:44:13.302+0000] {dag.py:3096} INFO - Sync 1 DAGs
[2025-02-20T19:44:13.328+0000] {logging_mixin.py:188} INFO - [2025-02-20T19:44:13.328+0000] {dag.py:3954} INFO - Setting next_dagrun for kafka_spark_postgres_pipeline to 2025-02-19 00:00:00+00:00, run_after=2025-02-20 00:00:00+00:00
[2025-02-20T19:44:13.350+0000] {processor.py:183} INFO - Processing /opt/airflow/dags/dag_airflow.py took 0.119 seconds
[2025-02-20T19:44:43.502+0000] {processor.py:161} INFO - Started process (PID=631) to work on /opt/airflow/dags/dag_airflow.py
[2025-02-20T19:44:43.503+0000] {processor.py:830} INFO - Processing file /opt/airflow/dags/dag_airflow.py for tasks to queue
[2025-02-20T19:44:43.506+0000] {logging_mixin.py:188} INFO - [2025-02-20T19:44:43.505+0000] {dagbag.py:545} INFO - Filling up the DagBag from /opt/airflow/dags/dag_airflow.py
[2025-02-20T19:44:43.534+0000] {processor.py:840} INFO - DAG(s) 'kafka_spark_postgres_pipeline' retrieved from /opt/airflow/dags/dag_airflow.py
[2025-02-20T19:44:43.579+0000] {logging_mixin.py:188} INFO - [2025-02-20T19:44:43.578+0000] {dag.py:3096} INFO - Sync 1 DAGs
[2025-02-20T19:44:43.607+0000] {logging_mixin.py:188} INFO - [2025-02-20T19:44:43.607+0000] {dag.py:3954} INFO - Setting next_dagrun for kafka_spark_postgres_pipeline to 2025-02-19 00:00:00+00:00, run_after=2025-02-20 00:00:00+00:00
[2025-02-20T19:44:43.630+0000] {processor.py:183} INFO - Processing /opt/airflow/dags/dag_airflow.py took 0.136 seconds
[2025-02-20T19:45:13.885+0000] {processor.py:161} INFO - Started process (PID=636) to work on /opt/airflow/dags/dag_airflow.py
[2025-02-20T19:45:13.887+0000] {processor.py:830} INFO - Processing file /opt/airflow/dags/dag_airflow.py for tasks to queue
[2025-02-20T19:45:13.889+0000] {logging_mixin.py:188} INFO - [2025-02-20T19:45:13.889+0000] {dagbag.py:545} INFO - Filling up the DagBag from /opt/airflow/dags/dag_airflow.py
[2025-02-20T19:45:13.918+0000] {processor.py:840} INFO - DAG(s) 'kafka_spark_postgres_pipeline' retrieved from /opt/airflow/dags/dag_airflow.py
[2025-02-20T19:45:13.965+0000] {logging_mixin.py:188} INFO - [2025-02-20T19:45:13.965+0000] {dag.py:3096} INFO - Sync 1 DAGs
[2025-02-20T19:45:13.992+0000] {logging_mixin.py:188} INFO - [2025-02-20T19:45:13.992+0000] {dag.py:3954} INFO - Setting next_dagrun for kafka_spark_postgres_pipeline to 2025-02-19 00:00:00+00:00, run_after=2025-02-20 00:00:00+00:00
[2025-02-20T19:45:14.017+0000] {processor.py:183} INFO - Processing /opt/airflow/dags/dag_airflow.py took 0.140 seconds
[2025-02-20T19:45:44.164+0000] {processor.py:161} INFO - Started process (PID=641) to work on /opt/airflow/dags/dag_airflow.py
[2025-02-20T19:45:44.165+0000] {processor.py:830} INFO - Processing file /opt/airflow/dags/dag_airflow.py for tasks to queue
[2025-02-20T19:45:44.167+0000] {logging_mixin.py:188} INFO - [2025-02-20T19:45:44.167+0000] {dagbag.py:545} INFO - Filling up the DagBag from /opt/airflow/dags/dag_airflow.py
[2025-02-20T19:45:44.200+0000] {processor.py:840} INFO - DAG(s) 'kafka_spark_postgres_pipeline' retrieved from /opt/airflow/dags/dag_airflow.py
[2025-02-20T19:45:44.237+0000] {logging_mixin.py:188} INFO - [2025-02-20T19:45:44.237+0000] {dag.py:3096} INFO - Sync 1 DAGs
[2025-02-20T19:45:44.264+0000] {logging_mixin.py:188} INFO - [2025-02-20T19:45:44.264+0000] {dag.py:3954} INFO - Setting next_dagrun for kafka_spark_postgres_pipeline to 2025-02-19 00:00:00+00:00, run_after=2025-02-20 00:00:00+00:00
[2025-02-20T19:45:44.286+0000] {processor.py:183} INFO - Processing /opt/airflow/dags/dag_airflow.py took 0.130 seconds
[2025-02-20T19:46:14.558+0000] {processor.py:161} INFO - Started process (PID=646) to work on /opt/airflow/dags/dag_airflow.py
[2025-02-20T19:46:14.559+0000] {processor.py:830} INFO - Processing file /opt/airflow/dags/dag_airflow.py for tasks to queue
[2025-02-20T19:46:14.561+0000] {logging_mixin.py:188} INFO - [2025-02-20T19:46:14.560+0000] {dagbag.py:545} INFO - Filling up the DagBag from /opt/airflow/dags/dag_airflow.py
[2025-02-20T19:46:14.590+0000] {processor.py:840} INFO - DAG(s) 'kafka_spark_postgres_pipeline' retrieved from /opt/airflow/dags/dag_airflow.py
[2025-02-20T19:46:14.625+0000] {logging_mixin.py:188} INFO - [2025-02-20T19:46:14.625+0000] {dag.py:3096} INFO - Sync 1 DAGs
[2025-02-20T19:46:14.651+0000] {logging_mixin.py:188} INFO - [2025-02-20T19:46:14.650+0000] {dag.py:3954} INFO - Setting next_dagrun for kafka_spark_postgres_pipeline to 2025-02-19 00:00:00+00:00, run_after=2025-02-20 00:00:00+00:00
[2025-02-20T19:46:14.675+0000] {processor.py:183} INFO - Processing /opt/airflow/dags/dag_airflow.py took 0.124 seconds
[2025-02-20T19:46:44.832+0000] {processor.py:161} INFO - Started process (PID=651) to work on /opt/airflow/dags/dag_airflow.py
[2025-02-20T19:46:44.834+0000] {processor.py:830} INFO - Processing file /opt/airflow/dags/dag_airflow.py for tasks to queue
[2025-02-20T19:46:44.836+0000] {logging_mixin.py:188} INFO - [2025-02-20T19:46:44.835+0000] {dagbag.py:545} INFO - Filling up the DagBag from /opt/airflow/dags/dag_airflow.py
[2025-02-20T19:46:44.863+0000] {processor.py:840} INFO - DAG(s) 'kafka_spark_postgres_pipeline' retrieved from /opt/airflow/dags/dag_airflow.py
[2025-02-20T19:46:44.899+0000] {logging_mixin.py:188} INFO - [2025-02-20T19:46:44.899+0000] {dag.py:3096} INFO - Sync 1 DAGs
[2025-02-20T19:46:44.926+0000] {logging_mixin.py:188} INFO - [2025-02-20T19:46:44.925+0000] {dag.py:3954} INFO - Setting next_dagrun for kafka_spark_postgres_pipeline to 2025-02-19 00:00:00+00:00, run_after=2025-02-20 00:00:00+00:00
[2025-02-20T19:46:44.950+0000] {processor.py:183} INFO - Processing /opt/airflow/dags/dag_airflow.py took 0.124 seconds
[2025-02-20T19:47:15.263+0000] {processor.py:161} INFO - Started process (PID=656) to work on /opt/airflow/dags/dag_airflow.py
[2025-02-20T19:47:15.264+0000] {processor.py:830} INFO - Processing file /opt/airflow/dags/dag_airflow.py for tasks to queue
[2025-02-20T19:47:15.267+0000] {logging_mixin.py:188} INFO - [2025-02-20T19:47:15.266+0000] {dagbag.py:545} INFO - Filling up the DagBag from /opt/airflow/dags/dag_airflow.py
[2025-02-20T19:47:15.299+0000] {processor.py:840} INFO - DAG(s) 'kafka_spark_postgres_pipeline' retrieved from /opt/airflow/dags/dag_airflow.py
[2025-02-20T19:47:15.339+0000] {logging_mixin.py:188} INFO - [2025-02-20T19:47:15.338+0000] {dag.py:3096} INFO - Sync 1 DAGs
[2025-02-20T19:47:15.366+0000] {logging_mixin.py:188} INFO - [2025-02-20T19:47:15.366+0000] {dag.py:3954} INFO - Setting next_dagrun for kafka_spark_postgres_pipeline to 2025-02-19 00:00:00+00:00, run_after=2025-02-20 00:00:00+00:00
[2025-02-20T19:47:15.394+0000] {processor.py:183} INFO - Processing /opt/airflow/dags/dag_airflow.py took 0.139 seconds
[2025-02-20T19:47:45.525+0000] {processor.py:161} INFO - Started process (PID=661) to work on /opt/airflow/dags/dag_airflow.py
[2025-02-20T19:47:45.527+0000] {processor.py:830} INFO - Processing file /opt/airflow/dags/dag_airflow.py for tasks to queue
[2025-02-20T19:47:45.530+0000] {logging_mixin.py:188} INFO - [2025-02-20T19:47:45.529+0000] {dagbag.py:545} INFO - Filling up the DagBag from /opt/airflow/dags/dag_airflow.py
[2025-02-20T19:47:45.559+0000] {processor.py:840} INFO - DAG(s) 'kafka_spark_postgres_pipeline' retrieved from /opt/airflow/dags/dag_airflow.py
[2025-02-20T19:47:45.593+0000] {logging_mixin.py:188} INFO - [2025-02-20T19:47:45.592+0000] {dag.py:3096} INFO - Sync 1 DAGs
[2025-02-20T19:47:45.620+0000] {logging_mixin.py:188} INFO - [2025-02-20T19:47:45.620+0000] {dag.py:3954} INFO - Setting next_dagrun for kafka_spark_postgres_pipeline to 2025-02-19 00:00:00+00:00, run_after=2025-02-20 00:00:00+00:00
[2025-02-20T19:47:45.643+0000] {processor.py:183} INFO - Processing /opt/airflow/dags/dag_airflow.py took 0.124 seconds
[2025-02-20T19:48:15.925+0000] {processor.py:161} INFO - Started process (PID=666) to work on /opt/airflow/dags/dag_airflow.py
[2025-02-20T19:48:15.926+0000] {processor.py:830} INFO - Processing file /opt/airflow/dags/dag_airflow.py for tasks to queue
[2025-02-20T19:48:15.928+0000] {logging_mixin.py:188} INFO - [2025-02-20T19:48:15.928+0000] {dagbag.py:545} INFO - Filling up the DagBag from /opt/airflow/dags/dag_airflow.py
[2025-02-20T19:48:15.966+0000] {processor.py:840} INFO - DAG(s) 'kafka_spark_postgres_pipeline' retrieved from /opt/airflow/dags/dag_airflow.py
[2025-02-20T19:48:16.009+0000] {logging_mixin.py:188} INFO - [2025-02-20T19:48:16.009+0000] {dag.py:3096} INFO - Sync 1 DAGs
[2025-02-20T19:48:16.043+0000] {logging_mixin.py:188} INFO - [2025-02-20T19:48:16.043+0000] {dag.py:3954} INFO - Setting next_dagrun for kafka_spark_postgres_pipeline to 2025-02-19 00:00:00+00:00, run_after=2025-02-20 00:00:00+00:00
[2025-02-20T19:48:16.071+0000] {processor.py:183} INFO - Processing /opt/airflow/dags/dag_airflow.py took 0.161 seconds
[2025-02-20T19:48:46.170+0000] {processor.py:161} INFO - Started process (PID=671) to work on /opt/airflow/dags/dag_airflow.py
[2025-02-20T19:48:46.171+0000] {processor.py:830} INFO - Processing file /opt/airflow/dags/dag_airflow.py for tasks to queue
[2025-02-20T19:48:46.173+0000] {logging_mixin.py:188} INFO - [2025-02-20T19:48:46.173+0000] {dagbag.py:545} INFO - Filling up the DagBag from /opt/airflow/dags/dag_airflow.py
[2025-02-20T19:48:46.210+0000] {processor.py:840} INFO - DAG(s) 'kafka_spark_postgres_pipeline' retrieved from /opt/airflow/dags/dag_airflow.py
[2025-02-20T19:48:46.245+0000] {logging_mixin.py:188} INFO - [2025-02-20T19:48:46.245+0000] {dag.py:3096} INFO - Sync 1 DAGs
[2025-02-20T19:48:46.271+0000] {logging_mixin.py:188} INFO - [2025-02-20T19:48:46.271+0000] {dag.py:3954} INFO - Setting next_dagrun for kafka_spark_postgres_pipeline to 2025-02-19 00:00:00+00:00, run_after=2025-02-20 00:00:00+00:00
[2025-02-20T19:48:46.294+0000] {processor.py:183} INFO - Processing /opt/airflow/dags/dag_airflow.py took 0.131 seconds
[2025-02-20T19:49:16.442+0000] {processor.py:161} INFO - Started process (PID=676) to work on /opt/airflow/dags/dag_airflow.py
[2025-02-20T19:49:16.444+0000] {processor.py:830} INFO - Processing file /opt/airflow/dags/dag_airflow.py for tasks to queue
[2025-02-20T19:49:16.452+0000] {logging_mixin.py:188} INFO - [2025-02-20T19:49:16.451+0000] {dagbag.py:545} INFO - Filling up the DagBag from /opt/airflow/dags/dag_airflow.py
[2025-02-20T19:49:16.476+0000] {processor.py:840} INFO - DAG(s) 'kafka_spark_postgres_pipeline' retrieved from /opt/airflow/dags/dag_airflow.py
[2025-02-20T19:49:16.513+0000] {logging_mixin.py:188} INFO - [2025-02-20T19:49:16.513+0000] {dag.py:3096} INFO - Sync 1 DAGs
[2025-02-20T19:49:16.539+0000] {logging_mixin.py:188} INFO - [2025-02-20T19:49:16.539+0000] {dag.py:3954} INFO - Setting next_dagrun for kafka_spark_postgres_pipeline to 2025-02-19 00:00:00+00:00, run_after=2025-02-20 00:00:00+00:00
[2025-02-20T19:49:16.562+0000] {processor.py:183} INFO - Processing /opt/airflow/dags/dag_airflow.py took 0.128 seconds
[2025-02-20T19:49:46.824+0000] {processor.py:161} INFO - Started process (PID=681) to work on /opt/airflow/dags/dag_airflow.py
[2025-02-20T19:49:46.826+0000] {processor.py:830} INFO - Processing file /opt/airflow/dags/dag_airflow.py for tasks to queue
[2025-02-20T19:49:46.828+0000] {logging_mixin.py:188} INFO - [2025-02-20T19:49:46.828+0000] {dagbag.py:545} INFO - Filling up the DagBag from /opt/airflow/dags/dag_airflow.py
[2025-02-20T19:49:46.858+0000] {processor.py:840} INFO - DAG(s) 'kafka_spark_postgres_pipeline' retrieved from /opt/airflow/dags/dag_airflow.py
[2025-02-20T19:49:46.916+0000] {logging_mixin.py:188} INFO - [2025-02-20T19:49:46.915+0000] {dag.py:3096} INFO - Sync 1 DAGs
[2025-02-20T19:49:46.947+0000] {logging_mixin.py:188} INFO - [2025-02-20T19:49:46.946+0000] {dag.py:3954} INFO - Setting next_dagrun for kafka_spark_postgres_pipeline to 2025-02-19 00:00:00+00:00, run_after=2025-02-20 00:00:00+00:00
[2025-02-20T19:49:46.971+0000] {processor.py:183} INFO - Processing /opt/airflow/dags/dag_airflow.py took 0.161 seconds
[2025-02-20T19:50:17.093+0000] {processor.py:161} INFO - Started process (PID=686) to work on /opt/airflow/dags/dag_airflow.py
[2025-02-20T19:50:17.095+0000] {processor.py:830} INFO - Processing file /opt/airflow/dags/dag_airflow.py for tasks to queue
[2025-02-20T19:50:17.097+0000] {logging_mixin.py:188} INFO - [2025-02-20T19:50:17.096+0000] {dagbag.py:545} INFO - Filling up the DagBag from /opt/airflow/dags/dag_airflow.py
[2025-02-20T19:50:17.133+0000] {processor.py:840} INFO - DAG(s) 'kafka_spark_postgres_pipeline' retrieved from /opt/airflow/dags/dag_airflow.py
[2025-02-20T19:50:17.210+0000] {logging_mixin.py:188} INFO - [2025-02-20T19:50:17.209+0000] {dag.py:3096} INFO - Sync 1 DAGs
[2025-02-20T19:50:17.253+0000] {logging_mixin.py:188} INFO - [2025-02-20T19:50:17.252+0000] {dag.py:3954} INFO - Setting next_dagrun for kafka_spark_postgres_pipeline to 2025-02-19 00:00:00+00:00, run_after=2025-02-20 00:00:00+00:00
[2025-02-20T19:50:17.275+0000] {processor.py:183} INFO - Processing /opt/airflow/dags/dag_airflow.py took 0.191 seconds
[2025-02-20T19:50:47.493+0000] {processor.py:161} INFO - Started process (PID=691) to work on /opt/airflow/dags/dag_airflow.py
[2025-02-20T19:50:47.494+0000] {processor.py:830} INFO - Processing file /opt/airflow/dags/dag_airflow.py for tasks to queue
[2025-02-20T19:50:47.497+0000] {logging_mixin.py:188} INFO - [2025-02-20T19:50:47.497+0000] {dagbag.py:545} INFO - Filling up the DagBag from /opt/airflow/dags/dag_airflow.py
[2025-02-20T19:50:47.527+0000] {processor.py:840} INFO - DAG(s) 'kafka_spark_postgres_pipeline' retrieved from /opt/airflow/dags/dag_airflow.py
[2025-02-20T19:50:47.570+0000] {logging_mixin.py:188} INFO - [2025-02-20T19:50:47.570+0000] {dag.py:3096} INFO - Sync 1 DAGs
[2025-02-20T19:50:47.602+0000] {logging_mixin.py:188} INFO - [2025-02-20T19:50:47.601+0000] {dag.py:3954} INFO - Setting next_dagrun for kafka_spark_postgres_pipeline to 2025-02-19 00:00:00+00:00, run_after=2025-02-20 00:00:00+00:00
[2025-02-20T19:50:47.625+0000] {processor.py:183} INFO - Processing /opt/airflow/dags/dag_airflow.py took 0.140 seconds
[2025-02-20T19:51:17.804+0000] {processor.py:161} INFO - Started process (PID=696) to work on /opt/airflow/dags/dag_airflow.py
[2025-02-20T19:51:17.805+0000] {processor.py:830} INFO - Processing file /opt/airflow/dags/dag_airflow.py for tasks to queue
[2025-02-20T19:51:17.807+0000] {logging_mixin.py:188} INFO - [2025-02-20T19:51:17.807+0000] {dagbag.py:545} INFO - Filling up the DagBag from /opt/airflow/dags/dag_airflow.py
[2025-02-20T19:51:17.828+0000] {processor.py:840} INFO - DAG(s) 'kafka_spark_postgres_pipeline' retrieved from /opt/airflow/dags/dag_airflow.py
[2025-02-20T19:51:17.865+0000] {logging_mixin.py:188} INFO - [2025-02-20T19:51:17.865+0000] {dag.py:3096} INFO - Sync 1 DAGs
[2025-02-20T19:51:17.892+0000] {logging_mixin.py:188} INFO - [2025-02-20T19:51:17.891+0000] {dag.py:3954} INFO - Setting next_dagrun for kafka_spark_postgres_pipeline to 2025-02-19 00:00:00+00:00, run_after=2025-02-20 00:00:00+00:00
[2025-02-20T19:51:17.916+0000] {processor.py:183} INFO - Processing /opt/airflow/dags/dag_airflow.py took 0.118 seconds
[2025-02-20T19:51:48.188+0000] {processor.py:161} INFO - Started process (PID=701) to work on /opt/airflow/dags/dag_airflow.py
[2025-02-20T19:51:48.190+0000] {processor.py:830} INFO - Processing file /opt/airflow/dags/dag_airflow.py for tasks to queue
[2025-02-20T19:51:48.192+0000] {logging_mixin.py:188} INFO - [2025-02-20T19:51:48.191+0000] {dagbag.py:545} INFO - Filling up the DagBag from /opt/airflow/dags/dag_airflow.py
[2025-02-20T19:51:48.216+0000] {processor.py:840} INFO - DAG(s) 'kafka_spark_postgres_pipeline' retrieved from /opt/airflow/dags/dag_airflow.py
[2025-02-20T19:51:48.250+0000] {logging_mixin.py:188} INFO - [2025-02-20T19:51:48.250+0000] {dag.py:3096} INFO - Sync 1 DAGs
[2025-02-20T19:51:48.276+0000] {logging_mixin.py:188} INFO - [2025-02-20T19:51:48.276+0000] {dag.py:3954} INFO - Setting next_dagrun for kafka_spark_postgres_pipeline to 2025-02-19 00:00:00+00:00, run_after=2025-02-20 00:00:00+00:00
[2025-02-20T19:51:48.299+0000] {processor.py:183} INFO - Processing /opt/airflow/dags/dag_airflow.py took 0.117 seconds
[2025-02-20T19:52:18.472+0000] {processor.py:161} INFO - Started process (PID=706) to work on /opt/airflow/dags/dag_airflow.py
[2025-02-20T19:52:18.474+0000] {processor.py:830} INFO - Processing file /opt/airflow/dags/dag_airflow.py for tasks to queue
[2025-02-20T19:52:18.476+0000] {logging_mixin.py:188} INFO - [2025-02-20T19:52:18.476+0000] {dagbag.py:545} INFO - Filling up the DagBag from /opt/airflow/dags/dag_airflow.py
[2025-02-20T19:52:18.504+0000] {processor.py:840} INFO - DAG(s) 'kafka_spark_postgres_pipeline' retrieved from /opt/airflow/dags/dag_airflow.py
[2025-02-20T19:52:18.556+0000] {logging_mixin.py:188} INFO - [2025-02-20T19:52:18.555+0000] {dag.py:3096} INFO - Sync 1 DAGs
[2025-02-20T19:52:18.591+0000] {logging_mixin.py:188} INFO - [2025-02-20T19:52:18.591+0000] {dag.py:3954} INFO - Setting next_dagrun for kafka_spark_postgres_pipeline to 2025-02-19 00:00:00+00:00, run_after=2025-02-20 00:00:00+00:00
[2025-02-20T19:52:18.618+0000] {processor.py:183} INFO - Processing /opt/airflow/dags/dag_airflow.py took 0.153 seconds
[2025-02-20T19:52:48.865+0000] {processor.py:161} INFO - Started process (PID=711) to work on /opt/airflow/dags/dag_airflow.py
[2025-02-20T19:52:48.866+0000] {processor.py:830} INFO - Processing file /opt/airflow/dags/dag_airflow.py for tasks to queue
[2025-02-20T19:52:48.869+0000] {logging_mixin.py:188} INFO - [2025-02-20T19:52:48.868+0000] {dagbag.py:545} INFO - Filling up the DagBag from /opt/airflow/dags/dag_airflow.py
[2025-02-20T19:52:48.889+0000] {processor.py:840} INFO - DAG(s) 'kafka_spark_postgres_pipeline' retrieved from /opt/airflow/dags/dag_airflow.py
[2025-02-20T19:52:48.923+0000] {logging_mixin.py:188} INFO - [2025-02-20T19:52:48.923+0000] {dag.py:3096} INFO - Sync 1 DAGs
[2025-02-20T19:52:48.950+0000] {logging_mixin.py:188} INFO - [2025-02-20T19:52:48.950+0000] {dag.py:3954} INFO - Setting next_dagrun for kafka_spark_postgres_pipeline to 2025-02-19 00:00:00+00:00, run_after=2025-02-20 00:00:00+00:00
[2025-02-20T19:52:48.973+0000] {processor.py:183} INFO - Processing /opt/airflow/dags/dag_airflow.py took 0.115 seconds
[2025-02-20T19:53:19.150+0000] {processor.py:161} INFO - Started process (PID=716) to work on /opt/airflow/dags/dag_airflow.py
[2025-02-20T19:53:19.151+0000] {processor.py:830} INFO - Processing file /opt/airflow/dags/dag_airflow.py for tasks to queue
[2025-02-20T19:53:19.153+0000] {logging_mixin.py:188} INFO - [2025-02-20T19:53:19.153+0000] {dagbag.py:545} INFO - Filling up the DagBag from /opt/airflow/dags/dag_airflow.py
[2025-02-20T19:53:19.185+0000] {processor.py:840} INFO - DAG(s) 'kafka_spark_postgres_pipeline' retrieved from /opt/airflow/dags/dag_airflow.py
[2025-02-20T19:53:19.220+0000] {logging_mixin.py:188} INFO - [2025-02-20T19:53:19.219+0000] {dag.py:3096} INFO - Sync 1 DAGs
[2025-02-20T19:53:19.247+0000] {logging_mixin.py:188} INFO - [2025-02-20T19:53:19.246+0000] {dag.py:3954} INFO - Setting next_dagrun for kafka_spark_postgres_pipeline to 2025-02-19 00:00:00+00:00, run_after=2025-02-20 00:00:00+00:00
[2025-02-20T19:53:19.270+0000] {processor.py:183} INFO - Processing /opt/airflow/dags/dag_airflow.py took 0.128 seconds
[2025-02-20T19:53:49.478+0000] {processor.py:161} INFO - Started process (PID=721) to work on /opt/airflow/dags/dag_airflow.py
[2025-02-20T19:53:49.479+0000] {processor.py:830} INFO - Processing file /opt/airflow/dags/dag_airflow.py for tasks to queue
[2025-02-20T19:53:49.481+0000] {logging_mixin.py:188} INFO - [2025-02-20T19:53:49.481+0000] {dagbag.py:545} INFO - Filling up the DagBag from /opt/airflow/dags/dag_airflow.py
[2025-02-20T19:53:49.507+0000] {processor.py:840} INFO - DAG(s) 'kafka_spark_postgres_pipeline' retrieved from /opt/airflow/dags/dag_airflow.py
[2025-02-20T19:53:49.541+0000] {logging_mixin.py:188} INFO - [2025-02-20T19:53:49.541+0000] {dag.py:3096} INFO - Sync 1 DAGs
[2025-02-20T19:53:49.568+0000] {logging_mixin.py:188} INFO - [2025-02-20T19:53:49.568+0000] {dag.py:3954} INFO - Setting next_dagrun for kafka_spark_postgres_pipeline to 2025-02-19 00:00:00+00:00, run_after=2025-02-20 00:00:00+00:00
[2025-02-20T19:53:49.591+0000] {processor.py:183} INFO - Processing /opt/airflow/dags/dag_airflow.py took 0.119 seconds
[2025-02-20T19:54:19.849+0000] {processor.py:161} INFO - Started process (PID=726) to work on /opt/airflow/dags/dag_airflow.py
[2025-02-20T19:54:19.851+0000] {processor.py:830} INFO - Processing file /opt/airflow/dags/dag_airflow.py for tasks to queue
[2025-02-20T19:54:19.853+0000] {logging_mixin.py:188} INFO - [2025-02-20T19:54:19.853+0000] {dagbag.py:545} INFO - Filling up the DagBag from /opt/airflow/dags/dag_airflow.py
[2025-02-20T19:54:19.895+0000] {processor.py:840} INFO - DAG(s) 'kafka_spark_postgres_pipeline' retrieved from /opt/airflow/dags/dag_airflow.py
[2025-02-20T19:54:19.936+0000] {logging_mixin.py:188} INFO - [2025-02-20T19:54:19.935+0000] {dag.py:3096} INFO - Sync 1 DAGs
[2025-02-20T19:54:19.993+0000] {logging_mixin.py:188} INFO - [2025-02-20T19:54:19.993+0000] {dag.py:3954} INFO - Setting next_dagrun for kafka_spark_postgres_pipeline to 2025-02-19 00:00:00+00:00, run_after=2025-02-20 00:00:00+00:00
[2025-02-20T19:54:20.023+0000] {processor.py:183} INFO - Processing /opt/airflow/dags/dag_airflow.py took 0.186 seconds
[2025-02-20T19:54:50.163+0000] {processor.py:161} INFO - Started process (PID=731) to work on /opt/airflow/dags/dag_airflow.py
[2025-02-20T19:54:50.164+0000] {processor.py:830} INFO - Processing file /opt/airflow/dags/dag_airflow.py for tasks to queue
[2025-02-20T19:54:50.166+0000] {logging_mixin.py:188} INFO - [2025-02-20T19:54:50.166+0000] {dagbag.py:545} INFO - Filling up the DagBag from /opt/airflow/dags/dag_airflow.py
[2025-02-20T19:54:50.191+0000] {processor.py:840} INFO - DAG(s) 'kafka_spark_postgres_pipeline' retrieved from /opt/airflow/dags/dag_airflow.py
[2025-02-20T19:54:50.227+0000] {logging_mixin.py:188} INFO - [2025-02-20T19:54:50.227+0000] {dag.py:3096} INFO - Sync 1 DAGs
[2025-02-20T19:54:50.252+0000] {logging_mixin.py:188} INFO - [2025-02-20T19:54:50.252+0000] {dag.py:3954} INFO - Setting next_dagrun for kafka_spark_postgres_pipeline to 2025-02-19 00:00:00+00:00, run_after=2025-02-20 00:00:00+00:00
[2025-02-20T19:54:50.275+0000] {processor.py:183} INFO - Processing /opt/airflow/dags/dag_airflow.py took 0.118 seconds
[2025-02-20T19:55:20.505+0000] {processor.py:161} INFO - Started process (PID=736) to work on /opt/airflow/dags/dag_airflow.py
[2025-02-20T19:55:20.506+0000] {processor.py:830} INFO - Processing file /opt/airflow/dags/dag_airflow.py for tasks to queue
[2025-02-20T19:55:20.508+0000] {logging_mixin.py:188} INFO - [2025-02-20T19:55:20.508+0000] {dagbag.py:545} INFO - Filling up the DagBag from /opt/airflow/dags/dag_airflow.py
[2025-02-20T19:55:20.535+0000] {processor.py:840} INFO - DAG(s) 'kafka_spark_postgres_pipeline' retrieved from /opt/airflow/dags/dag_airflow.py
[2025-02-20T19:55:20.571+0000] {logging_mixin.py:188} INFO - [2025-02-20T19:55:20.571+0000] {dag.py:3096} INFO - Sync 1 DAGs
[2025-02-20T19:55:20.599+0000] {logging_mixin.py:188} INFO - [2025-02-20T19:55:20.599+0000] {dag.py:3954} INFO - Setting next_dagrun for kafka_spark_postgres_pipeline to 2025-02-19 00:00:00+00:00, run_after=2025-02-20 00:00:00+00:00
[2025-02-20T19:55:20.623+0000] {processor.py:183} INFO - Processing /opt/airflow/dags/dag_airflow.py took 0.125 seconds
[2025-02-20T19:55:50.896+0000] {processor.py:161} INFO - Started process (PID=741) to work on /opt/airflow/dags/dag_airflow.py
[2025-02-20T19:55:50.897+0000] {processor.py:830} INFO - Processing file /opt/airflow/dags/dag_airflow.py for tasks to queue
[2025-02-20T19:55:50.899+0000] {logging_mixin.py:188} INFO - [2025-02-20T19:55:50.899+0000] {dagbag.py:545} INFO - Filling up the DagBag from /opt/airflow/dags/dag_airflow.py
[2025-02-20T19:55:50.932+0000] {processor.py:840} INFO - DAG(s) 'kafka_spark_postgres_pipeline' retrieved from /opt/airflow/dags/dag_airflow.py
[2025-02-20T19:55:50.967+0000] {logging_mixin.py:188} INFO - [2025-02-20T19:55:50.967+0000] {dag.py:3096} INFO - Sync 1 DAGs
[2025-02-20T19:55:50.992+0000] {logging_mixin.py:188} INFO - [2025-02-20T19:55:50.992+0000] {dag.py:3954} INFO - Setting next_dagrun for kafka_spark_postgres_pipeline to 2025-02-19 00:00:00+00:00, run_after=2025-02-20 00:00:00+00:00
[2025-02-20T19:55:51.017+0000] {processor.py:183} INFO - Processing /opt/airflow/dags/dag_airflow.py took 0.129 seconds
[2025-02-20T19:56:21.168+0000] {processor.py:161} INFO - Started process (PID=746) to work on /opt/airflow/dags/dag_airflow.py
[2025-02-20T19:56:21.169+0000] {processor.py:830} INFO - Processing file /opt/airflow/dags/dag_airflow.py for tasks to queue
[2025-02-20T19:56:21.173+0000] {logging_mixin.py:188} INFO - [2025-02-20T19:56:21.173+0000] {dagbag.py:545} INFO - Filling up the DagBag from /opt/airflow/dags/dag_airflow.py
[2025-02-20T19:56:21.353+0000] {processor.py:840} INFO - DAG(s) 'kafka_spark_postgres_pipeline' retrieved from /opt/airflow/dags/dag_airflow.py
[2025-02-20T19:56:21.461+0000] {logging_mixin.py:188} INFO - [2025-02-20T19:56:21.461+0000] {dag.py:3096} INFO - Sync 1 DAGs
[2025-02-20T19:56:21.490+0000] {logging_mixin.py:188} INFO - [2025-02-20T19:56:21.490+0000] {dag.py:3954} INFO - Setting next_dagrun for kafka_spark_postgres_pipeline to 2025-02-19 00:00:00+00:00, run_after=2025-02-20 00:00:00+00:00
[2025-02-20T19:56:21.514+0000] {processor.py:183} INFO - Processing /opt/airflow/dags/dag_airflow.py took 0.288 seconds
[2025-02-20T19:56:51.692+0000] {processor.py:161} INFO - Started process (PID=751) to work on /opt/airflow/dags/dag_airflow.py
[2025-02-20T19:56:51.693+0000] {processor.py:830} INFO - Processing file /opt/airflow/dags/dag_airflow.py for tasks to queue
[2025-02-20T19:56:51.695+0000] {logging_mixin.py:188} INFO - [2025-02-20T19:56:51.695+0000] {dagbag.py:545} INFO - Filling up the DagBag from /opt/airflow/dags/dag_airflow.py
[2025-02-20T19:56:51.720+0000] {processor.py:840} INFO - DAG(s) 'kafka_spark_postgres_pipeline' retrieved from /opt/airflow/dags/dag_airflow.py
[2025-02-20T19:56:51.758+0000] {logging_mixin.py:188} INFO - [2025-02-20T19:56:51.758+0000] {dag.py:3096} INFO - Sync 1 DAGs
[2025-02-20T19:56:51.785+0000] {logging_mixin.py:188} INFO - [2025-02-20T19:56:51.784+0000] {dag.py:3954} INFO - Setting next_dagrun for kafka_spark_postgres_pipeline to 2025-02-19 00:00:00+00:00, run_after=2025-02-20 00:00:00+00:00
[2025-02-20T19:56:51.807+0000] {processor.py:183} INFO - Processing /opt/airflow/dags/dag_airflow.py took 0.124 seconds
[2025-02-20T19:57:22.064+0000] {processor.py:161} INFO - Started process (PID=756) to work on /opt/airflow/dags/dag_airflow.py
[2025-02-20T19:57:22.065+0000] {processor.py:830} INFO - Processing file /opt/airflow/dags/dag_airflow.py for tasks to queue
[2025-02-20T19:57:22.068+0000] {logging_mixin.py:188} INFO - [2025-02-20T19:57:22.068+0000] {dagbag.py:545} INFO - Filling up the DagBag from /opt/airflow/dags/dag_airflow.py
[2025-02-20T19:57:22.094+0000] {processor.py:840} INFO - DAG(s) 'kafka_spark_postgres_pipeline' retrieved from /opt/airflow/dags/dag_airflow.py
[2025-02-20T19:57:22.132+0000] {logging_mixin.py:188} INFO - [2025-02-20T19:57:22.132+0000] {dag.py:3096} INFO - Sync 1 DAGs
[2025-02-20T19:57:22.158+0000] {logging_mixin.py:188} INFO - [2025-02-20T19:57:22.158+0000] {dag.py:3954} INFO - Setting next_dagrun for kafka_spark_postgres_pipeline to 2025-02-19 00:00:00+00:00, run_after=2025-02-20 00:00:00+00:00
[2025-02-20T19:57:22.179+0000] {processor.py:183} INFO - Processing /opt/airflow/dags/dag_airflow.py took 0.125 seconds
[2025-02-20T19:57:52.378+0000] {processor.py:161} INFO - Started process (PID=761) to work on /opt/airflow/dags/dag_airflow.py
[2025-02-20T19:57:52.379+0000] {processor.py:830} INFO - Processing file /opt/airflow/dags/dag_airflow.py for tasks to queue
[2025-02-20T19:57:52.382+0000] {logging_mixin.py:188} INFO - [2025-02-20T19:57:52.382+0000] {dagbag.py:545} INFO - Filling up the DagBag from /opt/airflow/dags/dag_airflow.py
[2025-02-20T19:57:52.417+0000] {processor.py:840} INFO - DAG(s) 'kafka_spark_postgres_pipeline' retrieved from /opt/airflow/dags/dag_airflow.py
[2025-02-20T19:57:52.462+0000] {logging_mixin.py:188} INFO - [2025-02-20T19:57:52.462+0000] {dag.py:3096} INFO - Sync 1 DAGs
[2025-02-20T19:57:52.493+0000] {logging_mixin.py:188} INFO - [2025-02-20T19:57:52.493+0000] {dag.py:3954} INFO - Setting next_dagrun for kafka_spark_postgres_pipeline to 2025-02-19 00:00:00+00:00, run_after=2025-02-20 00:00:00+00:00
[2025-02-20T19:57:52.527+0000] {processor.py:183} INFO - Processing /opt/airflow/dags/dag_airflow.py took 0.160 seconds
[2025-02-20T19:58:22.720+0000] {processor.py:161} INFO - Started process (PID=766) to work on /opt/airflow/dags/dag_airflow.py
[2025-02-20T19:58:22.721+0000] {processor.py:830} INFO - Processing file /opt/airflow/dags/dag_airflow.py for tasks to queue
[2025-02-20T19:58:22.723+0000] {logging_mixin.py:188} INFO - [2025-02-20T19:58:22.723+0000] {dagbag.py:545} INFO - Filling up the DagBag from /opt/airflow/dags/dag_airflow.py
[2025-02-20T19:58:22.763+0000] {processor.py:840} INFO - DAG(s) 'kafka_spark_postgres_pipeline' retrieved from /opt/airflow/dags/dag_airflow.py
[2025-02-20T19:58:22.800+0000] {logging_mixin.py:188} INFO - [2025-02-20T19:58:22.800+0000] {dag.py:3096} INFO - Sync 1 DAGs
[2025-02-20T19:58:22.831+0000] {logging_mixin.py:188} INFO - [2025-02-20T19:58:22.830+0000] {dag.py:3954} INFO - Setting next_dagrun for kafka_spark_postgres_pipeline to 2025-02-19 00:00:00+00:00, run_after=2025-02-20 00:00:00+00:00
[2025-02-20T19:58:22.852+0000] {processor.py:183} INFO - Processing /opt/airflow/dags/dag_airflow.py took 0.139 seconds
[2025-02-20T19:58:53.085+0000] {processor.py:161} INFO - Started process (PID=771) to work on /opt/airflow/dags/dag_airflow.py
[2025-02-20T19:58:53.086+0000] {processor.py:830} INFO - Processing file /opt/airflow/dags/dag_airflow.py for tasks to queue
[2025-02-20T19:58:53.088+0000] {logging_mixin.py:188} INFO - [2025-02-20T19:58:53.088+0000] {dagbag.py:545} INFO - Filling up the DagBag from /opt/airflow/dags/dag_airflow.py
[2025-02-20T19:58:53.110+0000] {processor.py:840} INFO - DAG(s) 'kafka_spark_postgres_pipeline' retrieved from /opt/airflow/dags/dag_airflow.py
[2025-02-20T19:58:53.145+0000] {logging_mixin.py:188} INFO - [2025-02-20T19:58:53.145+0000] {dag.py:3096} INFO - Sync 1 DAGs
[2025-02-20T19:58:53.179+0000] {logging_mixin.py:188} INFO - [2025-02-20T19:58:53.179+0000] {dag.py:3954} INFO - Setting next_dagrun for kafka_spark_postgres_pipeline to 2025-02-19 00:00:00+00:00, run_after=2025-02-20 00:00:00+00:00
[2025-02-20T19:58:53.205+0000] {processor.py:183} INFO - Processing /opt/airflow/dags/dag_airflow.py took 0.128 seconds
[2025-02-20T19:59:23.370+0000] {processor.py:161} INFO - Started process (PID=776) to work on /opt/airflow/dags/dag_airflow.py
[2025-02-20T19:59:23.371+0000] {processor.py:830} INFO - Processing file /opt/airflow/dags/dag_airflow.py for tasks to queue
[2025-02-20T19:59:23.373+0000] {logging_mixin.py:188} INFO - [2025-02-20T19:59:23.373+0000] {dagbag.py:545} INFO - Filling up the DagBag from /opt/airflow/dags/dag_airflow.py
[2025-02-20T19:59:23.398+0000] {processor.py:840} INFO - DAG(s) 'kafka_spark_postgres_pipeline' retrieved from /opt/airflow/dags/dag_airflow.py
[2025-02-20T19:59:23.435+0000] {logging_mixin.py:188} INFO - [2025-02-20T19:59:23.435+0000] {dag.py:3096} INFO - Sync 1 DAGs
[2025-02-20T19:59:23.462+0000] {logging_mixin.py:188} INFO - [2025-02-20T19:59:23.462+0000] {dag.py:3954} INFO - Setting next_dagrun for kafka_spark_postgres_pipeline to 2025-02-19 00:00:00+00:00, run_after=2025-02-20 00:00:00+00:00
[2025-02-20T19:59:23.484+0000] {processor.py:183} INFO - Processing /opt/airflow/dags/dag_airflow.py took 0.121 seconds
[2025-02-20T19:59:53.783+0000] {processor.py:161} INFO - Started process (PID=781) to work on /opt/airflow/dags/dag_airflow.py
[2025-02-20T19:59:53.784+0000] {processor.py:830} INFO - Processing file /opt/airflow/dags/dag_airflow.py for tasks to queue
[2025-02-20T19:59:53.788+0000] {logging_mixin.py:188} INFO - [2025-02-20T19:59:53.787+0000] {dagbag.py:545} INFO - Filling up the DagBag from /opt/airflow/dags/dag_airflow.py
[2025-02-20T19:59:53.819+0000] {processor.py:840} INFO - DAG(s) 'kafka_spark_postgres_pipeline' retrieved from /opt/airflow/dags/dag_airflow.py
[2025-02-20T19:59:53.852+0000] {logging_mixin.py:188} INFO - [2025-02-20T19:59:53.852+0000] {dag.py:3096} INFO - Sync 1 DAGs
[2025-02-20T19:59:53.882+0000] {logging_mixin.py:188} INFO - [2025-02-20T19:59:53.881+0000] {dag.py:3954} INFO - Setting next_dagrun for kafka_spark_postgres_pipeline to 2025-02-19 00:00:00+00:00, run_after=2025-02-20 00:00:00+00:00
[2025-02-20T19:59:53.906+0000] {processor.py:183} INFO - Processing /opt/airflow/dags/dag_airflow.py took 0.130 seconds
[2025-02-20T20:00:24.062+0000] {processor.py:161} INFO - Started process (PID=786) to work on /opt/airflow/dags/dag_airflow.py
[2025-02-20T20:00:24.063+0000] {processor.py:830} INFO - Processing file /opt/airflow/dags/dag_airflow.py for tasks to queue
[2025-02-20T20:00:24.065+0000] {logging_mixin.py:188} INFO - [2025-02-20T20:00:24.064+0000] {dagbag.py:545} INFO - Filling up the DagBag from /opt/airflow/dags/dag_airflow.py
[2025-02-20T20:00:24.087+0000] {processor.py:840} INFO - DAG(s) 'kafka_spark_postgres_pipeline' retrieved from /opt/airflow/dags/dag_airflow.py
[2025-02-20T20:00:24.123+0000] {logging_mixin.py:188} INFO - [2025-02-20T20:00:24.123+0000] {dag.py:3096} INFO - Sync 1 DAGs
[2025-02-20T20:00:24.150+0000] {logging_mixin.py:188} INFO - [2025-02-20T20:00:24.150+0000] {dag.py:3954} INFO - Setting next_dagrun for kafka_spark_postgres_pipeline to 2025-02-19 00:00:00+00:00, run_after=2025-02-20 00:00:00+00:00
[2025-02-20T20:00:24.175+0000] {processor.py:183} INFO - Processing /opt/airflow/dags/dag_airflow.py took 0.120 seconds
[2025-02-20T20:00:54.608+0000] {processor.py:161} INFO - Started process (PID=791) to work on /opt/airflow/dags/dag_airflow.py
[2025-02-20T20:00:54.609+0000] {processor.py:830} INFO - Processing file /opt/airflow/dags/dag_airflow.py for tasks to queue
[2025-02-20T20:00:54.612+0000] {logging_mixin.py:188} INFO - [2025-02-20T20:00:54.611+0000] {dagbag.py:545} INFO - Filling up the DagBag from /opt/airflow/dags/dag_airflow.py
[2025-02-20T20:00:54.635+0000] {processor.py:840} INFO - DAG(s) 'kafka_spark_postgres_pipeline' retrieved from /opt/airflow/dags/dag_airflow.py
[2025-02-20T20:00:54.673+0000] {logging_mixin.py:188} INFO - [2025-02-20T20:00:54.672+0000] {dag.py:3096} INFO - Sync 1 DAGs
[2025-02-20T20:00:54.697+0000] {logging_mixin.py:188} INFO - [2025-02-20T20:00:54.697+0000] {dag.py:3954} INFO - Setting next_dagrun for kafka_spark_postgres_pipeline to 2025-02-19 00:00:00+00:00, run_after=2025-02-20 00:00:00+00:00
[2025-02-20T20:00:54.718+0000] {processor.py:183} INFO - Processing /opt/airflow/dags/dag_airflow.py took 0.117 seconds
[2025-02-20T20:01:25.091+0000] {processor.py:161} INFO - Started process (PID=796) to work on /opt/airflow/dags/dag_airflow.py
[2025-02-20T20:01:25.093+0000] {processor.py:830} INFO - Processing file /opt/airflow/dags/dag_airflow.py for tasks to queue
[2025-02-20T20:01:25.095+0000] {logging_mixin.py:188} INFO - [2025-02-20T20:01:25.095+0000] {dagbag.py:545} INFO - Filling up the DagBag from /opt/airflow/dags/dag_airflow.py
[2025-02-20T20:01:25.121+0000] {processor.py:840} INFO - DAG(s) 'kafka_spark_postgres_pipeline' retrieved from /opt/airflow/dags/dag_airflow.py
[2025-02-20T20:01:25.156+0000] {logging_mixin.py:188} INFO - [2025-02-20T20:01:25.155+0000] {dag.py:3096} INFO - Sync 1 DAGs
[2025-02-20T20:01:25.180+0000] {logging_mixin.py:188} INFO - [2025-02-20T20:01:25.179+0000] {dag.py:3954} INFO - Setting next_dagrun for kafka_spark_postgres_pipeline to 2025-02-19 00:00:00+00:00, run_after=2025-02-20 00:00:00+00:00
[2025-02-20T20:01:25.201+0000] {processor.py:183} INFO - Processing /opt/airflow/dags/dag_airflow.py took 0.118 seconds
[2025-02-20T20:01:55.668+0000] {processor.py:161} INFO - Started process (PID=801) to work on /opt/airflow/dags/dag_airflow.py
[2025-02-20T20:01:55.669+0000] {processor.py:830} INFO - Processing file /opt/airflow/dags/dag_airflow.py for tasks to queue
[2025-02-20T20:01:55.671+0000] {logging_mixin.py:188} INFO - [2025-02-20T20:01:55.671+0000] {dagbag.py:545} INFO - Filling up the DagBag from /opt/airflow/dags/dag_airflow.py
[2025-02-20T20:01:55.695+0000] {processor.py:840} INFO - DAG(s) 'kafka_spark_postgres_pipeline' retrieved from /opt/airflow/dags/dag_airflow.py
[2025-02-20T20:01:55.730+0000] {logging_mixin.py:188} INFO - [2025-02-20T20:01:55.730+0000] {dag.py:3096} INFO - Sync 1 DAGs
[2025-02-20T20:01:55.753+0000] {logging_mixin.py:188} INFO - [2025-02-20T20:01:55.753+0000] {dag.py:3954} INFO - Setting next_dagrun for kafka_spark_postgres_pipeline to 2025-02-19 00:00:00+00:00, run_after=2025-02-20 00:00:00+00:00
[2025-02-20T20:01:55.773+0000] {processor.py:183} INFO - Processing /opt/airflow/dags/dag_airflow.py took 0.112 seconds
[2025-02-20T20:02:26.116+0000] {processor.py:161} INFO - Started process (PID=806) to work on /opt/airflow/dags/dag_airflow.py
[2025-02-20T20:02:26.117+0000] {processor.py:830} INFO - Processing file /opt/airflow/dags/dag_airflow.py for tasks to queue
[2025-02-20T20:02:26.119+0000] {logging_mixin.py:188} INFO - [2025-02-20T20:02:26.119+0000] {dagbag.py:545} INFO - Filling up the DagBag from /opt/airflow/dags/dag_airflow.py
[2025-02-20T20:02:26.144+0000] {processor.py:840} INFO - DAG(s) 'kafka_spark_postgres_pipeline' retrieved from /opt/airflow/dags/dag_airflow.py
[2025-02-20T20:02:26.178+0000] {logging_mixin.py:188} INFO - [2025-02-20T20:02:26.177+0000] {dag.py:3096} INFO - Sync 1 DAGs
[2025-02-20T20:02:26.200+0000] {logging_mixin.py:188} INFO - [2025-02-20T20:02:26.200+0000] {dag.py:3954} INFO - Setting next_dagrun for kafka_spark_postgres_pipeline to 2025-02-19 00:00:00+00:00, run_after=2025-02-20 00:00:00+00:00
[2025-02-20T20:02:26.222+0000] {processor.py:183} INFO - Processing /opt/airflow/dags/dag_airflow.py took 0.112 seconds
[2025-02-20T20:02:56.568+0000] {processor.py:161} INFO - Started process (PID=811) to work on /opt/airflow/dags/dag_airflow.py
[2025-02-20T20:02:56.569+0000] {processor.py:830} INFO - Processing file /opt/airflow/dags/dag_airflow.py for tasks to queue
[2025-02-20T20:02:56.572+0000] {logging_mixin.py:188} INFO - [2025-02-20T20:02:56.571+0000] {dagbag.py:545} INFO - Filling up the DagBag from /opt/airflow/dags/dag_airflow.py
[2025-02-20T20:02:56.603+0000] {processor.py:840} INFO - DAG(s) 'kafka_spark_postgres_pipeline' retrieved from /opt/airflow/dags/dag_airflow.py
[2025-02-20T20:02:56.648+0000] {logging_mixin.py:188} INFO - [2025-02-20T20:02:56.647+0000] {dag.py:3096} INFO - Sync 1 DAGs
[2025-02-20T20:02:56.681+0000] {logging_mixin.py:188} INFO - [2025-02-20T20:02:56.680+0000] {dag.py:3954} INFO - Setting next_dagrun for kafka_spark_postgres_pipeline to 2025-02-19 00:00:00+00:00, run_after=2025-02-20 00:00:00+00:00
[2025-02-20T20:02:56.713+0000] {processor.py:183} INFO - Processing /opt/airflow/dags/dag_airflow.py took 0.151 seconds
[2025-02-20T20:03:26.829+0000] {processor.py:161} INFO - Started process (PID=816) to work on /opt/airflow/dags/dag_airflow.py
[2025-02-20T20:03:26.830+0000] {processor.py:830} INFO - Processing file /opt/airflow/dags/dag_airflow.py for tasks to queue
[2025-02-20T20:03:26.832+0000] {logging_mixin.py:188} INFO - [2025-02-20T20:03:26.832+0000] {dagbag.py:545} INFO - Filling up the DagBag from /opt/airflow/dags/dag_airflow.py
[2025-02-20T20:03:26.931+0000] {processor.py:840} INFO - DAG(s) 'kafka_spark_postgres_pipeline' retrieved from /opt/airflow/dags/dag_airflow.py
[2025-02-20T20:03:27.055+0000] {logging_mixin.py:188} INFO - [2025-02-20T20:03:27.054+0000] {dag.py:3096} INFO - Sync 1 DAGs
[2025-02-20T20:03:27.085+0000] {logging_mixin.py:188} INFO - [2025-02-20T20:03:27.085+0000] {dag.py:3954} INFO - Setting next_dagrun for kafka_spark_postgres_pipeline to 2025-02-19 00:00:00+00:00, run_after=2025-02-20 00:00:00+00:00
[2025-02-20T20:03:27.111+0000] {processor.py:183} INFO - Processing /opt/airflow/dags/dag_airflow.py took 0.288 seconds
[2025-02-20T20:03:57.325+0000] {processor.py:161} INFO - Started process (PID=821) to work on /opt/airflow/dags/dag_airflow.py
[2025-02-20T20:03:57.349+0000] {processor.py:830} INFO - Processing file /opt/airflow/dags/dag_airflow.py for tasks to queue
[2025-02-20T20:03:57.352+0000] {logging_mixin.py:188} INFO - [2025-02-20T20:03:57.351+0000] {dagbag.py:545} INFO - Filling up the DagBag from /opt/airflow/dags/dag_airflow.py
[2025-02-20T20:03:57.392+0000] {processor.py:840} INFO - DAG(s) 'kafka_spark_postgres_pipeline' retrieved from /opt/airflow/dags/dag_airflow.py
[2025-02-20T20:03:57.462+0000] {logging_mixin.py:188} INFO - [2025-02-20T20:03:57.462+0000] {dag.py:3096} INFO - Sync 1 DAGs
[2025-02-20T20:03:57.520+0000] {logging_mixin.py:188} INFO - [2025-02-20T20:03:57.519+0000] {dag.py:3954} INFO - Setting next_dagrun for kafka_spark_postgres_pipeline to 2025-02-19 00:00:00+00:00, run_after=2025-02-20 00:00:00+00:00
[2025-02-20T20:03:57.561+0000] {processor.py:183} INFO - Processing /opt/airflow/dags/dag_airflow.py took 0.247 seconds
[2025-02-20T20:04:27.661+0000] {processor.py:161} INFO - Started process (PID=826) to work on /opt/airflow/dags/dag_airflow.py
[2025-02-20T20:04:27.663+0000] {processor.py:830} INFO - Processing file /opt/airflow/dags/dag_airflow.py for tasks to queue
[2025-02-20T20:04:27.665+0000] {logging_mixin.py:188} INFO - [2025-02-20T20:04:27.665+0000] {dagbag.py:545} INFO - Filling up the DagBag from /opt/airflow/dags/dag_airflow.py
[2025-02-20T20:04:27.694+0000] {processor.py:840} INFO - DAG(s) 'kafka_spark_postgres_pipeline' retrieved from /opt/airflow/dags/dag_airflow.py
[2025-02-20T20:04:27.744+0000] {logging_mixin.py:188} INFO - [2025-02-20T20:04:27.744+0000] {dag.py:3096} INFO - Sync 1 DAGs
[2025-02-20T20:04:27.773+0000] {logging_mixin.py:188} INFO - [2025-02-20T20:04:27.772+0000] {dag.py:3954} INFO - Setting next_dagrun for kafka_spark_postgres_pipeline to 2025-02-19 00:00:00+00:00, run_after=2025-02-20 00:00:00+00:00
[2025-02-20T20:04:27.794+0000] {processor.py:183} INFO - Processing /opt/airflow/dags/dag_airflow.py took 0.143 seconds
[2025-02-20T20:04:57.955+0000] {processor.py:161} INFO - Started process (PID=831) to work on /opt/airflow/dags/dag_airflow.py
[2025-02-20T20:04:57.956+0000] {processor.py:830} INFO - Processing file /opt/airflow/dags/dag_airflow.py for tasks to queue
[2025-02-20T20:04:57.958+0000] {logging_mixin.py:188} INFO - [2025-02-20T20:04:57.958+0000] {dagbag.py:545} INFO - Filling up the DagBag from /opt/airflow/dags/dag_airflow.py
[2025-02-20T20:04:57.982+0000] {processor.py:840} INFO - DAG(s) 'kafka_spark_postgres_pipeline' retrieved from /opt/airflow/dags/dag_airflow.py
[2025-02-20T20:04:58.022+0000] {logging_mixin.py:188} INFO - [2025-02-20T20:04:58.022+0000] {dag.py:3096} INFO - Sync 1 DAGs
[2025-02-20T20:04:58.048+0000] {logging_mixin.py:188} INFO - [2025-02-20T20:04:58.048+0000] {dag.py:3954} INFO - Setting next_dagrun for kafka_spark_postgres_pipeline to 2025-02-19 00:00:00+00:00, run_after=2025-02-20 00:00:00+00:00
[2025-02-20T20:04:58.072+0000] {processor.py:183} INFO - Processing /opt/airflow/dags/dag_airflow.py took 0.124 seconds
[2025-02-20T20:05:28.346+0000] {processor.py:161} INFO - Started process (PID=836) to work on /opt/airflow/dags/dag_airflow.py
[2025-02-20T20:05:28.347+0000] {processor.py:830} INFO - Processing file /opt/airflow/dags/dag_airflow.py for tasks to queue
[2025-02-20T20:05:28.349+0000] {logging_mixin.py:188} INFO - [2025-02-20T20:05:28.349+0000] {dagbag.py:545} INFO - Filling up the DagBag from /opt/airflow/dags/dag_airflow.py
[2025-02-20T20:05:28.375+0000] {processor.py:840} INFO - DAG(s) 'kafka_spark_postgres_pipeline' retrieved from /opt/airflow/dags/dag_airflow.py
[2025-02-20T20:05:28.410+0000] {logging_mixin.py:188} INFO - [2025-02-20T20:05:28.410+0000] {dag.py:3096} INFO - Sync 1 DAGs
[2025-02-20T20:05:28.438+0000] {logging_mixin.py:188} INFO - [2025-02-20T20:05:28.438+0000] {dag.py:3954} INFO - Setting next_dagrun for kafka_spark_postgres_pipeline to 2025-02-19 00:00:00+00:00, run_after=2025-02-20 00:00:00+00:00
[2025-02-20T20:05:28.461+0000] {processor.py:183} INFO - Processing /opt/airflow/dags/dag_airflow.py took 0.121 seconds
[2025-02-20T20:05:58.685+0000] {processor.py:161} INFO - Started process (PID=841) to work on /opt/airflow/dags/dag_airflow.py
[2025-02-20T20:05:58.687+0000] {processor.py:830} INFO - Processing file /opt/airflow/dags/dag_airflow.py for tasks to queue
[2025-02-20T20:05:58.690+0000] {logging_mixin.py:188} INFO - [2025-02-20T20:05:58.689+0000] {dagbag.py:545} INFO - Filling up the DagBag from /opt/airflow/dags/dag_airflow.py
[2025-02-20T20:05:58.717+0000] {processor.py:840} INFO - DAG(s) 'kafka_spark_postgres_pipeline' retrieved from /opt/airflow/dags/dag_airflow.py
[2025-02-20T20:05:58.778+0000] {logging_mixin.py:188} INFO - [2025-02-20T20:05:58.777+0000] {dag.py:3096} INFO - Sync 1 DAGs
[2025-02-20T20:05:58.806+0000] {logging_mixin.py:188} INFO - [2025-02-20T20:05:58.806+0000] {dag.py:3954} INFO - Setting next_dagrun for kafka_spark_postgres_pipeline to 2025-02-19 00:00:00+00:00, run_after=2025-02-20 00:00:00+00:00
[2025-02-20T20:05:58.829+0000] {processor.py:183} INFO - Processing /opt/airflow/dags/dag_airflow.py took 0.150 seconds
[2025-02-20T20:06:29.251+0000] {processor.py:161} INFO - Started process (PID=846) to work on /opt/airflow/dags/dag_airflow.py
[2025-02-20T20:06:29.252+0000] {processor.py:830} INFO - Processing file /opt/airflow/dags/dag_airflow.py for tasks to queue
[2025-02-20T20:06:29.254+0000] {logging_mixin.py:188} INFO - [2025-02-20T20:06:29.254+0000] {dagbag.py:545} INFO - Filling up the DagBag from /opt/airflow/dags/dag_airflow.py
[2025-02-20T20:06:29.273+0000] {processor.py:840} INFO - DAG(s) 'kafka_spark_postgres_pipeline' retrieved from /opt/airflow/dags/dag_airflow.py
[2025-02-20T20:06:29.307+0000] {logging_mixin.py:188} INFO - [2025-02-20T20:06:29.306+0000] {dag.py:3096} INFO - Sync 1 DAGs
[2025-02-20T20:06:29.333+0000] {logging_mixin.py:188} INFO - [2025-02-20T20:06:29.332+0000] {dag.py:3954} INFO - Setting next_dagrun for kafka_spark_postgres_pipeline to 2025-02-19 00:00:00+00:00, run_after=2025-02-20 00:00:00+00:00
[2025-02-20T20:06:29.353+0000] {processor.py:183} INFO - Processing /opt/airflow/dags/dag_airflow.py took 0.108 seconds
[2025-02-20T20:06:59.815+0000] {processor.py:161} INFO - Started process (PID=851) to work on /opt/airflow/dags/dag_airflow.py
[2025-02-20T20:06:59.816+0000] {processor.py:830} INFO - Processing file /opt/airflow/dags/dag_airflow.py for tasks to queue
[2025-02-20T20:06:59.818+0000] {logging_mixin.py:188} INFO - [2025-02-20T20:06:59.818+0000] {dagbag.py:545} INFO - Filling up the DagBag from /opt/airflow/dags/dag_airflow.py
[2025-02-20T20:06:59.841+0000] {processor.py:840} INFO - DAG(s) 'kafka_spark_postgres_pipeline' retrieved from /opt/airflow/dags/dag_airflow.py
[2025-02-20T20:06:59.875+0000] {logging_mixin.py:188} INFO - [2025-02-20T20:06:59.874+0000] {dag.py:3096} INFO - Sync 1 DAGs
[2025-02-20T20:06:59.897+0000] {logging_mixin.py:188} INFO - [2025-02-20T20:06:59.897+0000] {dag.py:3954} INFO - Setting next_dagrun for kafka_spark_postgres_pipeline to 2025-02-19 00:00:00+00:00, run_after=2025-02-20 00:00:00+00:00
[2025-02-20T20:06:59.918+0000] {processor.py:183} INFO - Processing /opt/airflow/dags/dag_airflow.py took 0.112 seconds
[2025-02-20T20:07:30.328+0000] {processor.py:161} INFO - Started process (PID=856) to work on /opt/airflow/dags/dag_airflow.py
[2025-02-20T20:07:30.329+0000] {processor.py:830} INFO - Processing file /opt/airflow/dags/dag_airflow.py for tasks to queue
[2025-02-20T20:07:30.332+0000] {logging_mixin.py:188} INFO - [2025-02-20T20:07:30.331+0000] {dagbag.py:545} INFO - Filling up the DagBag from /opt/airflow/dags/dag_airflow.py
[2025-02-20T20:07:30.355+0000] {processor.py:840} INFO - DAG(s) 'kafka_spark_postgres_pipeline' retrieved from /opt/airflow/dags/dag_airflow.py
[2025-02-20T20:07:30.396+0000] {logging_mixin.py:188} INFO - [2025-02-20T20:07:30.395+0000] {dag.py:3096} INFO - Sync 1 DAGs
[2025-02-20T20:07:30.425+0000] {logging_mixin.py:188} INFO - [2025-02-20T20:07:30.424+0000] {dag.py:3954} INFO - Setting next_dagrun for kafka_spark_postgres_pipeline to 2025-02-19 00:00:00+00:00, run_after=2025-02-20 00:00:00+00:00
[2025-02-20T20:07:30.448+0000] {processor.py:183} INFO - Processing /opt/airflow/dags/dag_airflow.py took 0.127 seconds
[2025-02-20T20:08:00.778+0000] {processor.py:161} INFO - Started process (PID=861) to work on /opt/airflow/dags/dag_airflow.py
[2025-02-20T20:08:00.779+0000] {processor.py:830} INFO - Processing file /opt/airflow/dags/dag_airflow.py for tasks to queue
[2025-02-20T20:08:00.784+0000] {logging_mixin.py:188} INFO - [2025-02-20T20:08:00.784+0000] {dagbag.py:545} INFO - Filling up the DagBag from /opt/airflow/dags/dag_airflow.py
[2025-02-20T20:08:00.807+0000] {processor.py:840} INFO - DAG(s) 'kafka_spark_postgres_pipeline' retrieved from /opt/airflow/dags/dag_airflow.py
[2025-02-20T20:08:00.842+0000] {logging_mixin.py:188} INFO - [2025-02-20T20:08:00.842+0000] {dag.py:3096} INFO - Sync 1 DAGs
[2025-02-20T20:08:00.866+0000] {logging_mixin.py:188} INFO - [2025-02-20T20:08:00.865+0000] {dag.py:3954} INFO - Setting next_dagrun for kafka_spark_postgres_pipeline to 2025-02-19 00:00:00+00:00, run_after=2025-02-20 00:00:00+00:00
[2025-02-20T20:08:00.887+0000] {processor.py:183} INFO - Processing /opt/airflow/dags/dag_airflow.py took 0.115 seconds
[2025-02-20T20:08:31.243+0000] {processor.py:161} INFO - Started process (PID=866) to work on /opt/airflow/dags/dag_airflow.py
[2025-02-20T20:08:31.244+0000] {processor.py:830} INFO - Processing file /opt/airflow/dags/dag_airflow.py for tasks to queue
[2025-02-20T20:08:31.246+0000] {logging_mixin.py:188} INFO - [2025-02-20T20:08:31.246+0000] {dagbag.py:545} INFO - Filling up the DagBag from /opt/airflow/dags/dag_airflow.py
[2025-02-20T20:08:31.325+0000] {processor.py:840} INFO - DAG(s) 'kafka_spark_postgres_pipeline' retrieved from /opt/airflow/dags/dag_airflow.py
[2025-02-20T20:08:31.382+0000] {logging_mixin.py:188} INFO - [2025-02-20T20:08:31.382+0000] {dag.py:3096} INFO - Sync 1 DAGs
[2025-02-20T20:08:31.428+0000] {logging_mixin.py:188} INFO - [2025-02-20T20:08:31.427+0000] {dag.py:3954} INFO - Setting next_dagrun for kafka_spark_postgres_pipeline to 2025-02-19 00:00:00+00:00, run_after=2025-02-20 00:00:00+00:00
[2025-02-20T20:08:31.597+0000] {processor.py:183} INFO - Processing /opt/airflow/dags/dag_airflow.py took 0.362 seconds
[2025-02-20T20:09:01.665+0000] {processor.py:161} INFO - Started process (PID=871) to work on /opt/airflow/dags/dag_airflow.py
[2025-02-20T20:09:01.666+0000] {processor.py:830} INFO - Processing file /opt/airflow/dags/dag_airflow.py for tasks to queue
[2025-02-20T20:09:01.669+0000] {logging_mixin.py:188} INFO - [2025-02-20T20:09:01.669+0000] {dagbag.py:545} INFO - Filling up the DagBag from /opt/airflow/dags/dag_airflow.py
[2025-02-20T20:09:01.698+0000] {processor.py:840} INFO - DAG(s) 'kafka_spark_postgres_pipeline' retrieved from /opt/airflow/dags/dag_airflow.py
[2025-02-20T20:09:01.744+0000] {logging_mixin.py:188} INFO - [2025-02-20T20:09:01.744+0000] {dag.py:3096} INFO - Sync 1 DAGs
[2025-02-20T20:09:01.776+0000] {logging_mixin.py:188} INFO - [2025-02-20T20:09:01.776+0000] {dag.py:3954} INFO - Setting next_dagrun for kafka_spark_postgres_pipeline to 2025-02-19 00:00:00+00:00, run_after=2025-02-20 00:00:00+00:00
[2025-02-20T20:09:01.806+0000] {processor.py:183} INFO - Processing /opt/airflow/dags/dag_airflow.py took 0.147 seconds
[2025-02-20T20:09:31.920+0000] {processor.py:161} INFO - Started process (PID=876) to work on /opt/airflow/dags/dag_airflow.py
[2025-02-20T20:09:31.922+0000] {processor.py:830} INFO - Processing file /opt/airflow/dags/dag_airflow.py for tasks to queue
[2025-02-20T20:09:31.924+0000] {logging_mixin.py:188} INFO - [2025-02-20T20:09:31.923+0000] {dagbag.py:545} INFO - Filling up the DagBag from /opt/airflow/dags/dag_airflow.py
[2025-02-20T20:09:31.951+0000] {processor.py:840} INFO - DAG(s) 'kafka_spark_postgres_pipeline' retrieved from /opt/airflow/dags/dag_airflow.py
[2025-02-20T20:09:31.986+0000] {logging_mixin.py:188} INFO - [2025-02-20T20:09:31.986+0000] {dag.py:3096} INFO - Sync 1 DAGs
[2025-02-20T20:09:32.013+0000] {logging_mixin.py:188} INFO - [2025-02-20T20:09:32.012+0000] {dag.py:3954} INFO - Setting next_dagrun for kafka_spark_postgres_pipeline to 2025-02-19 00:00:00+00:00, run_after=2025-02-20 00:00:00+00:00
[2025-02-20T20:09:32.036+0000] {processor.py:183} INFO - Processing /opt/airflow/dags/dag_airflow.py took 0.122 seconds
[2025-02-20T20:10:02.189+0000] {processor.py:161} INFO - Started process (PID=881) to work on /opt/airflow/dags/dag_airflow.py
[2025-02-20T20:10:02.193+0000] {processor.py:830} INFO - Processing file /opt/airflow/dags/dag_airflow.py for tasks to queue
[2025-02-20T20:10:02.195+0000] {logging_mixin.py:188} INFO - [2025-02-20T20:10:02.195+0000] {dagbag.py:545} INFO - Filling up the DagBag from /opt/airflow/dags/dag_airflow.py
[2025-02-20T20:10:02.218+0000] {processor.py:840} INFO - DAG(s) 'kafka_spark_postgres_pipeline' retrieved from /opt/airflow/dags/dag_airflow.py
[2025-02-20T20:10:02.257+0000] {logging_mixin.py:188} INFO - [2025-02-20T20:10:02.257+0000] {dag.py:3096} INFO - Sync 1 DAGs
[2025-02-20T20:10:02.283+0000] {logging_mixin.py:188} INFO - [2025-02-20T20:10:02.283+0000] {dag.py:3954} INFO - Setting next_dagrun for kafka_spark_postgres_pipeline to 2025-02-19 00:00:00+00:00, run_after=2025-02-20 00:00:00+00:00
[2025-02-20T20:10:02.305+0000] {processor.py:183} INFO - Processing /opt/airflow/dags/dag_airflow.py took 0.123 seconds
[2025-02-20T20:10:32.613+0000] {processor.py:161} INFO - Started process (PID=886) to work on /opt/airflow/dags/dag_airflow.py
[2025-02-20T20:10:32.619+0000] {processor.py:830} INFO - Processing file /opt/airflow/dags/dag_airflow.py for tasks to queue
[2025-02-20T20:10:32.622+0000] {logging_mixin.py:188} INFO - [2025-02-20T20:10:32.622+0000] {dagbag.py:545} INFO - Filling up the DagBag from /opt/airflow/dags/dag_airflow.py
[2025-02-20T20:10:32.654+0000] {processor.py:840} INFO - DAG(s) 'kafka_spark_postgres_pipeline' retrieved from /opt/airflow/dags/dag_airflow.py
[2025-02-20T20:10:32.703+0000] {logging_mixin.py:188} INFO - [2025-02-20T20:10:32.703+0000] {dag.py:3096} INFO - Sync 1 DAGs
[2025-02-20T20:10:32.741+0000] {logging_mixin.py:188} INFO - [2025-02-20T20:10:32.741+0000] {dag.py:3954} INFO - Setting next_dagrun for kafka_spark_postgres_pipeline to 2025-02-19 00:00:00+00:00, run_after=2025-02-20 00:00:00+00:00
[2025-02-20T20:10:32.763+0000] {processor.py:183} INFO - Processing /opt/airflow/dags/dag_airflow.py took 0.159 seconds
[2025-02-20T20:11:02.866+0000] {processor.py:161} INFO - Started process (PID=891) to work on /opt/airflow/dags/dag_airflow.py
[2025-02-20T20:11:02.867+0000] {processor.py:830} INFO - Processing file /opt/airflow/dags/dag_airflow.py for tasks to queue
[2025-02-20T20:11:02.869+0000] {logging_mixin.py:188} INFO - [2025-02-20T20:11:02.869+0000] {dagbag.py:545} INFO - Filling up the DagBag from /opt/airflow/dags/dag_airflow.py
[2025-02-20T20:11:02.895+0000] {processor.py:840} INFO - DAG(s) 'kafka_spark_postgres_pipeline' retrieved from /opt/airflow/dags/dag_airflow.py
[2025-02-20T20:11:02.933+0000] {logging_mixin.py:188} INFO - [2025-02-20T20:11:02.933+0000] {dag.py:3096} INFO - Sync 1 DAGs
[2025-02-20T20:11:02.959+0000] {logging_mixin.py:188} INFO - [2025-02-20T20:11:02.959+0000] {dag.py:3954} INFO - Setting next_dagrun for kafka_spark_postgres_pipeline to 2025-02-19 00:00:00+00:00, run_after=2025-02-20 00:00:00+00:00
[2025-02-20T20:11:02.982+0000] {processor.py:183} INFO - Processing /opt/airflow/dags/dag_airflow.py took 0.125 seconds
[2025-02-20T20:11:33.302+0000] {processor.py:161} INFO - Started process (PID=896) to work on /opt/airflow/dags/dag_airflow.py
[2025-02-20T20:11:33.303+0000] {processor.py:830} INFO - Processing file /opt/airflow/dags/dag_airflow.py for tasks to queue
[2025-02-20T20:11:33.305+0000] {logging_mixin.py:188} INFO - [2025-02-20T20:11:33.305+0000] {dagbag.py:545} INFO - Filling up the DagBag from /opt/airflow/dags/dag_airflow.py
[2025-02-20T20:11:33.330+0000] {processor.py:840} INFO - DAG(s) 'kafka_spark_postgres_pipeline' retrieved from /opt/airflow/dags/dag_airflow.py
[2025-02-20T20:11:33.366+0000] {logging_mixin.py:188} INFO - [2025-02-20T20:11:33.365+0000] {dag.py:3096} INFO - Sync 1 DAGs
[2025-02-20T20:11:33.391+0000] {logging_mixin.py:188} INFO - [2025-02-20T20:11:33.391+0000] {dag.py:3954} INFO - Setting next_dagrun for kafka_spark_postgres_pipeline to 2025-02-19 00:00:00+00:00, run_after=2025-02-20 00:00:00+00:00
[2025-02-20T20:11:33.414+0000] {processor.py:183} INFO - Processing /opt/airflow/dags/dag_airflow.py took 0.119 seconds
[2025-02-20T20:12:03.585+0000] {processor.py:161} INFO - Started process (PID=901) to work on /opt/airflow/dags/dag_airflow.py
[2025-02-20T20:12:03.586+0000] {processor.py:830} INFO - Processing file /opt/airflow/dags/dag_airflow.py for tasks to queue
[2025-02-20T20:12:03.588+0000] {logging_mixin.py:188} INFO - [2025-02-20T20:12:03.588+0000] {dagbag.py:545} INFO - Filling up the DagBag from /opt/airflow/dags/dag_airflow.py
[2025-02-20T20:12:03.616+0000] {processor.py:840} INFO - DAG(s) 'kafka_spark_postgres_pipeline' retrieved from /opt/airflow/dags/dag_airflow.py
[2025-02-20T20:12:03.651+0000] {logging_mixin.py:188} INFO - [2025-02-20T20:12:03.650+0000] {dag.py:3096} INFO - Sync 1 DAGs
[2025-02-20T20:12:03.678+0000] {logging_mixin.py:188} INFO - [2025-02-20T20:12:03.677+0000] {dag.py:3954} INFO - Setting next_dagrun for kafka_spark_postgres_pipeline to 2025-02-19 00:00:00+00:00, run_after=2025-02-20 00:00:00+00:00
[2025-02-20T20:12:03.701+0000] {processor.py:183} INFO - Processing /opt/airflow/dags/dag_airflow.py took 0.122 seconds
[2025-02-20T20:12:34.010+0000] {processor.py:161} INFO - Started process (PID=906) to work on /opt/airflow/dags/dag_airflow.py
[2025-02-20T20:12:34.012+0000] {processor.py:830} INFO - Processing file /opt/airflow/dags/dag_airflow.py for tasks to queue
[2025-02-20T20:12:34.014+0000] {logging_mixin.py:188} INFO - [2025-02-20T20:12:34.014+0000] {dagbag.py:545} INFO - Filling up the DagBag from /opt/airflow/dags/dag_airflow.py
[2025-02-20T20:12:34.037+0000] {processor.py:840} INFO - DAG(s) 'kafka_spark_postgres_pipeline' retrieved from /opt/airflow/dags/dag_airflow.py
[2025-02-20T20:12:34.073+0000] {logging_mixin.py:188} INFO - [2025-02-20T20:12:34.073+0000] {dag.py:3096} INFO - Sync 1 DAGs
[2025-02-20T20:12:34.101+0000] {logging_mixin.py:188} INFO - [2025-02-20T20:12:34.100+0000] {dag.py:3954} INFO - Setting next_dagrun for kafka_spark_postgres_pipeline to 2025-02-19 00:00:00+00:00, run_after=2025-02-20 00:00:00+00:00
[2025-02-20T20:12:34.122+0000] {processor.py:183} INFO - Processing /opt/airflow/dags/dag_airflow.py took 0.117 seconds
[2025-02-20T20:13:04.288+0000] {processor.py:161} INFO - Started process (PID=911) to work on /opt/airflow/dags/dag_airflow.py
[2025-02-20T20:13:04.289+0000] {processor.py:830} INFO - Processing file /opt/airflow/dags/dag_airflow.py for tasks to queue
[2025-02-20T20:13:04.291+0000] {logging_mixin.py:188} INFO - [2025-02-20T20:13:04.291+0000] {dagbag.py:545} INFO - Filling up the DagBag from /opt/airflow/dags/dag_airflow.py
[2025-02-20T20:13:04.316+0000] {processor.py:840} INFO - DAG(s) 'kafka_spark_postgres_pipeline' retrieved from /opt/airflow/dags/dag_airflow.py
[2025-02-20T20:13:04.353+0000] {logging_mixin.py:188} INFO - [2025-02-20T20:13:04.353+0000] {dag.py:3096} INFO - Sync 1 DAGs
[2025-02-20T20:13:04.379+0000] {logging_mixin.py:188} INFO - [2025-02-20T20:13:04.379+0000] {dag.py:3954} INFO - Setting next_dagrun for kafka_spark_postgres_pipeline to 2025-02-19 00:00:00+00:00, run_after=2025-02-20 00:00:00+00:00
[2025-02-20T20:13:04.401+0000] {processor.py:183} INFO - Processing /opt/airflow/dags/dag_airflow.py took 0.120 seconds
[2025-02-20T20:13:34.687+0000] {processor.py:161} INFO - Started process (PID=916) to work on /opt/airflow/dags/dag_airflow.py
[2025-02-20T20:13:34.689+0000] {processor.py:830} INFO - Processing file /opt/airflow/dags/dag_airflow.py for tasks to queue
[2025-02-20T20:13:34.691+0000] {logging_mixin.py:188} INFO - [2025-02-20T20:13:34.691+0000] {dagbag.py:545} INFO - Filling up the DagBag from /opt/airflow/dags/dag_airflow.py
[2025-02-20T20:13:34.722+0000] {processor.py:840} INFO - DAG(s) 'kafka_spark_postgres_pipeline' retrieved from /opt/airflow/dags/dag_airflow.py
[2025-02-20T20:13:34.777+0000] {logging_mixin.py:188} INFO - [2025-02-20T20:13:34.776+0000] {dag.py:3096} INFO - Sync 1 DAGs
[2025-02-20T20:13:34.817+0000] {logging_mixin.py:188} INFO - [2025-02-20T20:13:34.817+0000] {dag.py:3954} INFO - Setting next_dagrun for kafka_spark_postgres_pipeline to 2025-02-19 00:00:00+00:00, run_after=2025-02-20 00:00:00+00:00
[2025-02-20T20:13:34.843+0000] {processor.py:183} INFO - Processing /opt/airflow/dags/dag_airflow.py took 0.163 seconds
[2025-02-20T20:14:05.060+0000] {processor.py:161} INFO - Started process (PID=921) to work on /opt/airflow/dags/dag_airflow.py
[2025-02-20T20:14:05.062+0000] {processor.py:830} INFO - Processing file /opt/airflow/dags/dag_airflow.py for tasks to queue
[2025-02-20T20:14:05.064+0000] {logging_mixin.py:188} INFO - [2025-02-20T20:14:05.064+0000] {dagbag.py:545} INFO - Filling up the DagBag from /opt/airflow/dags/dag_airflow.py
[2025-02-20T20:14:05.095+0000] {processor.py:840} INFO - DAG(s) 'kafka_spark_postgres_pipeline' retrieved from /opt/airflow/dags/dag_airflow.py
[2025-02-20T20:14:05.313+0000] {logging_mixin.py:188} INFO - [2025-02-20T20:14:05.313+0000] {dag.py:3096} INFO - Sync 1 DAGs
[2025-02-20T20:14:05.392+0000] {logging_mixin.py:188} INFO - [2025-02-20T20:14:05.391+0000] {dag.py:3954} INFO - Setting next_dagrun for kafka_spark_postgres_pipeline to 2025-02-19 00:00:00+00:00, run_after=2025-02-20 00:00:00+00:00
[2025-02-20T20:14:05.421+0000] {processor.py:183} INFO - Processing /opt/airflow/dags/dag_airflow.py took 0.371 seconds
[2025-02-20T20:14:35.474+0000] {processor.py:161} INFO - Started process (PID=926) to work on /opt/airflow/dags/dag_airflow.py
[2025-02-20T20:14:35.476+0000] {processor.py:830} INFO - Processing file /opt/airflow/dags/dag_airflow.py for tasks to queue
[2025-02-20T20:14:35.478+0000] {logging_mixin.py:188} INFO - [2025-02-20T20:14:35.478+0000] {dagbag.py:545} INFO - Filling up the DagBag from /opt/airflow/dags/dag_airflow.py
[2025-02-20T20:14:35.501+0000] {processor.py:840} INFO - DAG(s) 'kafka_spark_postgres_pipeline' retrieved from /opt/airflow/dags/dag_airflow.py
[2025-02-20T20:14:35.537+0000] {logging_mixin.py:188} INFO - [2025-02-20T20:14:35.537+0000] {dag.py:3096} INFO - Sync 1 DAGs
[2025-02-20T20:14:35.563+0000] {logging_mixin.py:188} INFO - [2025-02-20T20:14:35.563+0000] {dag.py:3954} INFO - Setting next_dagrun for kafka_spark_postgres_pipeline to 2025-02-19 00:00:00+00:00, run_after=2025-02-20 00:00:00+00:00
[2025-02-20T20:14:35.586+0000] {processor.py:183} INFO - Processing /opt/airflow/dags/dag_airflow.py took 0.118 seconds
[2025-02-20T20:15:05.724+0000] {processor.py:161} INFO - Started process (PID=931) to work on /opt/airflow/dags/dag_airflow.py
[2025-02-20T20:15:05.725+0000] {processor.py:830} INFO - Processing file /opt/airflow/dags/dag_airflow.py for tasks to queue
[2025-02-20T20:15:05.728+0000] {logging_mixin.py:188} INFO - [2025-02-20T20:15:05.727+0000] {dagbag.py:545} INFO - Filling up the DagBag from /opt/airflow/dags/dag_airflow.py
[2025-02-20T20:15:05.754+0000] {processor.py:840} INFO - DAG(s) 'kafka_spark_postgres_pipeline' retrieved from /opt/airflow/dags/dag_airflow.py
[2025-02-20T20:15:05.793+0000] {logging_mixin.py:188} INFO - [2025-02-20T20:15:05.793+0000] {dag.py:3096} INFO - Sync 1 DAGs
[2025-02-20T20:15:05.859+0000] {logging_mixin.py:188} INFO - [2025-02-20T20:15:05.859+0000] {dag.py:3954} INFO - Setting next_dagrun for kafka_spark_postgres_pipeline to 2025-02-19 00:00:00+00:00, run_after=2025-02-20 00:00:00+00:00
[2025-02-20T20:15:05.921+0000] {processor.py:183} INFO - Processing /opt/airflow/dags/dag_airflow.py took 0.204 seconds
[2025-02-20T20:15:36.144+0000] {processor.py:161} INFO - Started process (PID=936) to work on /opt/airflow/dags/dag_airflow.py
[2025-02-20T20:15:36.145+0000] {processor.py:830} INFO - Processing file /opt/airflow/dags/dag_airflow.py for tasks to queue
[2025-02-20T20:15:36.152+0000] {logging_mixin.py:188} INFO - [2025-02-20T20:15:36.151+0000] {dagbag.py:545} INFO - Filling up the DagBag from /opt/airflow/dags/dag_airflow.py
[2025-02-20T20:15:36.184+0000] {processor.py:840} INFO - DAG(s) 'kafka_spark_postgres_pipeline' retrieved from /opt/airflow/dags/dag_airflow.py
[2025-02-20T20:15:36.244+0000] {logging_mixin.py:188} INFO - [2025-02-20T20:15:36.244+0000] {dag.py:3096} INFO - Sync 1 DAGs
[2025-02-20T20:15:36.277+0000] {logging_mixin.py:188} INFO - [2025-02-20T20:15:36.276+0000] {dag.py:3954} INFO - Setting next_dagrun for kafka_spark_postgres_pipeline to 2025-02-19 00:00:00+00:00, run_after=2025-02-20 00:00:00+00:00
[2025-02-20T20:15:36.303+0000] {processor.py:183} INFO - Processing /opt/airflow/dags/dag_airflow.py took 0.165 seconds
[2025-02-20T20:16:06.509+0000] {processor.py:161} INFO - Started process (PID=941) to work on /opt/airflow/dags/dag_airflow.py
[2025-02-20T20:16:06.510+0000] {processor.py:830} INFO - Processing file /opt/airflow/dags/dag_airflow.py for tasks to queue
[2025-02-20T20:16:06.514+0000] {logging_mixin.py:188} INFO - [2025-02-20T20:16:06.513+0000] {dagbag.py:545} INFO - Filling up the DagBag from /opt/airflow/dags/dag_airflow.py
[2025-02-20T20:16:06.544+0000] {processor.py:840} INFO - DAG(s) 'kafka_spark_postgres_pipeline' retrieved from /opt/airflow/dags/dag_airflow.py
[2025-02-20T20:16:06.591+0000] {logging_mixin.py:188} INFO - [2025-02-20T20:16:06.591+0000] {dag.py:3096} INFO - Sync 1 DAGs
[2025-02-20T20:16:06.620+0000] {logging_mixin.py:188} INFO - [2025-02-20T20:16:06.620+0000] {dag.py:3954} INFO - Setting next_dagrun for kafka_spark_postgres_pipeline to 2025-02-19 00:00:00+00:00, run_after=2025-02-20 00:00:00+00:00
[2025-02-20T20:16:06.648+0000] {processor.py:183} INFO - Processing /opt/airflow/dags/dag_airflow.py took 0.148 seconds
[2025-02-20T20:16:36.902+0000] {processor.py:161} INFO - Started process (PID=946) to work on /opt/airflow/dags/dag_airflow.py
[2025-02-20T20:16:36.903+0000] {processor.py:830} INFO - Processing file /opt/airflow/dags/dag_airflow.py for tasks to queue
[2025-02-20T20:16:36.905+0000] {logging_mixin.py:188} INFO - [2025-02-20T20:16:36.904+0000] {dagbag.py:545} INFO - Filling up the DagBag from /opt/airflow/dags/dag_airflow.py
[2025-02-20T20:16:36.932+0000] {processor.py:840} INFO - DAG(s) 'kafka_spark_postgres_pipeline' retrieved from /opt/airflow/dags/dag_airflow.py
[2025-02-20T20:16:36.968+0000] {logging_mixin.py:188} INFO - [2025-02-20T20:16:36.967+0000] {dag.py:3096} INFO - Sync 1 DAGs
[2025-02-20T20:16:36.995+0000] {logging_mixin.py:188} INFO - [2025-02-20T20:16:36.995+0000] {dag.py:3954} INFO - Setting next_dagrun for kafka_spark_postgres_pipeline to 2025-02-19 00:00:00+00:00, run_after=2025-02-20 00:00:00+00:00
[2025-02-20T20:16:37.019+0000] {processor.py:183} INFO - Processing /opt/airflow/dags/dag_airflow.py took 0.123 seconds
[2025-02-20T20:17:07.224+0000] {processor.py:161} INFO - Started process (PID=951) to work on /opt/airflow/dags/dag_airflow.py
[2025-02-20T20:17:07.225+0000] {processor.py:830} INFO - Processing file /opt/airflow/dags/dag_airflow.py for tasks to queue
[2025-02-20T20:17:07.227+0000] {logging_mixin.py:188} INFO - [2025-02-20T20:17:07.227+0000] {dagbag.py:545} INFO - Filling up the DagBag from /opt/airflow/dags/dag_airflow.py
[2025-02-20T20:17:07.253+0000] {processor.py:840} INFO - DAG(s) 'kafka_spark_postgres_pipeline' retrieved from /opt/airflow/dags/dag_airflow.py
[2025-02-20T20:17:07.288+0000] {logging_mixin.py:188} INFO - [2025-02-20T20:17:07.288+0000] {dag.py:3096} INFO - Sync 1 DAGs
[2025-02-20T20:17:07.313+0000] {logging_mixin.py:188} INFO - [2025-02-20T20:17:07.313+0000] {dag.py:3954} INFO - Setting next_dagrun for kafka_spark_postgres_pipeline to 2025-02-19 00:00:00+00:00, run_after=2025-02-20 00:00:00+00:00
[2025-02-20T20:17:07.336+0000] {processor.py:183} INFO - Processing /opt/airflow/dags/dag_airflow.py took 0.119 seconds
[2025-02-20T20:17:37.568+0000] {processor.py:161} INFO - Started process (PID=956) to work on /opt/airflow/dags/dag_airflow.py
[2025-02-20T20:17:37.570+0000] {processor.py:830} INFO - Processing file /opt/airflow/dags/dag_airflow.py for tasks to queue
[2025-02-20T20:17:37.572+0000] {logging_mixin.py:188} INFO - [2025-02-20T20:17:37.572+0000] {dagbag.py:545} INFO - Filling up the DagBag from /opt/airflow/dags/dag_airflow.py
[2025-02-20T20:17:37.598+0000] {processor.py:840} INFO - DAG(s) 'kafka_spark_postgres_pipeline' retrieved from /opt/airflow/dags/dag_airflow.py
[2025-02-20T20:17:37.632+0000] {logging_mixin.py:188} INFO - [2025-02-20T20:17:37.632+0000] {dag.py:3096} INFO - Sync 1 DAGs
[2025-02-20T20:17:37.658+0000] {logging_mixin.py:188} INFO - [2025-02-20T20:17:37.658+0000] {dag.py:3954} INFO - Setting next_dagrun for kafka_spark_postgres_pipeline to 2025-02-19 00:00:00+00:00, run_after=2025-02-20 00:00:00+00:00
[2025-02-20T20:17:37.682+0000] {processor.py:183} INFO - Processing /opt/airflow/dags/dag_airflow.py took 0.121 seconds
[2025-02-20T20:18:07.879+0000] {processor.py:161} INFO - Started process (PID=961) to work on /opt/airflow/dags/dag_airflow.py
[2025-02-20T20:18:07.880+0000] {processor.py:830} INFO - Processing file /opt/airflow/dags/dag_airflow.py for tasks to queue
[2025-02-20T20:18:07.882+0000] {logging_mixin.py:188} INFO - [2025-02-20T20:18:07.882+0000] {dagbag.py:545} INFO - Filling up the DagBag from /opt/airflow/dags/dag_airflow.py
[2025-02-20T20:18:07.906+0000] {processor.py:840} INFO - DAG(s) 'kafka_spark_postgres_pipeline' retrieved from /opt/airflow/dags/dag_airflow.py
[2025-02-20T20:18:07.944+0000] {logging_mixin.py:188} INFO - [2025-02-20T20:18:07.943+0000] {dag.py:3096} INFO - Sync 1 DAGs
[2025-02-20T20:18:07.972+0000] {logging_mixin.py:188} INFO - [2025-02-20T20:18:07.972+0000] {dag.py:3954} INFO - Setting next_dagrun for kafka_spark_postgres_pipeline to 2025-02-19 00:00:00+00:00, run_after=2025-02-20 00:00:00+00:00
[2025-02-20T20:18:07.996+0000] {processor.py:183} INFO - Processing /opt/airflow/dags/dag_airflow.py took 0.124 seconds
[2025-02-20T20:18:38.215+0000] {processor.py:161} INFO - Started process (PID=966) to work on /opt/airflow/dags/dag_airflow.py
[2025-02-20T20:18:38.217+0000] {processor.py:830} INFO - Processing file /opt/airflow/dags/dag_airflow.py for tasks to queue
[2025-02-20T20:18:38.221+0000] {logging_mixin.py:188} INFO - [2025-02-20T20:18:38.220+0000] {dagbag.py:545} INFO - Filling up the DagBag from /opt/airflow/dags/dag_airflow.py
[2025-02-20T20:18:38.254+0000] {processor.py:840} INFO - DAG(s) 'kafka_spark_postgres_pipeline' retrieved from /opt/airflow/dags/dag_airflow.py
[2025-02-20T20:18:38.314+0000] {logging_mixin.py:188} INFO - [2025-02-20T20:18:38.313+0000] {dag.py:3096} INFO - Sync 1 DAGs
[2025-02-20T20:18:38.385+0000] {logging_mixin.py:188} INFO - [2025-02-20T20:18:38.384+0000] {dag.py:3954} INFO - Setting next_dagrun for kafka_spark_postgres_pipeline to 2025-02-19 00:00:00+00:00, run_after=2025-02-20 00:00:00+00:00
[2025-02-20T20:18:38.415+0000] {processor.py:183} INFO - Processing /opt/airflow/dags/dag_airflow.py took 0.212 seconds
[2025-02-20T20:19:08.567+0000] {processor.py:161} INFO - Started process (PID=971) to work on /opt/airflow/dags/dag_airflow.py
[2025-02-20T20:19:08.569+0000] {processor.py:830} INFO - Processing file /opt/airflow/dags/dag_airflow.py for tasks to queue
[2025-02-20T20:19:08.571+0000] {logging_mixin.py:188} INFO - [2025-02-20T20:19:08.571+0000] {dagbag.py:545} INFO - Filling up the DagBag from /opt/airflow/dags/dag_airflow.py
[2025-02-20T20:19:08.597+0000] {processor.py:840} INFO - DAG(s) 'kafka_spark_postgres_pipeline' retrieved from /opt/airflow/dags/dag_airflow.py
[2025-02-20T20:19:08.633+0000] {logging_mixin.py:188} INFO - [2025-02-20T20:19:08.633+0000] {dag.py:3096} INFO - Sync 1 DAGs
[2025-02-20T20:19:08.659+0000] {logging_mixin.py:188} INFO - [2025-02-20T20:19:08.659+0000] {dag.py:3954} INFO - Setting next_dagrun for kafka_spark_postgres_pipeline to 2025-02-19 00:00:00+00:00, run_after=2025-02-20 00:00:00+00:00
[2025-02-20T20:19:08.681+0000] {processor.py:183} INFO - Processing /opt/airflow/dags/dag_airflow.py took 0.124 seconds
[2025-02-20T20:19:38.962+0000] {processor.py:161} INFO - Started process (PID=976) to work on /opt/airflow/dags/dag_airflow.py
[2025-02-20T20:19:38.963+0000] {processor.py:830} INFO - Processing file /opt/airflow/dags/dag_airflow.py for tasks to queue
[2025-02-20T20:19:38.966+0000] {logging_mixin.py:188} INFO - [2025-02-20T20:19:38.965+0000] {dagbag.py:545} INFO - Filling up the DagBag from /opt/airflow/dags/dag_airflow.py
[2025-02-20T20:19:38.991+0000] {processor.py:840} INFO - DAG(s) 'kafka_spark_postgres_pipeline' retrieved from /opt/airflow/dags/dag_airflow.py
[2025-02-20T20:19:39.027+0000] {logging_mixin.py:188} INFO - [2025-02-20T20:19:39.027+0000] {dag.py:3096} INFO - Sync 1 DAGs
[2025-02-20T20:19:39.053+0000] {logging_mixin.py:188} INFO - [2025-02-20T20:19:39.053+0000] {dag.py:3954} INFO - Setting next_dagrun for kafka_spark_postgres_pipeline to 2025-02-19 00:00:00+00:00, run_after=2025-02-20 00:00:00+00:00
[2025-02-20T20:19:39.079+0000] {processor.py:183} INFO - Processing /opt/airflow/dags/dag_airflow.py took 0.123 seconds
[2025-02-20T20:20:09.274+0000] {processor.py:161} INFO - Started process (PID=981) to work on /opt/airflow/dags/dag_airflow.py
[2025-02-20T20:20:09.275+0000] {processor.py:830} INFO - Processing file /opt/airflow/dags/dag_airflow.py for tasks to queue
[2025-02-20T20:20:09.277+0000] {logging_mixin.py:188} INFO - [2025-02-20T20:20:09.277+0000] {dagbag.py:545} INFO - Filling up the DagBag from /opt/airflow/dags/dag_airflow.py
[2025-02-20T20:20:09.330+0000] {processor.py:840} INFO - DAG(s) 'kafka_spark_postgres_pipeline' retrieved from /opt/airflow/dags/dag_airflow.py
[2025-02-20T20:20:09.366+0000] {logging_mixin.py:188} INFO - [2025-02-20T20:20:09.365+0000] {dag.py:3096} INFO - Sync 1 DAGs
[2025-02-20T20:20:09.391+0000] {logging_mixin.py:188} INFO - [2025-02-20T20:20:09.391+0000] {dag.py:3954} INFO - Setting next_dagrun for kafka_spark_postgres_pipeline to 2025-02-19 00:00:00+00:00, run_after=2025-02-20 00:00:00+00:00
[2025-02-20T20:20:09.413+0000] {processor.py:183} INFO - Processing /opt/airflow/dags/dag_airflow.py took 0.145 seconds
[2025-02-20T20:20:39.656+0000] {processor.py:161} INFO - Started process (PID=986) to work on /opt/airflow/dags/dag_airflow.py
[2025-02-20T20:20:39.657+0000] {processor.py:830} INFO - Processing file /opt/airflow/dags/dag_airflow.py for tasks to queue
[2025-02-20T20:20:39.659+0000] {logging_mixin.py:188} INFO - [2025-02-20T20:20:39.659+0000] {dagbag.py:545} INFO - Filling up the DagBag from /opt/airflow/dags/dag_airflow.py
[2025-02-20T20:20:39.682+0000] {processor.py:840} INFO - DAG(s) 'kafka_spark_postgres_pipeline' retrieved from /opt/airflow/dags/dag_airflow.py
[2025-02-20T20:20:39.716+0000] {logging_mixin.py:188} INFO - [2025-02-20T20:20:39.716+0000] {dag.py:3096} INFO - Sync 1 DAGs
[2025-02-20T20:20:39.741+0000] {logging_mixin.py:188} INFO - [2025-02-20T20:20:39.740+0000] {dag.py:3954} INFO - Setting next_dagrun for kafka_spark_postgres_pipeline to 2025-02-19 00:00:00+00:00, run_after=2025-02-20 00:00:00+00:00
[2025-02-20T20:20:39.764+0000] {processor.py:183} INFO - Processing /opt/airflow/dags/dag_airflow.py took 0.115 seconds
[2025-02-20T20:21:09.947+0000] {processor.py:161} INFO - Started process (PID=991) to work on /opt/airflow/dags/dag_airflow.py
[2025-02-20T20:21:09.948+0000] {processor.py:830} INFO - Processing file /opt/airflow/dags/dag_airflow.py for tasks to queue
[2025-02-20T20:21:09.950+0000] {logging_mixin.py:188} INFO - [2025-02-20T20:21:09.950+0000] {dagbag.py:545} INFO - Filling up the DagBag from /opt/airflow/dags/dag_airflow.py
[2025-02-20T20:21:09.982+0000] {processor.py:840} INFO - DAG(s) 'kafka_spark_postgres_pipeline' retrieved from /opt/airflow/dags/dag_airflow.py
[2025-02-20T20:21:10.033+0000] {logging_mixin.py:188} INFO - [2025-02-20T20:21:10.032+0000] {dag.py:3096} INFO - Sync 1 DAGs
[2025-02-20T20:21:10.068+0000] {logging_mixin.py:188} INFO - [2025-02-20T20:21:10.068+0000] {dag.py:3954} INFO - Setting next_dagrun for kafka_spark_postgres_pipeline to 2025-02-19 00:00:00+00:00, run_after=2025-02-20 00:00:00+00:00
[2025-02-20T20:21:10.094+0000] {processor.py:183} INFO - Processing /opt/airflow/dags/dag_airflow.py took 0.153 seconds
[2025-02-20T20:21:40.318+0000] {processor.py:161} INFO - Started process (PID=996) to work on /opt/airflow/dags/dag_airflow.py
[2025-02-20T20:21:40.320+0000] {processor.py:830} INFO - Processing file /opt/airflow/dags/dag_airflow.py for tasks to queue
[2025-02-20T20:21:40.322+0000] {logging_mixin.py:188} INFO - [2025-02-20T20:21:40.322+0000] {dagbag.py:545} INFO - Filling up the DagBag from /opt/airflow/dags/dag_airflow.py
[2025-02-20T20:21:40.348+0000] {processor.py:840} INFO - DAG(s) 'kafka_spark_postgres_pipeline' retrieved from /opt/airflow/dags/dag_airflow.py
[2025-02-20T20:21:40.383+0000] {logging_mixin.py:188} INFO - [2025-02-20T20:21:40.383+0000] {dag.py:3096} INFO - Sync 1 DAGs
[2025-02-20T20:21:40.410+0000] {logging_mixin.py:188} INFO - [2025-02-20T20:21:40.409+0000] {dag.py:3954} INFO - Setting next_dagrun for kafka_spark_postgres_pipeline to 2025-02-19 00:00:00+00:00, run_after=2025-02-20 00:00:00+00:00
[2025-02-20T20:21:40.431+0000] {processor.py:183} INFO - Processing /opt/airflow/dags/dag_airflow.py took 0.118 seconds
[2025-02-20T20:22:10.710+0000] {processor.py:161} INFO - Started process (PID=1001) to work on /opt/airflow/dags/dag_airflow.py
[2025-02-20T20:22:10.713+0000] {processor.py:830} INFO - Processing file /opt/airflow/dags/dag_airflow.py for tasks to queue
[2025-02-20T20:22:10.716+0000] {logging_mixin.py:188} INFO - [2025-02-20T20:22:10.715+0000] {dagbag.py:545} INFO - Filling up the DagBag from /opt/airflow/dags/dag_airflow.py
[2025-02-20T20:22:10.751+0000] {processor.py:840} INFO - DAG(s) 'kafka_spark_postgres_pipeline' retrieved from /opt/airflow/dags/dag_airflow.py
[2025-02-20T20:22:10.793+0000] {logging_mixin.py:188} INFO - [2025-02-20T20:22:10.793+0000] {dag.py:3096} INFO - Sync 1 DAGs
[2025-02-20T20:22:10.823+0000] {logging_mixin.py:188} INFO - [2025-02-20T20:22:10.823+0000] {dag.py:3954} INFO - Setting next_dagrun for kafka_spark_postgres_pipeline to 2025-02-19 00:00:00+00:00, run_after=2025-02-20 00:00:00+00:00
[2025-02-20T20:22:10.848+0000] {processor.py:183} INFO - Processing /opt/airflow/dags/dag_airflow.py took 0.148 seconds
[2025-02-20T20:22:41.006+0000] {processor.py:161} INFO - Started process (PID=1006) to work on /opt/airflow/dags/dag_airflow.py
[2025-02-20T20:22:41.007+0000] {processor.py:830} INFO - Processing file /opt/airflow/dags/dag_airflow.py for tasks to queue
[2025-02-20T20:22:41.010+0000] {logging_mixin.py:188} INFO - [2025-02-20T20:22:41.010+0000] {dagbag.py:545} INFO - Filling up the DagBag from /opt/airflow/dags/dag_airflow.py
[2025-02-20T20:22:41.040+0000] {processor.py:840} INFO - DAG(s) 'kafka_spark_postgres_pipeline' retrieved from /opt/airflow/dags/dag_airflow.py
[2025-02-20T20:22:41.080+0000] {logging_mixin.py:188} INFO - [2025-02-20T20:22:41.080+0000] {dag.py:3096} INFO - Sync 1 DAGs
[2025-02-20T20:22:41.112+0000] {logging_mixin.py:188} INFO - [2025-02-20T20:22:41.111+0000] {dag.py:3954} INFO - Setting next_dagrun for kafka_spark_postgres_pipeline to 2025-02-19 00:00:00+00:00, run_after=2025-02-20 00:00:00+00:00
[2025-02-20T20:22:41.135+0000] {processor.py:183} INFO - Processing /opt/airflow/dags/dag_airflow.py took 0.136 seconds
[2025-02-20T20:23:11.393+0000] {processor.py:161} INFO - Started process (PID=1011) to work on /opt/airflow/dags/dag_airflow.py
[2025-02-20T20:23:11.394+0000] {processor.py:830} INFO - Processing file /opt/airflow/dags/dag_airflow.py for tasks to queue
[2025-02-20T20:23:11.396+0000] {logging_mixin.py:188} INFO - [2025-02-20T20:23:11.396+0000] {dagbag.py:545} INFO - Filling up the DagBag from /opt/airflow/dags/dag_airflow.py
[2025-02-20T20:23:11.423+0000] {processor.py:840} INFO - DAG(s) 'kafka_spark_postgres_pipeline' retrieved from /opt/airflow/dags/dag_airflow.py
[2025-02-20T20:23:11.458+0000] {logging_mixin.py:188} INFO - [2025-02-20T20:23:11.457+0000] {dag.py:3096} INFO - Sync 1 DAGs
[2025-02-20T20:23:11.483+0000] {logging_mixin.py:188} INFO - [2025-02-20T20:23:11.483+0000] {dag.py:3954} INFO - Setting next_dagrun for kafka_spark_postgres_pipeline to 2025-02-19 00:00:00+00:00, run_after=2025-02-20 00:00:00+00:00
[2025-02-20T20:23:11.509+0000] {processor.py:183} INFO - Processing /opt/airflow/dags/dag_airflow.py took 0.124 seconds
[2025-02-20T20:23:41.711+0000] {processor.py:161} INFO - Started process (PID=1016) to work on /opt/airflow/dags/dag_airflow.py
[2025-02-20T20:23:41.713+0000] {processor.py:830} INFO - Processing file /opt/airflow/dags/dag_airflow.py for tasks to queue
[2025-02-20T20:23:41.716+0000] {logging_mixin.py:188} INFO - [2025-02-20T20:23:41.715+0000] {dagbag.py:545} INFO - Filling up the DagBag from /opt/airflow/dags/dag_airflow.py
[2025-02-20T20:23:41.743+0000] {processor.py:840} INFO - DAG(s) 'kafka_spark_postgres_pipeline' retrieved from /opt/airflow/dags/dag_airflow.py
[2025-02-20T20:23:41.779+0000] {logging_mixin.py:188} INFO - [2025-02-20T20:23:41.779+0000] {dag.py:3096} INFO - Sync 1 DAGs
[2025-02-20T20:23:41.808+0000] {logging_mixin.py:188} INFO - [2025-02-20T20:23:41.808+0000] {dag.py:3954} INFO - Setting next_dagrun for kafka_spark_postgres_pipeline to 2025-02-19 00:00:00+00:00, run_after=2025-02-20 00:00:00+00:00
[2025-02-20T20:23:41.831+0000] {processor.py:183} INFO - Processing /opt/airflow/dags/dag_airflow.py took 0.128 seconds
[2025-02-20T20:24:12.070+0000] {processor.py:161} INFO - Started process (PID=1021) to work on /opt/airflow/dags/dag_airflow.py
[2025-02-20T20:24:12.071+0000] {processor.py:830} INFO - Processing file /opt/airflow/dags/dag_airflow.py for tasks to queue
[2025-02-20T20:24:12.073+0000] {logging_mixin.py:188} INFO - [2025-02-20T20:24:12.073+0000] {dagbag.py:545} INFO - Filling up the DagBag from /opt/airflow/dags/dag_airflow.py
[2025-02-20T20:24:12.103+0000] {processor.py:840} INFO - DAG(s) 'kafka_spark_postgres_pipeline' retrieved from /opt/airflow/dags/dag_airflow.py
[2025-02-20T20:24:12.138+0000] {logging_mixin.py:188} INFO - [2025-02-20T20:24:12.138+0000] {dag.py:3096} INFO - Sync 1 DAGs
[2025-02-20T20:24:12.163+0000] {logging_mixin.py:188} INFO - [2025-02-20T20:24:12.163+0000] {dag.py:3954} INFO - Setting next_dagrun for kafka_spark_postgres_pipeline to 2025-02-19 00:00:00+00:00, run_after=2025-02-20 00:00:00+00:00
[2025-02-20T20:24:12.187+0000] {processor.py:183} INFO - Processing /opt/airflow/dags/dag_airflow.py took 0.124 seconds
[2025-02-20T20:24:42.397+0000] {processor.py:161} INFO - Started process (PID=1026) to work on /opt/airflow/dags/dag_airflow.py
[2025-02-20T20:24:42.398+0000] {processor.py:830} INFO - Processing file /opt/airflow/dags/dag_airflow.py for tasks to queue
[2025-02-20T20:24:42.401+0000] {logging_mixin.py:188} INFO - [2025-02-20T20:24:42.400+0000] {dagbag.py:545} INFO - Filling up the DagBag from /opt/airflow/dags/dag_airflow.py
[2025-02-20T20:24:42.424+0000] {processor.py:840} INFO - DAG(s) 'kafka_spark_postgres_pipeline' retrieved from /opt/airflow/dags/dag_airflow.py
[2025-02-20T20:24:42.460+0000] {logging_mixin.py:188} INFO - [2025-02-20T20:24:42.460+0000] {dag.py:3096} INFO - Sync 1 DAGs
[2025-02-20T20:24:42.486+0000] {logging_mixin.py:188} INFO - [2025-02-20T20:24:42.486+0000] {dag.py:3954} INFO - Setting next_dagrun for kafka_spark_postgres_pipeline to 2025-02-19 00:00:00+00:00, run_after=2025-02-20 00:00:00+00:00
[2025-02-20T20:24:42.509+0000] {processor.py:183} INFO - Processing /opt/airflow/dags/dag_airflow.py took 0.118 seconds
[2025-02-20T20:25:12.712+0000] {processor.py:161} INFO - Started process (PID=1031) to work on /opt/airflow/dags/dag_airflow.py
[2025-02-20T20:25:12.713+0000] {processor.py:830} INFO - Processing file /opt/airflow/dags/dag_airflow.py for tasks to queue
[2025-02-20T20:25:12.715+0000] {logging_mixin.py:188} INFO - [2025-02-20T20:25:12.715+0000] {dagbag.py:545} INFO - Filling up the DagBag from /opt/airflow/dags/dag_airflow.py
[2025-02-20T20:25:12.740+0000] {processor.py:840} INFO - DAG(s) 'kafka_spark_postgres_pipeline' retrieved from /opt/airflow/dags/dag_airflow.py
[2025-02-20T20:25:12.779+0000] {logging_mixin.py:188} INFO - [2025-02-20T20:25:12.779+0000] {dag.py:3096} INFO - Sync 1 DAGs
[2025-02-20T20:25:12.804+0000] {logging_mixin.py:188} INFO - [2025-02-20T20:25:12.804+0000] {dag.py:3954} INFO - Setting next_dagrun for kafka_spark_postgres_pipeline to 2025-02-19 00:00:00+00:00, run_after=2025-02-20 00:00:00+00:00
[2025-02-20T20:25:12.826+0000] {processor.py:183} INFO - Processing /opt/airflow/dags/dag_airflow.py took 0.121 seconds
[2025-02-20T20:25:43.073+0000] {processor.py:161} INFO - Started process (PID=1036) to work on /opt/airflow/dags/dag_airflow.py
[2025-02-20T20:25:43.074+0000] {processor.py:830} INFO - Processing file /opt/airflow/dags/dag_airflow.py for tasks to queue
[2025-02-20T20:25:43.076+0000] {logging_mixin.py:188} INFO - [2025-02-20T20:25:43.076+0000] {dagbag.py:545} INFO - Filling up the DagBag from /opt/airflow/dags/dag_airflow.py
[2025-02-20T20:25:43.104+0000] {processor.py:840} INFO - DAG(s) 'kafka_spark_postgres_pipeline' retrieved from /opt/airflow/dags/dag_airflow.py
[2025-02-20T20:25:43.139+0000] {logging_mixin.py:188} INFO - [2025-02-20T20:25:43.138+0000] {dag.py:3096} INFO - Sync 1 DAGs
[2025-02-20T20:25:43.165+0000] {logging_mixin.py:188} INFO - [2025-02-20T20:25:43.164+0000] {dag.py:3954} INFO - Setting next_dagrun for kafka_spark_postgres_pipeline to 2025-02-19 00:00:00+00:00, run_after=2025-02-20 00:00:00+00:00
[2025-02-20T20:25:43.187+0000] {processor.py:183} INFO - Processing /opt/airflow/dags/dag_airflow.py took 0.121 seconds
[2025-02-20T20:26:13.392+0000] {processor.py:161} INFO - Started process (PID=1041) to work on /opt/airflow/dags/dag_airflow.py
[2025-02-20T20:26:13.393+0000] {processor.py:830} INFO - Processing file /opt/airflow/dags/dag_airflow.py for tasks to queue
[2025-02-20T20:26:13.396+0000] {logging_mixin.py:188} INFO - [2025-02-20T20:26:13.396+0000] {dagbag.py:545} INFO - Filling up the DagBag from /opt/airflow/dags/dag_airflow.py
[2025-02-20T20:26:13.430+0000] {processor.py:840} INFO - DAG(s) 'kafka_spark_postgres_pipeline' retrieved from /opt/airflow/dags/dag_airflow.py
[2025-02-20T20:26:13.468+0000] {logging_mixin.py:188} INFO - [2025-02-20T20:26:13.468+0000] {dag.py:3096} INFO - Sync 1 DAGs
[2025-02-20T20:26:13.499+0000] {logging_mixin.py:188} INFO - [2025-02-20T20:26:13.498+0000] {dag.py:3954} INFO - Setting next_dagrun for kafka_spark_postgres_pipeline to 2025-02-19 00:00:00+00:00, run_after=2025-02-20 00:00:00+00:00
[2025-02-20T20:26:13.524+0000] {processor.py:183} INFO - Processing /opt/airflow/dags/dag_airflow.py took 0.141 seconds
[2025-02-20T20:26:43.717+0000] {processor.py:161} INFO - Started process (PID=1046) to work on /opt/airflow/dags/dag_airflow.py
[2025-02-20T20:26:43.719+0000] {processor.py:830} INFO - Processing file /opt/airflow/dags/dag_airflow.py for tasks to queue
[2025-02-20T20:26:43.721+0000] {logging_mixin.py:188} INFO - [2025-02-20T20:26:43.720+0000] {dagbag.py:545} INFO - Filling up the DagBag from /opt/airflow/dags/dag_airflow.py
[2025-02-20T20:26:43.753+0000] {processor.py:840} INFO - DAG(s) 'kafka_spark_postgres_pipeline' retrieved from /opt/airflow/dags/dag_airflow.py
[2025-02-20T20:26:43.801+0000] {logging_mixin.py:188} INFO - [2025-02-20T20:26:43.800+0000] {dag.py:3096} INFO - Sync 1 DAGs
[2025-02-20T20:26:43.843+0000] {logging_mixin.py:188} INFO - [2025-02-20T20:26:43.843+0000] {dag.py:3954} INFO - Setting next_dagrun for kafka_spark_postgres_pipeline to 2025-02-19 00:00:00+00:00, run_after=2025-02-20 00:00:00+00:00
[2025-02-20T20:26:43.866+0000] {processor.py:183} INFO - Processing /opt/airflow/dags/dag_airflow.py took 0.159 seconds
[2025-02-20T20:27:14.141+0000] {processor.py:161} INFO - Started process (PID=1051) to work on /opt/airflow/dags/dag_airflow.py
[2025-02-20T20:27:14.142+0000] {processor.py:830} INFO - Processing file /opt/airflow/dags/dag_airflow.py for tasks to queue
[2025-02-20T20:27:14.146+0000] {logging_mixin.py:188} INFO - [2025-02-20T20:27:14.145+0000] {dagbag.py:545} INFO - Filling up the DagBag from /opt/airflow/dags/dag_airflow.py
[2025-02-20T20:27:14.174+0000] {processor.py:840} INFO - DAG(s) 'kafka_spark_postgres_pipeline' retrieved from /opt/airflow/dags/dag_airflow.py
[2025-02-20T20:27:14.218+0000] {logging_mixin.py:188} INFO - [2025-02-20T20:27:14.218+0000] {dag.py:3096} INFO - Sync 1 DAGs
[2025-02-20T20:27:14.251+0000] {logging_mixin.py:188} INFO - [2025-02-20T20:27:14.251+0000] {dag.py:3954} INFO - Setting next_dagrun for kafka_spark_postgres_pipeline to 2025-02-19 00:00:00+00:00, run_after=2025-02-20 00:00:00+00:00
[2025-02-20T20:27:14.279+0000] {processor.py:183} INFO - Processing /opt/airflow/dags/dag_airflow.py took 0.145 seconds
[2025-02-20T20:27:44.524+0000] {processor.py:161} INFO - Started process (PID=1056) to work on /opt/airflow/dags/dag_airflow.py
[2025-02-20T20:27:44.526+0000] {processor.py:830} INFO - Processing file /opt/airflow/dags/dag_airflow.py for tasks to queue
[2025-02-20T20:27:44.529+0000] {logging_mixin.py:188} INFO - [2025-02-20T20:27:44.528+0000] {dagbag.py:545} INFO - Filling up the DagBag from /opt/airflow/dags/dag_airflow.py
[2025-02-20T20:27:44.563+0000] {processor.py:840} INFO - DAG(s) 'kafka_spark_postgres_pipeline' retrieved from /opt/airflow/dags/dag_airflow.py
[2025-02-20T20:27:44.604+0000] {logging_mixin.py:188} INFO - [2025-02-20T20:27:44.604+0000] {dag.py:3096} INFO - Sync 1 DAGs
[2025-02-20T20:27:44.637+0000] {logging_mixin.py:188} INFO - [2025-02-20T20:27:44.637+0000] {dag.py:3954} INFO - Setting next_dagrun for kafka_spark_postgres_pipeline to 2025-02-19 00:00:00+00:00, run_after=2025-02-20 00:00:00+00:00
[2025-02-20T20:27:44.661+0000] {processor.py:183} INFO - Processing /opt/airflow/dags/dag_airflow.py took 0.145 seconds
[2025-02-20T20:28:14.899+0000] {processor.py:161} INFO - Started process (PID=1061) to work on /opt/airflow/dags/dag_airflow.py
[2025-02-20T20:28:14.900+0000] {processor.py:830} INFO - Processing file /opt/airflow/dags/dag_airflow.py for tasks to queue
[2025-02-20T20:28:14.902+0000] {logging_mixin.py:188} INFO - [2025-02-20T20:28:14.902+0000] {dagbag.py:545} INFO - Filling up the DagBag from /opt/airflow/dags/dag_airflow.py
[2025-02-20T20:28:14.929+0000] {processor.py:840} INFO - DAG(s) 'kafka_spark_postgres_pipeline' retrieved from /opt/airflow/dags/dag_airflow.py
[2025-02-20T20:28:14.965+0000] {logging_mixin.py:188} INFO - [2025-02-20T20:28:14.964+0000] {dag.py:3096} INFO - Sync 1 DAGs
[2025-02-20T20:28:14.990+0000] {logging_mixin.py:188} INFO - [2025-02-20T20:28:14.990+0000] {dag.py:3954} INFO - Setting next_dagrun for kafka_spark_postgres_pipeline to 2025-02-19 00:00:00+00:00, run_after=2025-02-20 00:00:00+00:00
[2025-02-20T20:28:15.014+0000] {processor.py:183} INFO - Processing /opt/airflow/dags/dag_airflow.py took 0.121 seconds
[2025-02-20T20:28:45.287+0000] {processor.py:161} INFO - Started process (PID=1066) to work on /opt/airflow/dags/dag_airflow.py
[2025-02-20T20:28:45.288+0000] {processor.py:830} INFO - Processing file /opt/airflow/dags/dag_airflow.py for tasks to queue
[2025-02-20T20:28:45.291+0000] {logging_mixin.py:188} INFO - [2025-02-20T20:28:45.290+0000] {dagbag.py:545} INFO - Filling up the DagBag from /opt/airflow/dags/dag_airflow.py
[2025-02-20T20:28:45.318+0000] {processor.py:840} INFO - DAG(s) 'kafka_spark_postgres_pipeline' retrieved from /opt/airflow/dags/dag_airflow.py
[2025-02-20T20:28:45.353+0000] {logging_mixin.py:188} INFO - [2025-02-20T20:28:45.353+0000] {dag.py:3096} INFO - Sync 1 DAGs
[2025-02-20T20:28:45.379+0000] {logging_mixin.py:188} INFO - [2025-02-20T20:28:45.379+0000] {dag.py:3954} INFO - Setting next_dagrun for kafka_spark_postgres_pipeline to 2025-02-19 00:00:00+00:00, run_after=2025-02-20 00:00:00+00:00
[2025-02-20T20:28:45.401+0000] {processor.py:183} INFO - Processing /opt/airflow/dags/dag_airflow.py took 0.124 seconds
[2025-02-20T20:29:15.566+0000] {processor.py:161} INFO - Started process (PID=1071) to work on /opt/airflow/dags/dag_airflow.py
[2025-02-20T20:29:15.567+0000] {processor.py:830} INFO - Processing file /opt/airflow/dags/dag_airflow.py for tasks to queue
[2025-02-20T20:29:15.569+0000] {logging_mixin.py:188} INFO - [2025-02-20T20:29:15.569+0000] {dagbag.py:545} INFO - Filling up the DagBag from /opt/airflow/dags/dag_airflow.py
[2025-02-20T20:29:15.595+0000] {processor.py:840} INFO - DAG(s) 'kafka_spark_postgres_pipeline' retrieved from /opt/airflow/dags/dag_airflow.py
[2025-02-20T20:29:15.630+0000] {logging_mixin.py:188} INFO - [2025-02-20T20:29:15.629+0000] {dag.py:3096} INFO - Sync 1 DAGs
[2025-02-20T20:29:15.655+0000] {logging_mixin.py:188} INFO - [2025-02-20T20:29:15.655+0000] {dag.py:3954} INFO - Setting next_dagrun for kafka_spark_postgres_pipeline to 2025-02-19 00:00:00+00:00, run_after=2025-02-20 00:00:00+00:00
[2025-02-20T20:29:15.677+0000] {processor.py:183} INFO - Processing /opt/airflow/dags/dag_airflow.py took 0.118 seconds
[2025-02-20T20:29:46.013+0000] {processor.py:161} INFO - Started process (PID=1076) to work on /opt/airflow/dags/dag_airflow.py
[2025-02-20T20:29:46.014+0000] {processor.py:830} INFO - Processing file /opt/airflow/dags/dag_airflow.py for tasks to queue
[2025-02-20T20:29:46.016+0000] {logging_mixin.py:188} INFO - [2025-02-20T20:29:46.016+0000] {dagbag.py:545} INFO - Filling up the DagBag from /opt/airflow/dags/dag_airflow.py
[2025-02-20T20:29:46.038+0000] {processor.py:840} INFO - DAG(s) 'kafka_spark_postgres_pipeline' retrieved from /opt/airflow/dags/dag_airflow.py
[2025-02-20T20:29:46.073+0000] {logging_mixin.py:188} INFO - [2025-02-20T20:29:46.073+0000] {dag.py:3096} INFO - Sync 1 DAGs
[2025-02-20T20:29:46.112+0000] {logging_mixin.py:188} INFO - [2025-02-20T20:29:46.111+0000] {dag.py:3954} INFO - Setting next_dagrun for kafka_spark_postgres_pipeline to 2025-02-19 00:00:00+00:00, run_after=2025-02-20 00:00:00+00:00
[2025-02-20T20:29:46.138+0000] {processor.py:183} INFO - Processing /opt/airflow/dags/dag_airflow.py took 0.131 seconds
[2025-02-20T20:30:16.454+0000] {processor.py:161} INFO - Started process (PID=1081) to work on /opt/airflow/dags/dag_airflow.py
[2025-02-20T20:30:16.455+0000] {processor.py:830} INFO - Processing file /opt/airflow/dags/dag_airflow.py for tasks to queue
[2025-02-20T20:30:16.457+0000] {logging_mixin.py:188} INFO - [2025-02-20T20:30:16.457+0000] {dagbag.py:545} INFO - Filling up the DagBag from /opt/airflow/dags/dag_airflow.py
[2025-02-20T20:30:16.478+0000] {processor.py:840} INFO - DAG(s) 'kafka_spark_postgres_pipeline' retrieved from /opt/airflow/dags/dag_airflow.py
[2025-02-20T20:30:16.513+0000] {logging_mixin.py:188} INFO - [2025-02-20T20:30:16.512+0000] {dag.py:3096} INFO - Sync 1 DAGs
[2025-02-20T20:30:16.538+0000] {logging_mixin.py:188} INFO - [2025-02-20T20:30:16.538+0000] {dag.py:3954} INFO - Setting next_dagrun for kafka_spark_postgres_pipeline to 2025-02-19 00:00:00+00:00, run_after=2025-02-20 00:00:00+00:00
[2025-02-20T20:30:16.560+0000] {processor.py:183} INFO - Processing /opt/airflow/dags/dag_airflow.py took 0.112 seconds
[2025-02-20T20:30:46.806+0000] {processor.py:161} INFO - Started process (PID=1086) to work on /opt/airflow/dags/dag_airflow.py
[2025-02-20T20:30:46.807+0000] {processor.py:830} INFO - Processing file /opt/airflow/dags/dag_airflow.py for tasks to queue
[2025-02-20T20:30:46.810+0000] {logging_mixin.py:188} INFO - [2025-02-20T20:30:46.810+0000] {dagbag.py:545} INFO - Filling up the DagBag from /opt/airflow/dags/dag_airflow.py
[2025-02-20T20:30:46.840+0000] {processor.py:840} INFO - DAG(s) 'kafka_spark_postgres_pipeline' retrieved from /opt/airflow/dags/dag_airflow.py
[2025-02-20T20:30:46.884+0000] {logging_mixin.py:188} INFO - [2025-02-20T20:30:46.884+0000] {dag.py:3096} INFO - Sync 1 DAGs
[2025-02-20T20:30:46.918+0000] {logging_mixin.py:188} INFO - [2025-02-20T20:30:46.918+0000] {dag.py:3954} INFO - Setting next_dagrun for kafka_spark_postgres_pipeline to 2025-02-19 00:00:00+00:00, run_after=2025-02-20 00:00:00+00:00
[2025-02-20T20:30:46.943+0000] {processor.py:183} INFO - Processing /opt/airflow/dags/dag_airflow.py took 0.144 seconds
[2025-02-20T20:31:17.099+0000] {processor.py:161} INFO - Started process (PID=1091) to work on /opt/airflow/dags/dag_airflow.py
[2025-02-20T20:31:17.100+0000] {processor.py:830} INFO - Processing file /opt/airflow/dags/dag_airflow.py for tasks to queue
[2025-02-20T20:31:17.103+0000] {logging_mixin.py:188} INFO - [2025-02-20T20:31:17.102+0000] {dagbag.py:545} INFO - Filling up the DagBag from /opt/airflow/dags/dag_airflow.py
[2025-02-20T20:31:17.133+0000] {processor.py:840} INFO - DAG(s) 'kafka_spark_postgres_pipeline' retrieved from /opt/airflow/dags/dag_airflow.py
[2025-02-20T20:31:17.171+0000] {logging_mixin.py:188} INFO - [2025-02-20T20:31:17.171+0000] {dag.py:3096} INFO - Sync 1 DAGs
[2025-02-20T20:31:17.197+0000] {logging_mixin.py:188} INFO - [2025-02-20T20:31:17.197+0000] {dag.py:3954} INFO - Setting next_dagrun for kafka_spark_postgres_pipeline to 2025-02-19 00:00:00+00:00, run_after=2025-02-20 00:00:00+00:00
[2025-02-20T20:31:17.224+0000] {processor.py:183} INFO - Processing /opt/airflow/dags/dag_airflow.py took 0.131 seconds
[2025-02-20T20:31:47.554+0000] {processor.py:161} INFO - Started process (PID=1096) to work on /opt/airflow/dags/dag_airflow.py
[2025-02-20T20:31:47.555+0000] {processor.py:830} INFO - Processing file /opt/airflow/dags/dag_airflow.py for tasks to queue
[2025-02-20T20:31:47.558+0000] {logging_mixin.py:188} INFO - [2025-02-20T20:31:47.557+0000] {dagbag.py:545} INFO - Filling up the DagBag from /opt/airflow/dags/dag_airflow.py
[2025-02-20T20:31:47.586+0000] {processor.py:840} INFO - DAG(s) 'kafka_spark_postgres_pipeline' retrieved from /opt/airflow/dags/dag_airflow.py
[2025-02-20T20:31:47.627+0000] {logging_mixin.py:188} INFO - [2025-02-20T20:31:47.627+0000] {dag.py:3096} INFO - Sync 1 DAGs
[2025-02-20T20:31:47.654+0000] {logging_mixin.py:188} INFO - [2025-02-20T20:31:47.654+0000] {dag.py:3954} INFO - Setting next_dagrun for kafka_spark_postgres_pipeline to 2025-02-19 00:00:00+00:00, run_after=2025-02-20 00:00:00+00:00
[2025-02-20T20:31:47.676+0000] {processor.py:183} INFO - Processing /opt/airflow/dags/dag_airflow.py took 0.129 seconds
[2025-02-20T20:32:17.824+0000] {processor.py:161} INFO - Started process (PID=1101) to work on /opt/airflow/dags/dag_airflow.py
[2025-02-20T20:32:17.826+0000] {processor.py:830} INFO - Processing file /opt/airflow/dags/dag_airflow.py for tasks to queue
[2025-02-20T20:32:17.828+0000] {logging_mixin.py:188} INFO - [2025-02-20T20:32:17.828+0000] {dagbag.py:545} INFO - Filling up the DagBag from /opt/airflow/dags/dag_airflow.py
[2025-02-20T20:32:17.853+0000] {processor.py:840} INFO - DAG(s) 'kafka_spark_postgres_pipeline' retrieved from /opt/airflow/dags/dag_airflow.py
[2025-02-20T20:32:17.889+0000] {logging_mixin.py:188} INFO - [2025-02-20T20:32:17.889+0000] {dag.py:3096} INFO - Sync 1 DAGs
[2025-02-20T20:32:17.916+0000] {logging_mixin.py:188} INFO - [2025-02-20T20:32:17.916+0000] {dag.py:3954} INFO - Setting next_dagrun for kafka_spark_postgres_pipeline to 2025-02-19 00:00:00+00:00, run_after=2025-02-20 00:00:00+00:00
[2025-02-20T20:32:17.936+0000] {processor.py:183} INFO - Processing /opt/airflow/dags/dag_airflow.py took 0.119 seconds
[2025-02-20T20:32:48.233+0000] {processor.py:161} INFO - Started process (PID=1106) to work on /opt/airflow/dags/dag_airflow.py
[2025-02-20T20:32:48.234+0000] {processor.py:830} INFO - Processing file /opt/airflow/dags/dag_airflow.py for tasks to queue
[2025-02-20T20:32:48.237+0000] {logging_mixin.py:188} INFO - [2025-02-20T20:32:48.236+0000] {dagbag.py:545} INFO - Filling up the DagBag from /opt/airflow/dags/dag_airflow.py
[2025-02-20T20:32:48.261+0000] {processor.py:840} INFO - DAG(s) 'kafka_spark_postgres_pipeline' retrieved from /opt/airflow/dags/dag_airflow.py
[2025-02-20T20:32:48.294+0000] {logging_mixin.py:188} INFO - [2025-02-20T20:32:48.294+0000] {dag.py:3096} INFO - Sync 1 DAGs
[2025-02-20T20:32:48.321+0000] {logging_mixin.py:188} INFO - [2025-02-20T20:32:48.321+0000] {dag.py:3954} INFO - Setting next_dagrun for kafka_spark_postgres_pipeline to 2025-02-19 00:00:00+00:00, run_after=2025-02-20 00:00:00+00:00
[2025-02-20T20:32:48.345+0000] {processor.py:183} INFO - Processing /opt/airflow/dags/dag_airflow.py took 0.118 seconds
[2025-02-20T20:33:18.558+0000] {processor.py:161} INFO - Started process (PID=1111) to work on /opt/airflow/dags/dag_airflow.py
[2025-02-20T20:33:18.559+0000] {processor.py:830} INFO - Processing file /opt/airflow/dags/dag_airflow.py for tasks to queue
[2025-02-20T20:33:18.561+0000] {logging_mixin.py:188} INFO - [2025-02-20T20:33:18.561+0000] {dagbag.py:545} INFO - Filling up the DagBag from /opt/airflow/dags/dag_airflow.py
[2025-02-20T20:33:18.587+0000] {processor.py:840} INFO - DAG(s) 'kafka_spark_postgres_pipeline' retrieved from /opt/airflow/dags/dag_airflow.py
[2025-02-20T20:33:18.622+0000] {logging_mixin.py:188} INFO - [2025-02-20T20:33:18.622+0000] {dag.py:3096} INFO - Sync 1 DAGs
[2025-02-20T20:33:18.648+0000] {logging_mixin.py:188} INFO - [2025-02-20T20:33:18.647+0000] {dag.py:3954} INFO - Setting next_dagrun for kafka_spark_postgres_pipeline to 2025-02-19 00:00:00+00:00, run_after=2025-02-20 00:00:00+00:00
[2025-02-20T20:33:18.670+0000] {processor.py:183} INFO - Processing /opt/airflow/dags/dag_airflow.py took 0.119 seconds
[2025-02-20T20:33:48.966+0000] {processor.py:161} INFO - Started process (PID=1116) to work on /opt/airflow/dags/dag_airflow.py
[2025-02-20T20:33:48.968+0000] {processor.py:830} INFO - Processing file /opt/airflow/dags/dag_airflow.py for tasks to queue
[2025-02-20T20:33:48.971+0000] {logging_mixin.py:188} INFO - [2025-02-20T20:33:48.970+0000] {dagbag.py:545} INFO - Filling up the DagBag from /opt/airflow/dags/dag_airflow.py
[2025-02-20T20:33:49.002+0000] {processor.py:840} INFO - DAG(s) 'kafka_spark_postgres_pipeline' retrieved from /opt/airflow/dags/dag_airflow.py
[2025-02-20T20:33:49.075+0000] {logging_mixin.py:188} INFO - [2025-02-20T20:33:49.075+0000] {dag.py:3096} INFO - Sync 1 DAGs
[2025-02-20T20:33:49.119+0000] {logging_mixin.py:188} INFO - [2025-02-20T20:33:49.119+0000] {dag.py:3954} INFO - Setting next_dagrun for kafka_spark_postgres_pipeline to 2025-02-19 00:00:00+00:00, run_after=2025-02-20 00:00:00+00:00
[2025-02-20T20:33:49.143+0000] {processor.py:183} INFO - Processing /opt/airflow/dags/dag_airflow.py took 0.188 seconds
[2025-02-20T20:34:19.244+0000] {processor.py:161} INFO - Started process (PID=1121) to work on /opt/airflow/dags/dag_airflow.py
[2025-02-20T20:34:19.245+0000] {processor.py:830} INFO - Processing file /opt/airflow/dags/dag_airflow.py for tasks to queue
[2025-02-20T20:34:19.247+0000] {logging_mixin.py:188} INFO - [2025-02-20T20:34:19.247+0000] {dagbag.py:545} INFO - Filling up the DagBag from /opt/airflow/dags/dag_airflow.py
[2025-02-20T20:34:19.267+0000] {processor.py:840} INFO - DAG(s) 'kafka_spark_postgres_pipeline' retrieved from /opt/airflow/dags/dag_airflow.py
[2025-02-20T20:34:19.304+0000] {logging_mixin.py:188} INFO - [2025-02-20T20:34:19.304+0000] {dag.py:3096} INFO - Sync 1 DAGs
[2025-02-20T20:34:19.337+0000] {logging_mixin.py:188} INFO - [2025-02-20T20:34:19.337+0000] {dag.py:3954} INFO - Setting next_dagrun for kafka_spark_postgres_pipeline to 2025-02-19 00:00:00+00:00, run_after=2025-02-20 00:00:00+00:00
[2025-02-20T20:34:19.362+0000] {processor.py:183} INFO - Processing /opt/airflow/dags/dag_airflow.py took 0.125 seconds
[2025-02-20T20:34:49.529+0000] {processor.py:161} INFO - Started process (PID=1126) to work on /opt/airflow/dags/dag_airflow.py
[2025-02-20T20:34:49.530+0000] {processor.py:830} INFO - Processing file /opt/airflow/dags/dag_airflow.py for tasks to queue
[2025-02-20T20:34:49.533+0000] {logging_mixin.py:188} INFO - [2025-02-20T20:34:49.532+0000] {dagbag.py:545} INFO - Filling up the DagBag from /opt/airflow/dags/dag_airflow.py
[2025-02-20T20:34:49.557+0000] {processor.py:840} INFO - DAG(s) 'kafka_spark_postgres_pipeline' retrieved from /opt/airflow/dags/dag_airflow.py
[2025-02-20T20:34:49.592+0000] {logging_mixin.py:188} INFO - [2025-02-20T20:34:49.592+0000] {dag.py:3096} INFO - Sync 1 DAGs
[2025-02-20T20:34:49.618+0000] {logging_mixin.py:188} INFO - [2025-02-20T20:34:49.618+0000] {dag.py:3954} INFO - Setting next_dagrun for kafka_spark_postgres_pipeline to 2025-02-19 00:00:00+00:00, run_after=2025-02-20 00:00:00+00:00
[2025-02-20T20:34:49.641+0000] {processor.py:183} INFO - Processing /opt/airflow/dags/dag_airflow.py took 0.119 seconds
[2025-02-20T20:35:19.918+0000] {processor.py:161} INFO - Started process (PID=1131) to work on /opt/airflow/dags/dag_airflow.py
[2025-02-20T20:35:19.919+0000] {processor.py:830} INFO - Processing file /opt/airflow/dags/dag_airflow.py for tasks to queue
[2025-02-20T20:35:19.921+0000] {logging_mixin.py:188} INFO - [2025-02-20T20:35:19.921+0000] {dagbag.py:545} INFO - Filling up the DagBag from /opt/airflow/dags/dag_airflow.py
[2025-02-20T20:35:19.945+0000] {processor.py:840} INFO - DAG(s) 'kafka_spark_postgres_pipeline' retrieved from /opt/airflow/dags/dag_airflow.py
[2025-02-20T20:35:19.979+0000] {logging_mixin.py:188} INFO - [2025-02-20T20:35:19.979+0000] {dag.py:3096} INFO - Sync 1 DAGs
[2025-02-20T20:35:20.004+0000] {logging_mixin.py:188} INFO - [2025-02-20T20:35:20.004+0000] {dag.py:3954} INFO - Setting next_dagrun for kafka_spark_postgres_pipeline to 2025-02-19 00:00:00+00:00, run_after=2025-02-20 00:00:00+00:00
[2025-02-20T20:35:20.033+0000] {processor.py:183} INFO - Processing /opt/airflow/dags/dag_airflow.py took 0.122 seconds
[2025-02-20T20:35:50.233+0000] {processor.py:161} INFO - Started process (PID=1136) to work on /opt/airflow/dags/dag_airflow.py
[2025-02-20T20:35:50.235+0000] {processor.py:830} INFO - Processing file /opt/airflow/dags/dag_airflow.py for tasks to queue
[2025-02-20T20:35:50.237+0000] {logging_mixin.py:188} INFO - [2025-02-20T20:35:50.236+0000] {dagbag.py:545} INFO - Filling up the DagBag from /opt/airflow/dags/dag_airflow.py
[2025-02-20T20:35:50.261+0000] {processor.py:840} INFO - DAG(s) 'kafka_spark_postgres_pipeline' retrieved from /opt/airflow/dags/dag_airflow.py
[2025-02-20T20:35:50.295+0000] {logging_mixin.py:188} INFO - [2025-02-20T20:35:50.295+0000] {dag.py:3096} INFO - Sync 1 DAGs
[2025-02-20T20:35:50.322+0000] {logging_mixin.py:188} INFO - [2025-02-20T20:35:50.321+0000] {dag.py:3954} INFO - Setting next_dagrun for kafka_spark_postgres_pipeline to 2025-02-19 00:00:00+00:00, run_after=2025-02-20 00:00:00+00:00
[2025-02-20T20:35:50.349+0000] {processor.py:183} INFO - Processing /opt/airflow/dags/dag_airflow.py took 0.122 seconds
[2025-02-20T20:36:20.627+0000] {processor.py:161} INFO - Started process (PID=1141) to work on /opt/airflow/dags/dag_airflow.py
[2025-02-20T20:36:20.628+0000] {processor.py:830} INFO - Processing file /opt/airflow/dags/dag_airflow.py for tasks to queue
[2025-02-20T20:36:20.630+0000] {logging_mixin.py:188} INFO - [2025-02-20T20:36:20.630+0000] {dagbag.py:545} INFO - Filling up the DagBag from /opt/airflow/dags/dag_airflow.py
[2025-02-20T20:36:20.654+0000] {processor.py:840} INFO - DAG(s) 'kafka_spark_postgres_pipeline' retrieved from /opt/airflow/dags/dag_airflow.py
[2025-02-20T20:36:20.694+0000] {logging_mixin.py:188} INFO - [2025-02-20T20:36:20.693+0000] {dag.py:3096} INFO - Sync 1 DAGs
[2025-02-20T20:36:20.722+0000] {logging_mixin.py:188} INFO - [2025-02-20T20:36:20.722+0000] {dag.py:3954} INFO - Setting next_dagrun for kafka_spark_postgres_pipeline to 2025-02-19 00:00:00+00:00, run_after=2025-02-20 00:00:00+00:00
[2025-02-20T20:36:20.745+0000] {processor.py:183} INFO - Processing /opt/airflow/dags/dag_airflow.py took 0.124 seconds
[2025-02-20T20:36:50.947+0000] {processor.py:161} INFO - Started process (PID=1146) to work on /opt/airflow/dags/dag_airflow.py
[2025-02-20T20:36:50.949+0000] {processor.py:830} INFO - Processing file /opt/airflow/dags/dag_airflow.py for tasks to queue
[2025-02-20T20:36:50.951+0000] {logging_mixin.py:188} INFO - [2025-02-20T20:36:50.951+0000] {dagbag.py:545} INFO - Filling up the DagBag from /opt/airflow/dags/dag_airflow.py
[2025-02-20T20:36:50.995+0000] {processor.py:840} INFO - DAG(s) 'kafka_spark_postgres_pipeline' retrieved from /opt/airflow/dags/dag_airflow.py
[2025-02-20T20:36:51.049+0000] {logging_mixin.py:188} INFO - [2025-02-20T20:36:51.048+0000] {dag.py:3096} INFO - Sync 1 DAGs
[2025-02-20T20:36:51.111+0000] {logging_mixin.py:188} INFO - [2025-02-20T20:36:51.110+0000] {dag.py:3954} INFO - Setting next_dagrun for kafka_spark_postgres_pipeline to 2025-02-19 00:00:00+00:00, run_after=2025-02-20 00:00:00+00:00
[2025-02-20T20:36:51.151+0000] {processor.py:183} INFO - Processing /opt/airflow/dags/dag_airflow.py took 0.212 seconds
[2025-02-20T20:37:21.297+0000] {processor.py:161} INFO - Started process (PID=1151) to work on /opt/airflow/dags/dag_airflow.py
[2025-02-20T20:37:21.299+0000] {processor.py:830} INFO - Processing file /opt/airflow/dags/dag_airflow.py for tasks to queue
[2025-02-20T20:37:21.301+0000] {logging_mixin.py:188} INFO - [2025-02-20T20:37:21.301+0000] {dagbag.py:545} INFO - Filling up the DagBag from /opt/airflow/dags/dag_airflow.py
[2025-02-20T20:37:21.329+0000] {processor.py:840} INFO - DAG(s) 'kafka_spark_postgres_pipeline' retrieved from /opt/airflow/dags/dag_airflow.py
[2025-02-20T20:37:21.366+0000] {logging_mixin.py:188} INFO - [2025-02-20T20:37:21.366+0000] {dag.py:3096} INFO - Sync 1 DAGs
[2025-02-20T20:37:21.393+0000] {logging_mixin.py:188} INFO - [2025-02-20T20:37:21.392+0000] {dag.py:3954} INFO - Setting next_dagrun for kafka_spark_postgres_pipeline to 2025-02-19 00:00:00+00:00, run_after=2025-02-20 00:00:00+00:00
[2025-02-20T20:37:21.417+0000] {processor.py:183} INFO - Processing /opt/airflow/dags/dag_airflow.py took 0.127 seconds
[2025-02-20T20:37:51.864+0000] {processor.py:161} INFO - Started process (PID=1156) to work on /opt/airflow/dags/dag_airflow.py
[2025-02-20T20:37:51.866+0000] {processor.py:830} INFO - Processing file /opt/airflow/dags/dag_airflow.py for tasks to queue
[2025-02-20T20:37:51.879+0000] {logging_mixin.py:188} INFO - [2025-02-20T20:37:51.869+0000] {dagbag.py:545} INFO - Filling up the DagBag from /opt/airflow/dags/dag_airflow.py
[2025-02-20T20:37:51.910+0000] {processor.py:840} INFO - DAG(s) 'kafka_spark_postgres_pipeline' retrieved from /opt/airflow/dags/dag_airflow.py
[2025-02-20T20:37:51.953+0000] {logging_mixin.py:188} INFO - [2025-02-20T20:37:51.953+0000] {dag.py:3096} INFO - Sync 1 DAGs
[2025-02-20T20:37:51.984+0000] {logging_mixin.py:188} INFO - [2025-02-20T20:37:51.984+0000] {dag.py:3954} INFO - Setting next_dagrun for kafka_spark_postgres_pipeline to 2025-02-19 00:00:00+00:00, run_after=2025-02-20 00:00:00+00:00
[2025-02-20T20:37:52.022+0000] {processor.py:183} INFO - Processing /opt/airflow/dags/dag_airflow.py took 0.170 seconds
[2025-02-20T21:01:13.205+0000] {processor.py:161} INFO - Started process (PID=1161) to work on /opt/airflow/dags/dag_airflow.py
[2025-02-20T21:01:13.207+0000] {processor.py:830} INFO - Processing file /opt/airflow/dags/dag_airflow.py for tasks to queue
[2025-02-20T21:01:13.212+0000] {logging_mixin.py:188} INFO - [2025-02-20T21:01:13.211+0000] {dagbag.py:545} INFO - Filling up the DagBag from /opt/airflow/dags/dag_airflow.py
[2025-02-20T21:01:14.963+0000] {processor.py:840} INFO - DAG(s) 'kafka_spark_postgres_pipeline' retrieved from /opt/airflow/dags/dag_airflow.py
[2025-02-20T21:01:15.325+0000] {logging_mixin.py:188} INFO - [2025-02-20T21:01:15.325+0000] {dag.py:3096} INFO - Sync 1 DAGs
[2025-02-20T21:01:15.496+0000] {logging_mixin.py:188} INFO - [2025-02-20T21:01:15.496+0000] {dag.py:3954} INFO - Setting next_dagrun for kafka_spark_postgres_pipeline to 2025-02-19 00:00:00+00:00, run_after=2025-02-20 00:00:00+00:00
[2025-02-20T21:01:15.632+0000] {processor.py:183} INFO - Processing /opt/airflow/dags/dag_airflow.py took 2.449 seconds
[2025-02-20T21:01:46.111+0000] {processor.py:161} INFO - Started process (PID=1166) to work on /opt/airflow/dags/dag_airflow.py
[2025-02-20T21:01:46.132+0000] {processor.py:830} INFO - Processing file /opt/airflow/dags/dag_airflow.py for tasks to queue
[2025-02-20T21:01:46.198+0000] {logging_mixin.py:188} INFO - [2025-02-20T21:01:46.187+0000] {dagbag.py:545} INFO - Filling up the DagBag from /opt/airflow/dags/dag_airflow.py
[2025-02-20T21:01:46.414+0000] {processor.py:840} INFO - DAG(s) 'kafka_spark_postgres_pipeline' retrieved from /opt/airflow/dags/dag_airflow.py
[2025-02-20T21:01:46.495+0000] {logging_mixin.py:188} INFO - [2025-02-20T21:01:46.495+0000] {dag.py:3096} INFO - Sync 1 DAGs
[2025-02-20T21:01:46.548+0000] {logging_mixin.py:188} INFO - [2025-02-20T21:01:46.546+0000] {dag.py:3954} INFO - Setting next_dagrun for kafka_spark_postgres_pipeline to 2025-02-19 00:00:00+00:00, run_after=2025-02-20 00:00:00+00:00
[2025-02-20T21:01:46.603+0000] {processor.py:183} INFO - Processing /opt/airflow/dags/dag_airflow.py took 0.544 seconds
[2025-02-20T21:02:16.736+0000] {processor.py:161} INFO - Started process (PID=1171) to work on /opt/airflow/dags/dag_airflow.py
[2025-02-20T21:02:16.738+0000] {processor.py:830} INFO - Processing file /opt/airflow/dags/dag_airflow.py for tasks to queue
[2025-02-20T21:02:16.740+0000] {logging_mixin.py:188} INFO - [2025-02-20T21:02:16.739+0000] {dagbag.py:545} INFO - Filling up the DagBag from /opt/airflow/dags/dag_airflow.py
[2025-02-20T21:02:16.773+0000] {processor.py:840} INFO - DAG(s) 'kafka_spark_postgres_pipeline' retrieved from /opt/airflow/dags/dag_airflow.py
[2025-02-20T21:02:16.810+0000] {logging_mixin.py:188} INFO - [2025-02-20T21:02:16.810+0000] {dag.py:3096} INFO - Sync 1 DAGs
[2025-02-20T21:02:16.847+0000] {logging_mixin.py:188} INFO - [2025-02-20T21:02:16.846+0000] {dag.py:3954} INFO - Setting next_dagrun for kafka_spark_postgres_pipeline to 2025-02-19 00:00:00+00:00, run_after=2025-02-20 00:00:00+00:00
[2025-02-20T21:02:16.889+0000] {processor.py:183} INFO - Processing /opt/airflow/dags/dag_airflow.py took 0.193 seconds
[2025-02-20T21:02:47.413+0000] {processor.py:161} INFO - Started process (PID=1176) to work on /opt/airflow/dags/dag_airflow.py
[2025-02-20T21:02:47.414+0000] {processor.py:830} INFO - Processing file /opt/airflow/dags/dag_airflow.py for tasks to queue
[2025-02-20T21:02:47.417+0000] {logging_mixin.py:188} INFO - [2025-02-20T21:02:47.416+0000] {dagbag.py:545} INFO - Filling up the DagBag from /opt/airflow/dags/dag_airflow.py
[2025-02-20T21:02:47.466+0000] {processor.py:840} INFO - DAG(s) 'kafka_spark_postgres_pipeline' retrieved from /opt/airflow/dags/dag_airflow.py
[2025-02-20T21:02:47.520+0000] {logging_mixin.py:188} INFO - [2025-02-20T21:02:47.519+0000] {dag.py:3096} INFO - Sync 1 DAGs
[2025-02-20T21:02:47.556+0000] {logging_mixin.py:188} INFO - [2025-02-20T21:02:47.555+0000] {dag.py:3954} INFO - Setting next_dagrun for kafka_spark_postgres_pipeline to 2025-02-19 00:00:00+00:00, run_after=2025-02-20 00:00:00+00:00
[2025-02-20T21:02:47.584+0000] {processor.py:183} INFO - Processing /opt/airflow/dags/dag_airflow.py took 0.181 seconds
[2025-02-20T21:03:18.554+0000] {processor.py:161} INFO - Started process (PID=1181) to work on /opt/airflow/dags/dag_airflow.py
[2025-02-20T21:03:18.556+0000] {processor.py:830} INFO - Processing file /opt/airflow/dags/dag_airflow.py for tasks to queue
[2025-02-20T21:03:18.563+0000] {logging_mixin.py:188} INFO - [2025-02-20T21:03:18.562+0000] {dagbag.py:545} INFO - Filling up the DagBag from /opt/airflow/dags/dag_airflow.py
[2025-02-20T21:03:18.605+0000] {processor.py:840} INFO - DAG(s) 'kafka_spark_postgres_pipeline' retrieved from /opt/airflow/dags/dag_airflow.py
[2025-02-20T21:03:18.660+0000] {logging_mixin.py:188} INFO - [2025-02-20T21:03:18.660+0000] {dag.py:3096} INFO - Sync 1 DAGs
[2025-02-20T21:03:18.781+0000] {logging_mixin.py:188} INFO - [2025-02-20T21:03:18.781+0000] {dag.py:3954} INFO - Setting next_dagrun for kafka_spark_postgres_pipeline to 2025-02-19 00:00:00+00:00, run_after=2025-02-20 00:00:00+00:00
[2025-02-20T21:03:18.999+0000] {processor.py:183} INFO - Processing /opt/airflow/dags/dag_airflow.py took 0.457 seconds
[2025-02-20T21:03:49.354+0000] {processor.py:161} INFO - Started process (PID=1186) to work on /opt/airflow/dags/dag_airflow.py
[2025-02-20T21:03:49.356+0000] {processor.py:830} INFO - Processing file /opt/airflow/dags/dag_airflow.py for tasks to queue
[2025-02-20T21:03:49.360+0000] {logging_mixin.py:188} INFO - [2025-02-20T21:03:49.359+0000] {dagbag.py:545} INFO - Filling up the DagBag from /opt/airflow/dags/dag_airflow.py
[2025-02-20T21:03:49.400+0000] {processor.py:840} INFO - DAG(s) 'kafka_spark_postgres_pipeline' retrieved from /opt/airflow/dags/dag_airflow.py
[2025-02-20T21:03:49.454+0000] {logging_mixin.py:188} INFO - [2025-02-20T21:03:49.453+0000] {dag.py:3096} INFO - Sync 1 DAGs
[2025-02-20T21:03:49.490+0000] {logging_mixin.py:188} INFO - [2025-02-20T21:03:49.490+0000] {dag.py:3954} INFO - Setting next_dagrun for kafka_spark_postgres_pipeline to 2025-02-19 00:00:00+00:00, run_after=2025-02-20 00:00:00+00:00
[2025-02-20T21:03:49.520+0000] {processor.py:183} INFO - Processing /opt/airflow/dags/dag_airflow.py took 0.175 seconds
[2025-02-20T21:04:20.280+0000] {processor.py:161} INFO - Started process (PID=1191) to work on /opt/airflow/dags/dag_airflow.py
[2025-02-20T21:04:20.282+0000] {processor.py:830} INFO - Processing file /opt/airflow/dags/dag_airflow.py for tasks to queue
[2025-02-20T21:04:20.284+0000] {logging_mixin.py:188} INFO - [2025-02-20T21:04:20.284+0000] {dagbag.py:545} INFO - Filling up the DagBag from /opt/airflow/dags/dag_airflow.py
[2025-02-20T21:04:20.321+0000] {processor.py:840} INFO - DAG(s) 'kafka_spark_postgres_pipeline' retrieved from /opt/airflow/dags/dag_airflow.py
[2025-02-20T21:04:20.368+0000] {logging_mixin.py:188} INFO - [2025-02-20T21:04:20.367+0000] {dag.py:3096} INFO - Sync 1 DAGs
[2025-02-20T21:04:20.594+0000] {logging_mixin.py:188} INFO - [2025-02-20T21:04:20.594+0000] {dag.py:3954} INFO - Setting next_dagrun for kafka_spark_postgres_pipeline to 2025-02-19 00:00:00+00:00, run_after=2025-02-20 00:00:00+00:00
[2025-02-20T21:04:20.617+0000] {processor.py:183} INFO - Processing /opt/airflow/dags/dag_airflow.py took 0.345 seconds
[2025-02-20T21:04:51.245+0000] {processor.py:161} INFO - Started process (PID=1196) to work on /opt/airflow/dags/dag_airflow.py
[2025-02-20T21:04:51.247+0000] {processor.py:830} INFO - Processing file /opt/airflow/dags/dag_airflow.py for tasks to queue
[2025-02-20T21:04:51.249+0000] {logging_mixin.py:188} INFO - [2025-02-20T21:04:51.249+0000] {dagbag.py:545} INFO - Filling up the DagBag from /opt/airflow/dags/dag_airflow.py
[2025-02-20T21:04:51.273+0000] {processor.py:840} INFO - DAG(s) 'kafka_spark_postgres_pipeline' retrieved from /opt/airflow/dags/dag_airflow.py
[2025-02-20T21:04:51.308+0000] {logging_mixin.py:188} INFO - [2025-02-20T21:04:51.308+0000] {dag.py:3096} INFO - Sync 1 DAGs
[2025-02-20T21:04:51.339+0000] {logging_mixin.py:188} INFO - [2025-02-20T21:04:51.339+0000] {dag.py:3954} INFO - Setting next_dagrun for kafka_spark_postgres_pipeline to 2025-02-19 00:00:00+00:00, run_after=2025-02-20 00:00:00+00:00
[2025-02-20T21:04:51.385+0000] {processor.py:183} INFO - Processing /opt/airflow/dags/dag_airflow.py took 0.146 seconds
[2025-02-20T21:05:21.507+0000] {processor.py:161} INFO - Started process (PID=1201) to work on /opt/airflow/dags/dag_airflow.py
[2025-02-20T21:05:21.509+0000] {processor.py:830} INFO - Processing file /opt/airflow/dags/dag_airflow.py for tasks to queue
[2025-02-20T21:05:21.513+0000] {logging_mixin.py:188} INFO - [2025-02-20T21:05:21.512+0000] {dagbag.py:545} INFO - Filling up the DagBag from /opt/airflow/dags/dag_airflow.py
[2025-02-20T21:05:21.540+0000] {processor.py:840} INFO - DAG(s) 'kafka_spark_postgres_pipeline' retrieved from /opt/airflow/dags/dag_airflow.py
[2025-02-20T21:05:21.592+0000] {logging_mixin.py:188} INFO - [2025-02-20T21:05:21.592+0000] {dag.py:3096} INFO - Sync 1 DAGs
[2025-02-20T21:05:21.657+0000] {logging_mixin.py:188} INFO - [2025-02-20T21:05:21.657+0000] {dag.py:3954} INFO - Setting next_dagrun for kafka_spark_postgres_pipeline to 2025-02-19 00:00:00+00:00, run_after=2025-02-20 00:00:00+00:00
[2025-02-20T21:05:21.700+0000] {processor.py:183} INFO - Processing /opt/airflow/dags/dag_airflow.py took 0.203 seconds
[2025-02-20T21:05:52.356+0000] {processor.py:161} INFO - Started process (PID=1206) to work on /opt/airflow/dags/dag_airflow.py
[2025-02-20T21:05:52.357+0000] {processor.py:830} INFO - Processing file /opt/airflow/dags/dag_airflow.py for tasks to queue
[2025-02-20T21:05:52.359+0000] {logging_mixin.py:188} INFO - [2025-02-20T21:05:52.359+0000] {dagbag.py:545} INFO - Filling up the DagBag from /opt/airflow/dags/dag_airflow.py
[2025-02-20T21:05:52.389+0000] {processor.py:840} INFO - DAG(s) 'kafka_spark_postgres_pipeline' retrieved from /opt/airflow/dags/dag_airflow.py
[2025-02-20T21:05:52.434+0000] {logging_mixin.py:188} INFO - [2025-02-20T21:05:52.434+0000] {dag.py:3096} INFO - Sync 1 DAGs
[2025-02-20T21:05:52.468+0000] {logging_mixin.py:188} INFO - [2025-02-20T21:05:52.467+0000] {dag.py:3954} INFO - Setting next_dagrun for kafka_spark_postgres_pipeline to 2025-02-19 00:00:00+00:00, run_after=2025-02-20 00:00:00+00:00
[2025-02-20T21:05:52.498+0000] {processor.py:183} INFO - Processing /opt/airflow/dags/dag_airflow.py took 0.150 seconds
[2025-02-20T21:06:23.292+0000] {processor.py:161} INFO - Started process (PID=1211) to work on /opt/airflow/dags/dag_airflow.py
[2025-02-20T21:06:23.293+0000] {processor.py:830} INFO - Processing file /opt/airflow/dags/dag_airflow.py for tasks to queue
[2025-02-20T21:06:23.296+0000] {logging_mixin.py:188} INFO - [2025-02-20T21:06:23.295+0000] {dagbag.py:545} INFO - Filling up the DagBag from /opt/airflow/dags/dag_airflow.py
[2025-02-20T21:06:23.325+0000] {processor.py:840} INFO - DAG(s) 'kafka_spark_postgres_pipeline' retrieved from /opt/airflow/dags/dag_airflow.py
[2025-02-20T21:06:23.368+0000] {logging_mixin.py:188} INFO - [2025-02-20T21:06:23.368+0000] {dag.py:3096} INFO - Sync 1 DAGs
[2025-02-20T21:06:23.396+0000] {logging_mixin.py:188} INFO - [2025-02-20T21:06:23.396+0000] {dag.py:3954} INFO - Setting next_dagrun for kafka_spark_postgres_pipeline to 2025-02-19 00:00:00+00:00, run_after=2025-02-20 00:00:00+00:00
[2025-02-20T21:06:23.421+0000] {processor.py:183} INFO - Processing /opt/airflow/dags/dag_airflow.py took 0.137 seconds
[2025-02-20T21:06:54.160+0000] {processor.py:161} INFO - Started process (PID=1216) to work on /opt/airflow/dags/dag_airflow.py
[2025-02-20T21:06:54.161+0000] {processor.py:830} INFO - Processing file /opt/airflow/dags/dag_airflow.py for tasks to queue
[2025-02-20T21:06:54.164+0000] {logging_mixin.py:188} INFO - [2025-02-20T21:06:54.163+0000] {dagbag.py:545} INFO - Filling up the DagBag from /opt/airflow/dags/dag_airflow.py
[2025-02-20T21:06:54.190+0000] {processor.py:840} INFO - DAG(s) 'kafka_spark_postgres_pipeline' retrieved from /opt/airflow/dags/dag_airflow.py
[2025-02-20T21:06:54.225+0000] {logging_mixin.py:188} INFO - [2025-02-20T21:06:54.225+0000] {dag.py:3096} INFO - Sync 1 DAGs
[2025-02-20T21:06:54.249+0000] {logging_mixin.py:188} INFO - [2025-02-20T21:06:54.249+0000] {dag.py:3954} INFO - Setting next_dagrun for kafka_spark_postgres_pipeline to 2025-02-19 00:00:00+00:00, run_after=2025-02-20 00:00:00+00:00
[2025-02-20T21:06:54.270+0000] {processor.py:183} INFO - Processing /opt/airflow/dags/dag_airflow.py took 0.118 seconds
[2025-02-20T21:07:24.559+0000] {processor.py:161} INFO - Started process (PID=1221) to work on /opt/airflow/dags/dag_airflow.py
[2025-02-20T21:07:24.600+0000] {processor.py:830} INFO - Processing file /opt/airflow/dags/dag_airflow.py for tasks to queue
[2025-02-20T21:07:24.635+0000] {logging_mixin.py:188} INFO - [2025-02-20T21:07:24.631+0000] {dagbag.py:545} INFO - Filling up the DagBag from /opt/airflow/dags/dag_airflow.py
[2025-02-20T21:07:24.807+0000] {processor.py:840} INFO - DAG(s) 'kafka_spark_postgres_pipeline' retrieved from /opt/airflow/dags/dag_airflow.py
[2025-02-20T21:07:24.886+0000] {logging_mixin.py:188} INFO - [2025-02-20T21:07:24.885+0000] {dag.py:3096} INFO - Sync 1 DAGs
[2025-02-20T21:07:24.921+0000] {logging_mixin.py:188} INFO - [2025-02-20T21:07:24.921+0000] {dag.py:3954} INFO - Setting next_dagrun for kafka_spark_postgres_pipeline to 2025-02-19 00:00:00+00:00, run_after=2025-02-20 00:00:00+00:00
[2025-02-20T21:07:24.949+0000] {processor.py:183} INFO - Processing /opt/airflow/dags/dag_airflow.py took 0.528 seconds
[2025-02-20T21:07:55.348+0000] {processor.py:161} INFO - Started process (PID=1226) to work on /opt/airflow/dags/dag_airflow.py
[2025-02-20T21:07:55.349+0000] {processor.py:830} INFO - Processing file /opt/airflow/dags/dag_airflow.py for tasks to queue
[2025-02-20T21:07:55.352+0000] {logging_mixin.py:188} INFO - [2025-02-20T21:07:55.351+0000] {dagbag.py:545} INFO - Filling up the DagBag from /opt/airflow/dags/dag_airflow.py
[2025-02-20T21:07:55.390+0000] {processor.py:840} INFO - DAG(s) 'kafka_spark_postgres_pipeline' retrieved from /opt/airflow/dags/dag_airflow.py
[2025-02-20T21:07:55.432+0000] {logging_mixin.py:188} INFO - [2025-02-20T21:07:55.432+0000] {dag.py:3096} INFO - Sync 1 DAGs
[2025-02-20T21:07:55.462+0000] {logging_mixin.py:188} INFO - [2025-02-20T21:07:55.462+0000] {dag.py:3954} INFO - Setting next_dagrun for kafka_spark_postgres_pipeline to 2025-02-19 00:00:00+00:00, run_after=2025-02-20 00:00:00+00:00
[2025-02-20T21:07:55.496+0000] {processor.py:183} INFO - Processing /opt/airflow/dags/dag_airflow.py took 0.157 seconds
[2025-02-20T21:08:25.915+0000] {processor.py:161} INFO - Started process (PID=1231) to work on /opt/airflow/dags/dag_airflow.py
[2025-02-20T21:08:25.950+0000] {processor.py:830} INFO - Processing file /opt/airflow/dags/dag_airflow.py for tasks to queue
[2025-02-20T21:08:26.083+0000] {logging_mixin.py:188} INFO - [2025-02-20T21:08:26.069+0000] {dagbag.py:545} INFO - Filling up the DagBag from /opt/airflow/dags/dag_airflow.py
[2025-02-20T21:08:26.265+0000] {processor.py:840} INFO - DAG(s) 'kafka_spark_postgres_pipeline' retrieved from /opt/airflow/dags/dag_airflow.py
[2025-02-20T21:08:26.377+0000] {logging_mixin.py:188} INFO - [2025-02-20T21:08:26.377+0000] {dag.py:3096} INFO - Sync 1 DAGs
[2025-02-20T21:08:26.412+0000] {logging_mixin.py:188} INFO - [2025-02-20T21:08:26.412+0000] {dag.py:3954} INFO - Setting next_dagrun for kafka_spark_postgres_pipeline to 2025-02-19 00:00:00+00:00, run_after=2025-02-20 00:00:00+00:00
[2025-02-20T21:08:26.444+0000] {processor.py:183} INFO - Processing /opt/airflow/dags/dag_airflow.py took 0.821 seconds
[2025-02-20T21:08:56.702+0000] {processor.py:161} INFO - Started process (PID=1236) to work on /opt/airflow/dags/dag_airflow.py
[2025-02-20T21:08:56.703+0000] {processor.py:830} INFO - Processing file /opt/airflow/dags/dag_airflow.py for tasks to queue
[2025-02-20T21:08:56.707+0000] {logging_mixin.py:188} INFO - [2025-02-20T21:08:56.706+0000] {dagbag.py:545} INFO - Filling up the DagBag from /opt/airflow/dags/dag_airflow.py
[2025-02-20T21:08:56.735+0000] {processor.py:840} INFO - DAG(s) 'kafka_spark_postgres_pipeline' retrieved from /opt/airflow/dags/dag_airflow.py
[2025-02-20T21:08:56.786+0000] {logging_mixin.py:188} INFO - [2025-02-20T21:08:56.785+0000] {dag.py:3096} INFO - Sync 1 DAGs
[2025-02-20T21:08:56.817+0000] {logging_mixin.py:188} INFO - [2025-02-20T21:08:56.817+0000] {dag.py:3954} INFO - Setting next_dagrun for kafka_spark_postgres_pipeline to 2025-02-19 00:00:00+00:00, run_after=2025-02-20 00:00:00+00:00
[2025-02-20T21:08:56.843+0000] {processor.py:183} INFO - Processing /opt/airflow/dags/dag_airflow.py took 0.149 seconds
[2025-02-20T21:09:27.652+0000] {processor.py:161} INFO - Started process (PID=1241) to work on /opt/airflow/dags/dag_airflow.py
[2025-02-20T21:09:27.653+0000] {processor.py:830} INFO - Processing file /opt/airflow/dags/dag_airflow.py for tasks to queue
[2025-02-20T21:09:27.656+0000] {logging_mixin.py:188} INFO - [2025-02-20T21:09:27.655+0000] {dagbag.py:545} INFO - Filling up the DagBag from /opt/airflow/dags/dag_airflow.py
[2025-02-20T21:09:27.679+0000] {processor.py:840} INFO - DAG(s) 'kafka_spark_postgres_pipeline' retrieved from /opt/airflow/dags/dag_airflow.py
[2025-02-20T21:09:27.713+0000] {logging_mixin.py:188} INFO - [2025-02-20T21:09:27.713+0000] {dag.py:3096} INFO - Sync 1 DAGs
[2025-02-20T21:09:27.737+0000] {logging_mixin.py:188} INFO - [2025-02-20T21:09:27.737+0000] {dag.py:3954} INFO - Setting next_dagrun for kafka_spark_postgres_pipeline to 2025-02-19 00:00:00+00:00, run_after=2025-02-20 00:00:00+00:00
[2025-02-20T21:09:27.758+0000] {processor.py:183} INFO - Processing /opt/airflow/dags/dag_airflow.py took 0.114 seconds
[2025-02-20T21:09:57.893+0000] {processor.py:161} INFO - Started process (PID=1246) to work on /opt/airflow/dags/dag_airflow.py
[2025-02-20T21:09:57.895+0000] {processor.py:830} INFO - Processing file /opt/airflow/dags/dag_airflow.py for tasks to queue
[2025-02-20T21:09:57.900+0000] {logging_mixin.py:188} INFO - [2025-02-20T21:09:57.899+0000] {dagbag.py:545} INFO - Filling up the DagBag from /opt/airflow/dags/dag_airflow.py
[2025-02-20T21:09:57.933+0000] {processor.py:840} INFO - DAG(s) 'kafka_spark_postgres_pipeline' retrieved from /opt/airflow/dags/dag_airflow.py
[2025-02-20T21:09:57.987+0000] {logging_mixin.py:188} INFO - [2025-02-20T21:09:57.987+0000] {dag.py:3096} INFO - Sync 1 DAGs
[2025-02-20T21:09:58.025+0000] {logging_mixin.py:188} INFO - [2025-02-20T21:09:58.024+0000] {dag.py:3954} INFO - Setting next_dagrun for kafka_spark_postgres_pipeline to 2025-02-19 00:00:00+00:00, run_after=2025-02-20 00:00:00+00:00
[2025-02-20T21:09:58.063+0000] {processor.py:183} INFO - Processing /opt/airflow/dags/dag_airflow.py took 0.178 seconds
[2025-02-20T21:10:28.252+0000] {processor.py:161} INFO - Started process (PID=1251) to work on /opt/airflow/dags/dag_airflow.py
[2025-02-20T21:10:28.253+0000] {processor.py:830} INFO - Processing file /opt/airflow/dags/dag_airflow.py for tasks to queue
[2025-02-20T21:10:28.256+0000] {logging_mixin.py:188} INFO - [2025-02-20T21:10:28.256+0000] {dagbag.py:545} INFO - Filling up the DagBag from /opt/airflow/dags/dag_airflow.py
[2025-02-20T21:10:28.279+0000] {processor.py:840} INFO - DAG(s) 'kafka_spark_postgres_pipeline' retrieved from /opt/airflow/dags/dag_airflow.py
[2025-02-20T21:10:28.313+0000] {logging_mixin.py:188} INFO - [2025-02-20T21:10:28.312+0000] {dag.py:3096} INFO - Sync 1 DAGs
[2025-02-20T21:10:28.337+0000] {logging_mixin.py:188} INFO - [2025-02-20T21:10:28.337+0000] {dag.py:3954} INFO - Setting next_dagrun for kafka_spark_postgres_pipeline to 2025-02-19 00:00:00+00:00, run_after=2025-02-20 00:00:00+00:00
[2025-02-20T21:10:28.366+0000] {processor.py:183} INFO - Processing /opt/airflow/dags/dag_airflow.py took 0.120 seconds
[2025-02-20T21:10:59.118+0000] {processor.py:161} INFO - Started process (PID=1256) to work on /opt/airflow/dags/dag_airflow.py
[2025-02-20T21:10:59.120+0000] {processor.py:830} INFO - Processing file /opt/airflow/dags/dag_airflow.py for tasks to queue
[2025-02-20T21:10:59.123+0000] {logging_mixin.py:188} INFO - [2025-02-20T21:10:59.122+0000] {dagbag.py:545} INFO - Filling up the DagBag from /opt/airflow/dags/dag_airflow.py
[2025-02-20T21:10:59.370+0000] {processor.py:840} INFO - DAG(s) 'kafka_spark_postgres_pipeline' retrieved from /opt/airflow/dags/dag_airflow.py
[2025-02-20T21:10:59.496+0000] {logging_mixin.py:188} INFO - [2025-02-20T21:10:59.496+0000] {dag.py:3096} INFO - Sync 1 DAGs
[2025-02-20T21:10:59.532+0000] {logging_mixin.py:188} INFO - [2025-02-20T21:10:59.532+0000] {dag.py:3954} INFO - Setting next_dagrun for kafka_spark_postgres_pipeline to 2025-02-19 00:00:00+00:00, run_after=2025-02-20 00:00:00+00:00
[2025-02-20T21:10:59.556+0000] {processor.py:183} INFO - Processing /opt/airflow/dags/dag_airflow.py took 0.445 seconds
[2025-02-20T21:11:29.617+0000] {processor.py:161} INFO - Started process (PID=1261) to work on /opt/airflow/dags/dag_airflow.py
[2025-02-20T21:11:29.619+0000] {processor.py:830} INFO - Processing file /opt/airflow/dags/dag_airflow.py for tasks to queue
[2025-02-20T21:11:29.621+0000] {logging_mixin.py:188} INFO - [2025-02-20T21:11:29.621+0000] {dagbag.py:545} INFO - Filling up the DagBag from /opt/airflow/dags/dag_airflow.py
[2025-02-20T21:11:29.643+0000] {processor.py:840} INFO - DAG(s) 'kafka_spark_postgres_pipeline' retrieved from /opt/airflow/dags/dag_airflow.py
[2025-02-20T21:11:29.687+0000] {logging_mixin.py:188} INFO - [2025-02-20T21:11:29.686+0000] {dag.py:3096} INFO - Sync 1 DAGs
[2025-02-20T21:11:29.714+0000] {logging_mixin.py:188} INFO - [2025-02-20T21:11:29.714+0000] {dag.py:3954} INFO - Setting next_dagrun for kafka_spark_postgres_pipeline to 2025-02-19 00:00:00+00:00, run_after=2025-02-20 00:00:00+00:00
[2025-02-20T21:11:29.738+0000] {processor.py:183} INFO - Processing /opt/airflow/dags/dag_airflow.py took 0.128 seconds
[2025-02-20T21:12:00.498+0000] {processor.py:161} INFO - Started process (PID=1266) to work on /opt/airflow/dags/dag_airflow.py
[2025-02-20T21:12:00.500+0000] {processor.py:830} INFO - Processing file /opt/airflow/dags/dag_airflow.py for tasks to queue
[2025-02-20T21:12:00.503+0000] {logging_mixin.py:188} INFO - [2025-02-20T21:12:00.502+0000] {dagbag.py:545} INFO - Filling up the DagBag from /opt/airflow/dags/dag_airflow.py
[2025-02-20T21:12:00.531+0000] {processor.py:840} INFO - DAG(s) 'kafka_spark_postgres_pipeline' retrieved from /opt/airflow/dags/dag_airflow.py
[2025-02-20T21:12:00.568+0000] {logging_mixin.py:188} INFO - [2025-02-20T21:12:00.567+0000] {dag.py:3096} INFO - Sync 1 DAGs
[2025-02-20T21:12:00.594+0000] {logging_mixin.py:188} INFO - [2025-02-20T21:12:00.594+0000] {dag.py:3954} INFO - Setting next_dagrun for kafka_spark_postgres_pipeline to 2025-02-19 00:00:00+00:00, run_after=2025-02-20 00:00:00+00:00
[2025-02-20T21:12:00.617+0000] {processor.py:183} INFO - Processing /opt/airflow/dags/dag_airflow.py took 0.125 seconds
[2025-02-20T21:12:30.696+0000] {processor.py:161} INFO - Started process (PID=1271) to work on /opt/airflow/dags/dag_airflow.py
[2025-02-20T21:12:30.698+0000] {processor.py:830} INFO - Processing file /opt/airflow/dags/dag_airflow.py for tasks to queue
[2025-02-20T21:12:30.701+0000] {logging_mixin.py:188} INFO - [2025-02-20T21:12:30.701+0000] {dagbag.py:545} INFO - Filling up the DagBag from /opt/airflow/dags/dag_airflow.py
[2025-02-20T21:12:30.829+0000] {processor.py:840} INFO - DAG(s) 'kafka_spark_postgres_pipeline' retrieved from /opt/airflow/dags/dag_airflow.py
[2025-02-20T21:12:30.962+0000] {logging_mixin.py:188} INFO - [2025-02-20T21:12:30.962+0000] {dag.py:3096} INFO - Sync 1 DAGs
[2025-02-20T21:12:30.995+0000] {logging_mixin.py:188} INFO - [2025-02-20T21:12:30.995+0000] {dag.py:3954} INFO - Setting next_dagrun for kafka_spark_postgres_pipeline to 2025-02-19 00:00:00+00:00, run_after=2025-02-20 00:00:00+00:00
[2025-02-20T21:12:31.018+0000] {processor.py:183} INFO - Processing /opt/airflow/dags/dag_airflow.py took 0.329 seconds
[2025-02-20T21:13:01.284+0000] {processor.py:161} INFO - Started process (PID=1276) to work on /opt/airflow/dags/dag_airflow.py
[2025-02-20T21:13:01.285+0000] {processor.py:830} INFO - Processing file /opt/airflow/dags/dag_airflow.py for tasks to queue
[2025-02-20T21:13:01.287+0000] {logging_mixin.py:188} INFO - [2025-02-20T21:13:01.287+0000] {dagbag.py:545} INFO - Filling up the DagBag from /opt/airflow/dags/dag_airflow.py
[2025-02-20T21:13:01.310+0000] {processor.py:840} INFO - DAG(s) 'kafka_spark_postgres_pipeline' retrieved from /opt/airflow/dags/dag_airflow.py
[2025-02-20T21:13:01.341+0000] {logging_mixin.py:188} INFO - [2025-02-20T21:13:01.340+0000] {dag.py:3096} INFO - Sync 1 DAGs
[2025-02-20T21:13:01.362+0000] {logging_mixin.py:188} INFO - [2025-02-20T21:13:01.362+0000] {dag.py:3954} INFO - Setting next_dagrun for kafka_spark_postgres_pipeline to 2025-02-19 00:00:00+00:00, run_after=2025-02-20 00:00:00+00:00
[2025-02-20T21:13:01.389+0000] {processor.py:183} INFO - Processing /opt/airflow/dags/dag_airflow.py took 0.113 seconds
[2025-02-20T21:13:31.512+0000] {processor.py:161} INFO - Started process (PID=1281) to work on /opt/airflow/dags/dag_airflow.py
[2025-02-20T21:13:31.513+0000] {processor.py:830} INFO - Processing file /opt/airflow/dags/dag_airflow.py for tasks to queue
[2025-02-20T21:13:31.515+0000] {logging_mixin.py:188} INFO - [2025-02-20T21:13:31.515+0000] {dagbag.py:545} INFO - Filling up the DagBag from /opt/airflow/dags/dag_airflow.py
[2025-02-20T21:13:31.536+0000] {processor.py:840} INFO - DAG(s) 'kafka_spark_postgres_pipeline' retrieved from /opt/airflow/dags/dag_airflow.py
[2025-02-20T21:13:31.570+0000] {logging_mixin.py:188} INFO - [2025-02-20T21:13:31.569+0000] {dag.py:3096} INFO - Sync 1 DAGs
[2025-02-20T21:13:31.595+0000] {logging_mixin.py:188} INFO - [2025-02-20T21:13:31.595+0000] {dag.py:3954} INFO - Setting next_dagrun for kafka_spark_postgres_pipeline to 2025-02-19 00:00:00+00:00, run_after=2025-02-20 00:00:00+00:00
[2025-02-20T21:13:31.624+0000] {processor.py:183} INFO - Processing /opt/airflow/dags/dag_airflow.py took 0.118 seconds
[2025-02-20T21:14:01.722+0000] {processor.py:161} INFO - Started process (PID=1286) to work on /opt/airflow/dags/dag_airflow.py
[2025-02-20T21:14:01.723+0000] {processor.py:830} INFO - Processing file /opt/airflow/dags/dag_airflow.py for tasks to queue
[2025-02-20T21:14:01.725+0000] {logging_mixin.py:188} INFO - [2025-02-20T21:14:01.724+0000] {dagbag.py:545} INFO - Filling up the DagBag from /opt/airflow/dags/dag_airflow.py
[2025-02-20T21:14:01.748+0000] {processor.py:840} INFO - DAG(s) 'kafka_spark_postgres_pipeline' retrieved from /opt/airflow/dags/dag_airflow.py
[2025-02-20T21:14:01.781+0000] {logging_mixin.py:188} INFO - [2025-02-20T21:14:01.781+0000] {dag.py:3096} INFO - Sync 1 DAGs
[2025-02-20T21:14:01.804+0000] {logging_mixin.py:188} INFO - [2025-02-20T21:14:01.804+0000] {dag.py:3954} INFO - Setting next_dagrun for kafka_spark_postgres_pipeline to 2025-02-19 00:00:00+00:00, run_after=2025-02-20 00:00:00+00:00
[2025-02-20T21:14:01.824+0000] {processor.py:183} INFO - Processing /opt/airflow/dags/dag_airflow.py took 0.108 seconds
[2025-02-20T21:14:31.948+0000] {processor.py:161} INFO - Started process (PID=1291) to work on /opt/airflow/dags/dag_airflow.py
[2025-02-20T21:14:31.949+0000] {processor.py:830} INFO - Processing file /opt/airflow/dags/dag_airflow.py for tasks to queue
[2025-02-20T21:14:31.951+0000] {logging_mixin.py:188} INFO - [2025-02-20T21:14:31.951+0000] {dagbag.py:545} INFO - Filling up the DagBag from /opt/airflow/dags/dag_airflow.py
[2025-02-20T21:14:31.974+0000] {processor.py:840} INFO - DAG(s) 'kafka_spark_postgres_pipeline' retrieved from /opt/airflow/dags/dag_airflow.py
[2025-02-20T21:14:32.005+0000] {logging_mixin.py:188} INFO - [2025-02-20T21:14:32.005+0000] {dag.py:3096} INFO - Sync 1 DAGs
[2025-02-20T21:14:32.030+0000] {logging_mixin.py:188} INFO - [2025-02-20T21:14:32.030+0000] {dag.py:3954} INFO - Setting next_dagrun for kafka_spark_postgres_pipeline to 2025-02-19 00:00:00+00:00, run_after=2025-02-20 00:00:00+00:00
[2025-02-20T21:14:32.061+0000] {processor.py:183} INFO - Processing /opt/airflow/dags/dag_airflow.py took 0.119 seconds
[2025-02-20T21:15:02.138+0000] {processor.py:161} INFO - Started process (PID=1296) to work on /opt/airflow/dags/dag_airflow.py
[2025-02-20T21:15:02.139+0000] {processor.py:830} INFO - Processing file /opt/airflow/dags/dag_airflow.py for tasks to queue
[2025-02-20T21:15:02.142+0000] {logging_mixin.py:188} INFO - [2025-02-20T21:15:02.141+0000] {dagbag.py:545} INFO - Filling up the DagBag from /opt/airflow/dags/dag_airflow.py
[2025-02-20T21:15:02.175+0000] {processor.py:840} INFO - DAG(s) 'kafka_spark_postgres_pipeline' retrieved from /opt/airflow/dags/dag_airflow.py
[2025-02-20T21:15:02.208+0000] {logging_mixin.py:188} INFO - [2025-02-20T21:15:02.208+0000] {dag.py:3096} INFO - Sync 1 DAGs
[2025-02-20T21:15:02.233+0000] {logging_mixin.py:188} INFO - [2025-02-20T21:15:02.233+0000] {dag.py:3954} INFO - Setting next_dagrun for kafka_spark_postgres_pipeline to 2025-02-19 00:00:00+00:00, run_after=2025-02-20 00:00:00+00:00
[2025-02-20T21:15:02.253+0000] {processor.py:183} INFO - Processing /opt/airflow/dags/dag_airflow.py took 0.121 seconds
[2025-02-20T21:15:32.400+0000] {processor.py:161} INFO - Started process (PID=1301) to work on /opt/airflow/dags/dag_airflow.py
[2025-02-20T21:15:32.401+0000] {processor.py:830} INFO - Processing file /opt/airflow/dags/dag_airflow.py for tasks to queue
[2025-02-20T21:15:32.403+0000] {logging_mixin.py:188} INFO - [2025-02-20T21:15:32.403+0000] {dagbag.py:545} INFO - Filling up the DagBag from /opt/airflow/dags/dag_airflow.py
[2025-02-20T21:15:32.429+0000] {processor.py:840} INFO - DAG(s) 'kafka_spark_postgres_pipeline' retrieved from /opt/airflow/dags/dag_airflow.py
[2025-02-20T21:15:32.799+0000] {logging_mixin.py:188} INFO - [2025-02-20T21:15:32.798+0000] {dag.py:3096} INFO - Sync 1 DAGs
[2025-02-20T21:15:32.964+0000] {logging_mixin.py:188} INFO - [2025-02-20T21:15:32.964+0000] {dag.py:3954} INFO - Setting next_dagrun for kafka_spark_postgres_pipeline to 2025-02-19 00:00:00+00:00, run_after=2025-02-20 00:00:00+00:00
[2025-02-20T21:15:32.989+0000] {processor.py:183} INFO - Processing /opt/airflow/dags/dag_airflow.py took 0.594 seconds
[2025-02-20T21:16:03.240+0000] {processor.py:161} INFO - Started process (PID=1306) to work on /opt/airflow/dags/dag_airflow.py
[2025-02-20T21:16:03.241+0000] {processor.py:830} INFO - Processing file /opt/airflow/dags/dag_airflow.py for tasks to queue
[2025-02-20T21:16:03.244+0000] {logging_mixin.py:188} INFO - [2025-02-20T21:16:03.243+0000] {dagbag.py:545} INFO - Filling up the DagBag from /opt/airflow/dags/dag_airflow.py
[2025-02-20T21:16:03.267+0000] {processor.py:840} INFO - DAG(s) 'kafka_spark_postgres_pipeline' retrieved from /opt/airflow/dags/dag_airflow.py
[2025-02-20T21:16:03.301+0000] {logging_mixin.py:188} INFO - [2025-02-20T21:16:03.301+0000] {dag.py:3096} INFO - Sync 1 DAGs
[2025-02-20T21:16:03.323+0000] {logging_mixin.py:188} INFO - [2025-02-20T21:16:03.323+0000] {dag.py:3954} INFO - Setting next_dagrun for kafka_spark_postgres_pipeline to 2025-02-19 00:00:00+00:00, run_after=2025-02-20 00:00:00+00:00
[2025-02-20T21:16:03.351+0000] {processor.py:183} INFO - Processing /opt/airflow/dags/dag_airflow.py took 0.118 seconds
[2025-02-20T21:16:33.438+0000] {processor.py:161} INFO - Started process (PID=1311) to work on /opt/airflow/dags/dag_airflow.py
[2025-02-20T21:16:33.440+0000] {processor.py:830} INFO - Processing file /opt/airflow/dags/dag_airflow.py for tasks to queue
[2025-02-20T21:16:33.442+0000] {logging_mixin.py:188} INFO - [2025-02-20T21:16:33.441+0000] {dagbag.py:545} INFO - Filling up the DagBag from /opt/airflow/dags/dag_airflow.py
[2025-02-20T21:16:33.464+0000] {processor.py:840} INFO - DAG(s) 'kafka_spark_postgres_pipeline' retrieved from /opt/airflow/dags/dag_airflow.py
[2025-02-20T21:16:33.497+0000] {logging_mixin.py:188} INFO - [2025-02-20T21:16:33.497+0000] {dag.py:3096} INFO - Sync 1 DAGs
[2025-02-20T21:16:33.521+0000] {logging_mixin.py:188} INFO - [2025-02-20T21:16:33.521+0000] {dag.py:3954} INFO - Setting next_dagrun for kafka_spark_postgres_pipeline to 2025-02-19 00:00:00+00:00, run_after=2025-02-20 00:00:00+00:00
[2025-02-20T21:16:33.550+0000] {processor.py:183} INFO - Processing /opt/airflow/dags/dag_airflow.py took 0.118 seconds
[2025-02-20T21:17:03.685+0000] {processor.py:161} INFO - Started process (PID=1316) to work on /opt/airflow/dags/dag_airflow.py
[2025-02-20T21:17:03.687+0000] {processor.py:830} INFO - Processing file /opt/airflow/dags/dag_airflow.py for tasks to queue
[2025-02-20T21:17:03.689+0000] {logging_mixin.py:188} INFO - [2025-02-20T21:17:03.688+0000] {dagbag.py:545} INFO - Filling up the DagBag from /opt/airflow/dags/dag_airflow.py
[2025-02-20T21:17:03.711+0000] {processor.py:840} INFO - DAG(s) 'kafka_spark_postgres_pipeline' retrieved from /opt/airflow/dags/dag_airflow.py
[2025-02-20T21:17:03.746+0000] {logging_mixin.py:188} INFO - [2025-02-20T21:17:03.746+0000] {dag.py:3096} INFO - Sync 1 DAGs
[2025-02-20T21:17:03.772+0000] {logging_mixin.py:188} INFO - [2025-02-20T21:17:03.772+0000] {dag.py:3954} INFO - Setting next_dagrun for kafka_spark_postgres_pipeline to 2025-02-19 00:00:00+00:00, run_after=2025-02-20 00:00:00+00:00
[2025-02-20T21:17:03.802+0000] {processor.py:183} INFO - Processing /opt/airflow/dags/dag_airflow.py took 0.124 seconds
[2025-02-20T21:17:33.943+0000] {processor.py:161} INFO - Started process (PID=1321) to work on /opt/airflow/dags/dag_airflow.py
[2025-02-20T21:17:33.944+0000] {processor.py:830} INFO - Processing file /opt/airflow/dags/dag_airflow.py for tasks to queue
[2025-02-20T21:17:33.947+0000] {logging_mixin.py:188} INFO - [2025-02-20T21:17:33.947+0000] {dagbag.py:545} INFO - Filling up the DagBag from /opt/airflow/dags/dag_airflow.py
[2025-02-20T21:17:33.975+0000] {processor.py:840} INFO - DAG(s) 'kafka_spark_postgres_pipeline' retrieved from /opt/airflow/dags/dag_airflow.py
[2025-02-20T21:17:34.016+0000] {logging_mixin.py:188} INFO - [2025-02-20T21:17:34.015+0000] {dag.py:3096} INFO - Sync 1 DAGs
[2025-02-20T21:17:34.041+0000] {logging_mixin.py:188} INFO - [2025-02-20T21:17:34.041+0000] {dag.py:3954} INFO - Setting next_dagrun for kafka_spark_postgres_pipeline to 2025-02-19 00:00:00+00:00, run_after=2025-02-20 00:00:00+00:00
[2025-02-20T21:17:34.075+0000] {processor.py:183} INFO - Processing /opt/airflow/dags/dag_airflow.py took 0.138 seconds
[2025-02-20T21:18:04.229+0000] {processor.py:161} INFO - Started process (PID=1326) to work on /opt/airflow/dags/dag_airflow.py
[2025-02-20T21:18:04.231+0000] {processor.py:830} INFO - Processing file /opt/airflow/dags/dag_airflow.py for tasks to queue
[2025-02-20T21:18:04.235+0000] {logging_mixin.py:188} INFO - [2025-02-20T21:18:04.234+0000] {dagbag.py:545} INFO - Filling up the DagBag from /opt/airflow/dags/dag_airflow.py
[2025-02-20T21:18:04.265+0000] {processor.py:840} INFO - DAG(s) 'kafka_spark_postgres_pipeline' retrieved from /opt/airflow/dags/dag_airflow.py
[2025-02-20T21:18:04.320+0000] {logging_mixin.py:188} INFO - [2025-02-20T21:18:04.319+0000] {dag.py:3096} INFO - Sync 1 DAGs
[2025-02-20T21:18:04.362+0000] {logging_mixin.py:188} INFO - [2025-02-20T21:18:04.362+0000] {dag.py:3954} INFO - Setting next_dagrun for kafka_spark_postgres_pipeline to 2025-02-19 00:00:00+00:00, run_after=2025-02-20 00:00:00+00:00
[2025-02-20T21:18:04.392+0000] {processor.py:183} INFO - Processing /opt/airflow/dags/dag_airflow.py took 0.173 seconds
[2025-02-20T21:18:34.853+0000] {processor.py:161} INFO - Started process (PID=1331) to work on /opt/airflow/dags/dag_airflow.py
[2025-02-20T21:18:34.855+0000] {processor.py:830} INFO - Processing file /opt/airflow/dags/dag_airflow.py for tasks to queue
[2025-02-20T21:18:34.858+0000] {logging_mixin.py:188} INFO - [2025-02-20T21:18:34.857+0000] {dagbag.py:545} INFO - Filling up the DagBag from /opt/airflow/dags/dag_airflow.py
[2025-02-20T21:18:34.901+0000] {processor.py:840} INFO - DAG(s) 'kafka_spark_postgres_pipeline' retrieved from /opt/airflow/dags/dag_airflow.py
[2025-02-20T21:18:34.979+0000] {logging_mixin.py:188} INFO - [2025-02-20T21:18:34.978+0000] {dag.py:3096} INFO - Sync 1 DAGs
[2025-02-20T21:18:35.036+0000] {logging_mixin.py:188} INFO - [2025-02-20T21:18:35.036+0000] {dag.py:3954} INFO - Setting next_dagrun for kafka_spark_postgres_pipeline to 2025-02-19 00:00:00+00:00, run_after=2025-02-20 00:00:00+00:00
[2025-02-20T21:18:35.071+0000] {processor.py:183} INFO - Processing /opt/airflow/dags/dag_airflow.py took 0.229 seconds
[2025-02-20T21:19:05.175+0000] {processor.py:161} INFO - Started process (PID=1336) to work on /opt/airflow/dags/dag_airflow.py
[2025-02-20T21:19:05.178+0000] {processor.py:830} INFO - Processing file /opt/airflow/dags/dag_airflow.py for tasks to queue
[2025-02-20T21:19:05.182+0000] {logging_mixin.py:188} INFO - [2025-02-20T21:19:05.181+0000] {dagbag.py:545} INFO - Filling up the DagBag from /opt/airflow/dags/dag_airflow.py
[2025-02-20T21:19:05.234+0000] {processor.py:840} INFO - DAG(s) 'kafka_spark_postgres_pipeline' retrieved from /opt/airflow/dags/dag_airflow.py
[2025-02-20T21:19:05.309+0000] {logging_mixin.py:188} INFO - [2025-02-20T21:19:05.308+0000] {dag.py:3096} INFO - Sync 1 DAGs
[2025-02-20T21:19:05.365+0000] {logging_mixin.py:188} INFO - [2025-02-20T21:19:05.364+0000] {dag.py:3954} INFO - Setting next_dagrun for kafka_spark_postgres_pipeline to 2025-02-19 00:00:00+00:00, run_after=2025-02-20 00:00:00+00:00
[2025-02-20T21:19:05.408+0000] {processor.py:183} INFO - Processing /opt/airflow/dags/dag_airflow.py took 0.248 seconds
[2025-02-20T21:19:36.115+0000] {processor.py:161} INFO - Started process (PID=1341) to work on /opt/airflow/dags/dag_airflow.py
[2025-02-20T21:19:36.117+0000] {processor.py:830} INFO - Processing file /opt/airflow/dags/dag_airflow.py for tasks to queue
[2025-02-20T21:19:36.120+0000] {logging_mixin.py:188} INFO - [2025-02-20T21:19:36.120+0000] {dagbag.py:545} INFO - Filling up the DagBag from /opt/airflow/dags/dag_airflow.py
[2025-02-20T21:19:36.156+0000] {processor.py:840} INFO - DAG(s) 'kafka_spark_postgres_pipeline' retrieved from /opt/airflow/dags/dag_airflow.py
[2025-02-20T21:19:36.212+0000] {logging_mixin.py:188} INFO - [2025-02-20T21:19:36.211+0000] {dag.py:3096} INFO - Sync 1 DAGs
[2025-02-20T21:19:36.260+0000] {logging_mixin.py:188} INFO - [2025-02-20T21:19:36.260+0000] {dag.py:3954} INFO - Setting next_dagrun for kafka_spark_postgres_pipeline to 2025-02-19 00:00:00+00:00, run_after=2025-02-20 00:00:00+00:00
[2025-02-20T21:19:36.296+0000] {processor.py:183} INFO - Processing /opt/airflow/dags/dag_airflow.py took 0.193 seconds
[2025-02-20T21:20:06.432+0000] {processor.py:161} INFO - Started process (PID=1346) to work on /opt/airflow/dags/dag_airflow.py
[2025-02-20T21:20:06.434+0000] {processor.py:830} INFO - Processing file /opt/airflow/dags/dag_airflow.py for tasks to queue
[2025-02-20T21:20:06.438+0000] {logging_mixin.py:188} INFO - [2025-02-20T21:20:06.437+0000] {dagbag.py:545} INFO - Filling up the DagBag from /opt/airflow/dags/dag_airflow.py
[2025-02-20T21:20:06.487+0000] {processor.py:840} INFO - DAG(s) 'kafka_spark_postgres_pipeline' retrieved from /opt/airflow/dags/dag_airflow.py
[2025-02-20T21:20:06.561+0000] {logging_mixin.py:188} INFO - [2025-02-20T21:20:06.561+0000] {dag.py:3096} INFO - Sync 1 DAGs
[2025-02-20T21:20:06.616+0000] {logging_mixin.py:188} INFO - [2025-02-20T21:20:06.615+0000] {dag.py:3954} INFO - Setting next_dagrun for kafka_spark_postgres_pipeline to 2025-02-19 00:00:00+00:00, run_after=2025-02-20 00:00:00+00:00
[2025-02-20T21:20:06.659+0000] {processor.py:183} INFO - Processing /opt/airflow/dags/dag_airflow.py took 0.245 seconds
[2025-02-20T21:20:37.430+0000] {processor.py:161} INFO - Started process (PID=1351) to work on /opt/airflow/dags/dag_airflow.py
[2025-02-20T21:20:37.432+0000] {processor.py:830} INFO - Processing file /opt/airflow/dags/dag_airflow.py for tasks to queue
[2025-02-20T21:20:37.435+0000] {logging_mixin.py:188} INFO - [2025-02-20T21:20:37.434+0000] {dagbag.py:545} INFO - Filling up the DagBag from /opt/airflow/dags/dag_airflow.py
[2025-02-20T21:20:37.475+0000] {processor.py:840} INFO - DAG(s) 'kafka_spark_postgres_pipeline' retrieved from /opt/airflow/dags/dag_airflow.py
[2025-02-20T21:20:37.545+0000] {logging_mixin.py:188} INFO - [2025-02-20T21:20:37.545+0000] {dag.py:3096} INFO - Sync 1 DAGs
[2025-02-20T21:20:37.604+0000] {logging_mixin.py:188} INFO - [2025-02-20T21:20:37.604+0000] {dag.py:3954} INFO - Setting next_dagrun for kafka_spark_postgres_pipeline to 2025-02-19 00:00:00+00:00, run_after=2025-02-20 00:00:00+00:00
[2025-02-20T21:20:37.639+0000] {processor.py:183} INFO - Processing /opt/airflow/dags/dag_airflow.py took 0.218 seconds
[2025-02-20T21:21:07.914+0000] {processor.py:161} INFO - Started process (PID=1356) to work on /opt/airflow/dags/dag_airflow.py
[2025-02-20T21:21:07.916+0000] {processor.py:830} INFO - Processing file /opt/airflow/dags/dag_airflow.py for tasks to queue
[2025-02-20T21:21:07.919+0000] {logging_mixin.py:188} INFO - [2025-02-20T21:21:07.918+0000] {dagbag.py:545} INFO - Filling up the DagBag from /opt/airflow/dags/dag_airflow.py
[2025-02-20T21:21:07.958+0000] {processor.py:840} INFO - DAG(s) 'kafka_spark_postgres_pipeline' retrieved from /opt/airflow/dags/dag_airflow.py
[2025-02-20T21:21:08.001+0000] {logging_mixin.py:188} INFO - [2025-02-20T21:21:08.001+0000] {dag.py:3096} INFO - Sync 1 DAGs
[2025-02-20T21:21:08.054+0000] {logging_mixin.py:188} INFO - [2025-02-20T21:21:08.054+0000] {dag.py:3954} INFO - Setting next_dagrun for kafka_spark_postgres_pipeline to 2025-02-19 00:00:00+00:00, run_after=2025-02-20 00:00:00+00:00
[2025-02-20T21:21:08.142+0000] {processor.py:183} INFO - Processing /opt/airflow/dags/dag_airflow.py took 0.398 seconds
[2025-02-20T21:21:38.220+0000] {processor.py:161} INFO - Started process (PID=1361) to work on /opt/airflow/dags/dag_airflow.py
[2025-02-20T21:21:38.222+0000] {processor.py:830} INFO - Processing file /opt/airflow/dags/dag_airflow.py for tasks to queue
[2025-02-20T21:21:38.224+0000] {logging_mixin.py:188} INFO - [2025-02-20T21:21:38.224+0000] {dagbag.py:545} INFO - Filling up the DagBag from /opt/airflow/dags/dag_airflow.py
[2025-02-20T21:21:38.266+0000] {processor.py:840} INFO - DAG(s) 'kafka_spark_postgres_pipeline' retrieved from /opt/airflow/dags/dag_airflow.py
[2025-02-20T21:21:38.310+0000] {logging_mixin.py:188} INFO - [2025-02-20T21:21:38.309+0000] {dag.py:3096} INFO - Sync 1 DAGs
[2025-02-20T21:21:38.342+0000] {logging_mixin.py:188} INFO - [2025-02-20T21:21:38.341+0000] {dag.py:3954} INFO - Setting next_dagrun for kafka_spark_postgres_pipeline to 2025-02-19 00:00:00+00:00, run_after=2025-02-20 00:00:00+00:00
[2025-02-20T21:21:38.371+0000] {processor.py:183} INFO - Processing /opt/airflow/dags/dag_airflow.py took 0.159 seconds
[2025-02-20T21:22:08.513+0000] {processor.py:161} INFO - Started process (PID=1366) to work on /opt/airflow/dags/dag_airflow.py
[2025-02-20T21:22:08.514+0000] {processor.py:830} INFO - Processing file /opt/airflow/dags/dag_airflow.py for tasks to queue
[2025-02-20T21:22:08.517+0000] {logging_mixin.py:188} INFO - [2025-02-20T21:22:08.517+0000] {dagbag.py:545} INFO - Filling up the DagBag from /opt/airflow/dags/dag_airflow.py
[2025-02-20T21:22:08.542+0000] {processor.py:840} INFO - DAG(s) 'kafka_spark_postgres_pipeline' retrieved from /opt/airflow/dags/dag_airflow.py
[2025-02-20T21:22:08.580+0000] {logging_mixin.py:188} INFO - [2025-02-20T21:22:08.580+0000] {dag.py:3096} INFO - Sync 1 DAGs
[2025-02-20T21:22:08.606+0000] {logging_mixin.py:188} INFO - [2025-02-20T21:22:08.606+0000] {dag.py:3954} INFO - Setting next_dagrun for kafka_spark_postgres_pipeline to 2025-02-19 00:00:00+00:00, run_after=2025-02-20 00:00:00+00:00
[2025-02-20T21:22:08.628+0000] {processor.py:183} INFO - Processing /opt/airflow/dags/dag_airflow.py took 0.122 seconds
[2025-02-20T21:22:38.813+0000] {processor.py:161} INFO - Started process (PID=1371) to work on /opt/airflow/dags/dag_airflow.py
[2025-02-20T21:22:38.815+0000] {processor.py:830} INFO - Processing file /opt/airflow/dags/dag_airflow.py for tasks to queue
[2025-02-20T21:22:38.817+0000] {logging_mixin.py:188} INFO - [2025-02-20T21:22:38.817+0000] {dagbag.py:545} INFO - Filling up the DagBag from /opt/airflow/dags/dag_airflow.py
[2025-02-20T21:22:38.844+0000] {processor.py:840} INFO - DAG(s) 'kafka_spark_postgres_pipeline' retrieved from /opt/airflow/dags/dag_airflow.py
[2025-02-20T21:22:39.099+0000] {logging_mixin.py:188} INFO - [2025-02-20T21:22:39.098+0000] {dag.py:3096} INFO - Sync 1 DAGs
[2025-02-20T21:22:39.681+0000] {logging_mixin.py:188} INFO - [2025-02-20T21:22:39.679+0000] {dag.py:3954} INFO - Setting next_dagrun for kafka_spark_postgres_pipeline to 2025-02-19 00:00:00+00:00, run_after=2025-02-20 00:00:00+00:00
[2025-02-20T21:22:39.908+0000] {processor.py:183} INFO - Processing /opt/airflow/dags/dag_airflow.py took 1.101 seconds
[2025-02-20T21:23:10.053+0000] {processor.py:161} INFO - Started process (PID=1376) to work on /opt/airflow/dags/dag_airflow.py
[2025-02-20T21:23:10.054+0000] {processor.py:830} INFO - Processing file /opt/airflow/dags/dag_airflow.py for tasks to queue
[2025-02-20T21:23:10.057+0000] {logging_mixin.py:188} INFO - [2025-02-20T21:23:10.056+0000] {dagbag.py:545} INFO - Filling up the DagBag from /opt/airflow/dags/dag_airflow.py
[2025-02-20T21:23:10.079+0000] {processor.py:840} INFO - DAG(s) 'kafka_spark_postgres_pipeline' retrieved from /opt/airflow/dags/dag_airflow.py
[2025-02-20T21:23:10.114+0000] {logging_mixin.py:188} INFO - [2025-02-20T21:23:10.114+0000] {dag.py:3096} INFO - Sync 1 DAGs
[2025-02-20T21:23:10.138+0000] {logging_mixin.py:188} INFO - [2025-02-20T21:23:10.138+0000] {dag.py:3954} INFO - Setting next_dagrun for kafka_spark_postgres_pipeline to 2025-02-19 00:00:00+00:00, run_after=2025-02-20 00:00:00+00:00
[2025-02-20T21:23:10.168+0000] {processor.py:183} INFO - Processing /opt/airflow/dags/dag_airflow.py took 0.121 seconds
[2025-02-20T21:23:40.299+0000] {processor.py:161} INFO - Started process (PID=1381) to work on /opt/airflow/dags/dag_airflow.py
[2025-02-20T21:23:40.300+0000] {processor.py:830} INFO - Processing file /opt/airflow/dags/dag_airflow.py for tasks to queue
[2025-02-20T21:23:40.303+0000] {logging_mixin.py:188} INFO - [2025-02-20T21:23:40.303+0000] {dagbag.py:545} INFO - Filling up the DagBag from /opt/airflow/dags/dag_airflow.py
[2025-02-20T21:23:40.337+0000] {processor.py:840} INFO - DAG(s) 'kafka_spark_postgres_pipeline' retrieved from /opt/airflow/dags/dag_airflow.py
[2025-02-20T21:23:40.390+0000] {logging_mixin.py:188} INFO - [2025-02-20T21:23:40.390+0000] {dag.py:3096} INFO - Sync 1 DAGs
[2025-02-20T21:23:40.426+0000] {logging_mixin.py:188} INFO - [2025-02-20T21:23:40.426+0000] {dag.py:3954} INFO - Setting next_dagrun for kafka_spark_postgres_pipeline to 2025-02-19 00:00:00+00:00, run_after=2025-02-20 00:00:00+00:00
[2025-02-20T21:23:40.458+0000] {processor.py:183} INFO - Processing /opt/airflow/dags/dag_airflow.py took 0.169 seconds
[2025-02-20T21:24:10.597+0000] {processor.py:161} INFO - Started process (PID=1386) to work on /opt/airflow/dags/dag_airflow.py
[2025-02-20T21:24:10.599+0000] {processor.py:830} INFO - Processing file /opt/airflow/dags/dag_airflow.py for tasks to queue
[2025-02-20T21:24:10.601+0000] {logging_mixin.py:188} INFO - [2025-02-20T21:24:10.601+0000] {dagbag.py:545} INFO - Filling up the DagBag from /opt/airflow/dags/dag_airflow.py
[2025-02-20T21:24:10.623+0000] {processor.py:840} INFO - DAG(s) 'kafka_spark_postgres_pipeline' retrieved from /opt/airflow/dags/dag_airflow.py
[2025-02-20T21:24:10.661+0000] {logging_mixin.py:188} INFO - [2025-02-20T21:24:10.661+0000] {dag.py:3096} INFO - Sync 1 DAGs
[2025-02-20T21:24:10.688+0000] {logging_mixin.py:188} INFO - [2025-02-20T21:24:10.688+0000] {dag.py:3954} INFO - Setting next_dagrun for kafka_spark_postgres_pipeline to 2025-02-19 00:00:00+00:00, run_after=2025-02-20 00:00:00+00:00
[2025-02-20T21:24:10.711+0000] {processor.py:183} INFO - Processing /opt/airflow/dags/dag_airflow.py took 0.122 seconds
[2025-02-20T21:24:40.890+0000] {processor.py:161} INFO - Started process (PID=1391) to work on /opt/airflow/dags/dag_airflow.py
[2025-02-20T21:24:40.892+0000] {processor.py:830} INFO - Processing file /opt/airflow/dags/dag_airflow.py for tasks to queue
[2025-02-20T21:24:40.894+0000] {logging_mixin.py:188} INFO - [2025-02-20T21:24:40.894+0000] {dagbag.py:545} INFO - Filling up the DagBag from /opt/airflow/dags/dag_airflow.py
[2025-02-20T21:24:40.916+0000] {processor.py:840} INFO - DAG(s) 'kafka_spark_postgres_pipeline' retrieved from /opt/airflow/dags/dag_airflow.py
[2025-02-20T21:24:40.949+0000] {logging_mixin.py:188} INFO - [2025-02-20T21:24:40.949+0000] {dag.py:3096} INFO - Sync 1 DAGs
[2025-02-20T21:24:40.973+0000] {logging_mixin.py:188} INFO - [2025-02-20T21:24:40.973+0000] {dag.py:3954} INFO - Setting next_dagrun for kafka_spark_postgres_pipeline to 2025-02-19 00:00:00+00:00, run_after=2025-02-20 00:00:00+00:00
[2025-02-20T21:24:41.003+0000] {processor.py:183} INFO - Processing /opt/airflow/dags/dag_airflow.py took 0.119 seconds
[2025-02-20T21:25:11.190+0000] {processor.py:161} INFO - Started process (PID=1396) to work on /opt/airflow/dags/dag_airflow.py
[2025-02-20T21:25:11.192+0000] {processor.py:830} INFO - Processing file /opt/airflow/dags/dag_airflow.py for tasks to queue
[2025-02-20T21:25:11.194+0000] {logging_mixin.py:188} INFO - [2025-02-20T21:25:11.194+0000] {dagbag.py:545} INFO - Filling up the DagBag from /opt/airflow/dags/dag_airflow.py
[2025-02-20T21:25:11.219+0000] {processor.py:840} INFO - DAG(s) 'kafka_spark_postgres_pipeline' retrieved from /opt/airflow/dags/dag_airflow.py
[2025-02-20T21:25:11.255+0000] {logging_mixin.py:188} INFO - [2025-02-20T21:25:11.255+0000] {dag.py:3096} INFO - Sync 1 DAGs
[2025-02-20T21:25:11.282+0000] {logging_mixin.py:188} INFO - [2025-02-20T21:25:11.281+0000] {dag.py:3954} INFO - Setting next_dagrun for kafka_spark_postgres_pipeline to 2025-02-19 00:00:00+00:00, run_after=2025-02-20 00:00:00+00:00
[2025-02-20T21:25:11.303+0000] {processor.py:183} INFO - Processing /opt/airflow/dags/dag_airflow.py took 0.121 seconds
[2025-02-20T21:25:41.457+0000] {processor.py:161} INFO - Started process (PID=1401) to work on /opt/airflow/dags/dag_airflow.py
[2025-02-20T21:25:41.459+0000] {processor.py:830} INFO - Processing file /opt/airflow/dags/dag_airflow.py for tasks to queue
[2025-02-20T21:25:41.461+0000] {logging_mixin.py:188} INFO - [2025-02-20T21:25:41.461+0000] {dagbag.py:545} INFO - Filling up the DagBag from /opt/airflow/dags/dag_airflow.py
[2025-02-20T21:25:41.485+0000] {processor.py:840} INFO - DAG(s) 'kafka_spark_postgres_pipeline' retrieved from /opt/airflow/dags/dag_airflow.py
[2025-02-20T21:25:41.519+0000] {logging_mixin.py:188} INFO - [2025-02-20T21:25:41.519+0000] {dag.py:3096} INFO - Sync 1 DAGs
[2025-02-20T21:25:41.545+0000] {logging_mixin.py:188} INFO - [2025-02-20T21:25:41.544+0000] {dag.py:3954} INFO - Setting next_dagrun for kafka_spark_postgres_pipeline to 2025-02-19 00:00:00+00:00, run_after=2025-02-20 00:00:00+00:00
[2025-02-20T21:25:41.577+0000] {processor.py:183} INFO - Processing /opt/airflow/dags/dag_airflow.py took 0.128 seconds
[2025-02-20T21:26:11.707+0000] {processor.py:161} INFO - Started process (PID=1406) to work on /opt/airflow/dags/dag_airflow.py
[2025-02-20T21:26:11.708+0000] {processor.py:830} INFO - Processing file /opt/airflow/dags/dag_airflow.py for tasks to queue
[2025-02-20T21:26:11.710+0000] {logging_mixin.py:188} INFO - [2025-02-20T21:26:11.710+0000] {dagbag.py:545} INFO - Filling up the DagBag from /opt/airflow/dags/dag_airflow.py
[2025-02-20T21:26:11.742+0000] {processor.py:840} INFO - DAG(s) 'kafka_spark_postgres_pipeline' retrieved from /opt/airflow/dags/dag_airflow.py
[2025-02-20T21:26:11.787+0000] {logging_mixin.py:188} INFO - [2025-02-20T21:26:11.787+0000] {dag.py:3096} INFO - Sync 1 DAGs
[2025-02-20T21:26:11.825+0000] {logging_mixin.py:188} INFO - [2025-02-20T21:26:11.825+0000] {dag.py:3954} INFO - Setting next_dagrun for kafka_spark_postgres_pipeline to 2025-02-19 00:00:00+00:00, run_after=2025-02-20 00:00:00+00:00
[2025-02-20T21:26:11.855+0000] {processor.py:183} INFO - Processing /opt/airflow/dags/dag_airflow.py took 0.156 seconds
[2025-02-20T21:26:42.782+0000] {processor.py:161} INFO - Started process (PID=1411) to work on /opt/airflow/dags/dag_airflow.py
[2025-02-20T21:26:42.783+0000] {processor.py:830} INFO - Processing file /opt/airflow/dags/dag_airflow.py for tasks to queue
[2025-02-20T21:26:42.786+0000] {logging_mixin.py:188} INFO - [2025-02-20T21:26:42.785+0000] {dagbag.py:545} INFO - Filling up the DagBag from /opt/airflow/dags/dag_airflow.py
[2025-02-20T21:26:42.811+0000] {processor.py:840} INFO - DAG(s) 'kafka_spark_postgres_pipeline' retrieved from /opt/airflow/dags/dag_airflow.py
[2025-02-20T21:26:42.849+0000] {logging_mixin.py:188} INFO - [2025-02-20T21:26:42.848+0000] {dag.py:3096} INFO - Sync 1 DAGs
[2025-02-20T21:26:42.875+0000] {logging_mixin.py:188} INFO - [2025-02-20T21:26:42.875+0000] {dag.py:3954} INFO - Setting next_dagrun for kafka_spark_postgres_pipeline to 2025-02-19 00:00:00+00:00, run_after=2025-02-20 00:00:00+00:00
[2025-02-20T21:26:42.900+0000] {processor.py:183} INFO - Processing /opt/airflow/dags/dag_airflow.py took 0.125 seconds
[2025-02-20T21:27:13.008+0000] {processor.py:161} INFO - Started process (PID=1416) to work on /opt/airflow/dags/dag_airflow.py
[2025-02-20T21:27:13.009+0000] {processor.py:830} INFO - Processing file /opt/airflow/dags/dag_airflow.py for tasks to queue
[2025-02-20T21:27:13.012+0000] {logging_mixin.py:188} INFO - [2025-02-20T21:27:13.011+0000] {dagbag.py:545} INFO - Filling up the DagBag from /opt/airflow/dags/dag_airflow.py
[2025-02-20T21:27:13.036+0000] {processor.py:840} INFO - DAG(s) 'kafka_spark_postgres_pipeline' retrieved from /opt/airflow/dags/dag_airflow.py
[2025-02-20T21:27:13.072+0000] {logging_mixin.py:188} INFO - [2025-02-20T21:27:13.071+0000] {dag.py:3096} INFO - Sync 1 DAGs
[2025-02-20T21:27:13.099+0000] {logging_mixin.py:188} INFO - [2025-02-20T21:27:13.099+0000] {dag.py:3954} INFO - Setting next_dagrun for kafka_spark_postgres_pipeline to 2025-02-19 00:00:00+00:00, run_after=2025-02-20 00:00:00+00:00
[2025-02-20T21:27:13.122+0000] {processor.py:183} INFO - Processing /opt/airflow/dags/dag_airflow.py took 0.121 seconds
[2025-02-20T21:27:43.194+0000] {processor.py:161} INFO - Started process (PID=1421) to work on /opt/airflow/dags/dag_airflow.py
[2025-02-20T21:27:43.195+0000] {processor.py:830} INFO - Processing file /opt/airflow/dags/dag_airflow.py for tasks to queue
[2025-02-20T21:27:43.198+0000] {logging_mixin.py:188} INFO - [2025-02-20T21:27:43.197+0000] {dagbag.py:545} INFO - Filling up the DagBag from /opt/airflow/dags/dag_airflow.py
[2025-02-20T21:27:43.221+0000] {processor.py:840} INFO - DAG(s) 'kafka_spark_postgres_pipeline' retrieved from /opt/airflow/dags/dag_airflow.py
[2025-02-20T21:27:43.258+0000] {logging_mixin.py:188} INFO - [2025-02-20T21:27:43.258+0000] {dag.py:3096} INFO - Sync 1 DAGs
[2025-02-20T21:27:43.283+0000] {logging_mixin.py:188} INFO - [2025-02-20T21:27:43.283+0000] {dag.py:3954} INFO - Setting next_dagrun for kafka_spark_postgres_pipeline to 2025-02-19 00:00:00+00:00, run_after=2025-02-20 00:00:00+00:00
[2025-02-20T21:27:43.308+0000] {processor.py:183} INFO - Processing /opt/airflow/dags/dag_airflow.py took 0.121 seconds
[2025-02-20T21:28:13.419+0000] {processor.py:161} INFO - Started process (PID=1426) to work on /opt/airflow/dags/dag_airflow.py
[2025-02-20T21:28:13.420+0000] {processor.py:830} INFO - Processing file /opt/airflow/dags/dag_airflow.py for tasks to queue
[2025-02-20T21:28:13.424+0000] {logging_mixin.py:188} INFO - [2025-02-20T21:28:13.423+0000] {dagbag.py:545} INFO - Filling up the DagBag from /opt/airflow/dags/dag_airflow.py
[2025-02-20T21:28:13.462+0000] {processor.py:840} INFO - DAG(s) 'kafka_spark_postgres_pipeline' retrieved from /opt/airflow/dags/dag_airflow.py
[2025-02-20T21:28:13.513+0000] {logging_mixin.py:188} INFO - [2025-02-20T21:28:13.512+0000] {dag.py:3096} INFO - Sync 1 DAGs
[2025-02-20T21:28:13.552+0000] {logging_mixin.py:188} INFO - [2025-02-20T21:28:13.552+0000] {dag.py:3954} INFO - Setting next_dagrun for kafka_spark_postgres_pipeline to 2025-02-19 00:00:00+00:00, run_after=2025-02-20 00:00:00+00:00
[2025-02-20T21:28:13.590+0000] {processor.py:183} INFO - Processing /opt/airflow/dags/dag_airflow.py took 0.184 seconds
[2025-02-20T21:28:43.832+0000] {processor.py:161} INFO - Started process (PID=1431) to work on /opt/airflow/dags/dag_airflow.py
[2025-02-20T21:28:43.833+0000] {processor.py:830} INFO - Processing file /opt/airflow/dags/dag_airflow.py for tasks to queue
[2025-02-20T21:28:43.835+0000] {logging_mixin.py:188} INFO - [2025-02-20T21:28:43.835+0000] {dagbag.py:545} INFO - Filling up the DagBag from /opt/airflow/dags/dag_airflow.py
[2025-02-20T21:28:43.866+0000] {processor.py:840} INFO - DAG(s) 'kafka_spark_postgres_pipeline' retrieved from /opt/airflow/dags/dag_airflow.py
[2025-02-20T21:28:44.000+0000] {logging_mixin.py:188} INFO - [2025-02-20T21:28:43.999+0000] {dag.py:3096} INFO - Sync 1 DAGs
[2025-02-20T21:28:44.037+0000] {logging_mixin.py:188} INFO - [2025-02-20T21:28:44.037+0000] {dag.py:3954} INFO - Setting next_dagrun for kafka_spark_postgres_pipeline to 2025-02-19 00:00:00+00:00, run_after=2025-02-20 00:00:00+00:00
[2025-02-20T21:28:44.249+0000] {processor.py:183} INFO - Processing /opt/airflow/dags/dag_airflow.py took 0.554 seconds
[2025-02-20T21:29:14.415+0000] {processor.py:161} INFO - Started process (PID=1438) to work on /opt/airflow/dags/dag_airflow.py
[2025-02-20T21:29:14.417+0000] {processor.py:830} INFO - Processing file /opt/airflow/dags/dag_airflow.py for tasks to queue
[2025-02-20T21:29:14.420+0000] {logging_mixin.py:188} INFO - [2025-02-20T21:29:14.419+0000] {dagbag.py:545} INFO - Filling up the DagBag from /opt/airflow/dags/dag_airflow.py
[2025-02-20T21:29:14.562+0000] {processor.py:840} INFO - DAG(s) 'kafka_spark_postgres_pipeline' retrieved from /opt/airflow/dags/dag_airflow.py
[2025-02-20T21:29:14.786+0000] {logging_mixin.py:188} INFO - [2025-02-20T21:29:14.785+0000] {dag.py:3096} INFO - Sync 1 DAGs
[2025-02-20T21:29:14.983+0000] {logging_mixin.py:188} INFO - [2025-02-20T21:29:14.983+0000] {dag.py:3954} INFO - Setting next_dagrun for kafka_spark_postgres_pipeline to 2025-02-20 00:00:00+00:00, run_after=2025-02-21 00:00:00+00:00
[2025-02-20T21:29:15.188+0000] {processor.py:183} INFO - Processing /opt/airflow/dags/dag_airflow.py took 0.783 seconds
[2025-02-20T21:29:45.292+0000] {processor.py:161} INFO - Started process (PID=1470) to work on /opt/airflow/dags/dag_airflow.py
[2025-02-20T21:29:45.293+0000] {processor.py:830} INFO - Processing file /opt/airflow/dags/dag_airflow.py for tasks to queue
[2025-02-20T21:29:45.296+0000] {logging_mixin.py:188} INFO - [2025-02-20T21:29:45.295+0000] {dagbag.py:545} INFO - Filling up the DagBag from /opt/airflow/dags/dag_airflow.py
[2025-02-20T21:29:45.322+0000] {processor.py:840} INFO - DAG(s) 'kafka_spark_postgres_pipeline' retrieved from /opt/airflow/dags/dag_airflow.py
[2025-02-20T21:29:45.365+0000] {logging_mixin.py:188} INFO - [2025-02-20T21:29:45.364+0000] {dag.py:3096} INFO - Sync 1 DAGs
[2025-02-20T21:29:45.396+0000] {logging_mixin.py:188} INFO - [2025-02-20T21:29:45.396+0000] {dag.py:3954} INFO - Setting next_dagrun for kafka_spark_postgres_pipeline to 2025-02-20 00:00:00+00:00, run_after=2025-02-21 00:00:00+00:00
[2025-02-20T21:29:45.425+0000] {processor.py:183} INFO - Processing /opt/airflow/dags/dag_airflow.py took 0.141 seconds
[2025-02-20T21:30:15.559+0000] {processor.py:161} INFO - Started process (PID=1475) to work on /opt/airflow/dags/dag_airflow.py
[2025-02-20T21:30:15.560+0000] {processor.py:830} INFO - Processing file /opt/airflow/dags/dag_airflow.py for tasks to queue
[2025-02-20T21:30:15.562+0000] {logging_mixin.py:188} INFO - [2025-02-20T21:30:15.561+0000] {dagbag.py:545} INFO - Filling up the DagBag from /opt/airflow/dags/dag_airflow.py
[2025-02-20T21:30:15.589+0000] {processor.py:840} INFO - DAG(s) 'kafka_spark_postgres_pipeline' retrieved from /opt/airflow/dags/dag_airflow.py
[2025-02-20T21:30:15.628+0000] {logging_mixin.py:188} INFO - [2025-02-20T21:30:15.627+0000] {dag.py:3096} INFO - Sync 1 DAGs
[2025-02-20T21:30:15.656+0000] {logging_mixin.py:188} INFO - [2025-02-20T21:30:15.656+0000] {dag.py:3954} INFO - Setting next_dagrun for kafka_spark_postgres_pipeline to 2025-02-20 00:00:00+00:00, run_after=2025-02-21 00:00:00+00:00
[2025-02-20T21:30:15.680+0000] {processor.py:183} INFO - Processing /opt/airflow/dags/dag_airflow.py took 0.129 seconds
[2025-02-20T21:30:46.652+0000] {processor.py:161} INFO - Started process (PID=1484) to work on /opt/airflow/dags/dag_airflow.py
[2025-02-20T21:30:46.654+0000] {processor.py:830} INFO - Processing file /opt/airflow/dags/dag_airflow.py for tasks to queue
[2025-02-20T21:30:46.657+0000] {logging_mixin.py:188} INFO - [2025-02-20T21:30:46.657+0000] {dagbag.py:545} INFO - Filling up the DagBag from /opt/airflow/dags/dag_airflow.py
[2025-02-20T21:30:46.690+0000] {processor.py:840} INFO - DAG(s) 'kafka_spark_postgres_pipeline' retrieved from /opt/airflow/dags/dag_airflow.py
[2025-02-20T21:30:46.748+0000] {logging_mixin.py:188} INFO - [2025-02-20T21:30:46.747+0000] {dag.py:3096} INFO - Sync 1 DAGs
[2025-02-20T21:30:46.790+0000] {logging_mixin.py:188} INFO - [2025-02-20T21:30:46.790+0000] {dag.py:3954} INFO - Setting next_dagrun for kafka_spark_postgres_pipeline to 2025-02-20 00:00:00+00:00, run_after=2025-02-21 00:00:00+00:00
[2025-02-20T21:30:46.822+0000] {processor.py:183} INFO - Processing /opt/airflow/dags/dag_airflow.py took 0.183 seconds
[2025-02-20T21:31:17.001+0000] {processor.py:161} INFO - Started process (PID=1489) to work on /opt/airflow/dags/dag_airflow.py
[2025-02-20T21:31:17.009+0000] {processor.py:830} INFO - Processing file /opt/airflow/dags/dag_airflow.py for tasks to queue
[2025-02-20T21:31:17.034+0000] {logging_mixin.py:188} INFO - [2025-02-20T21:31:17.032+0000] {dagbag.py:545} INFO - Filling up the DagBag from /opt/airflow/dags/dag_airflow.py
[2025-02-20T21:31:17.118+0000] {processor.py:840} INFO - DAG(s) 'kafka_spark_postgres_pipeline' retrieved from /opt/airflow/dags/dag_airflow.py
[2025-02-20T21:31:17.507+0000] {logging_mixin.py:188} INFO - [2025-02-20T21:31:17.506+0000] {dag.py:3096} INFO - Sync 1 DAGs
[2025-02-20T21:31:17.721+0000] {logging_mixin.py:188} INFO - [2025-02-20T21:31:17.720+0000] {dag.py:3954} INFO - Setting next_dagrun for kafka_spark_postgres_pipeline to 2025-02-20 00:00:00+00:00, run_after=2025-02-21 00:00:00+00:00
[2025-02-20T21:31:17.875+0000] {processor.py:183} INFO - Processing /opt/airflow/dags/dag_airflow.py took 0.955 seconds
[2025-02-20T21:31:48.097+0000] {processor.py:161} INFO - Started process (PID=1494) to work on /opt/airflow/dags/dag_airflow.py
[2025-02-20T21:31:48.098+0000] {processor.py:830} INFO - Processing file /opt/airflow/dags/dag_airflow.py for tasks to queue
[2025-02-20T21:31:48.102+0000] {logging_mixin.py:188} INFO - [2025-02-20T21:31:48.102+0000] {dagbag.py:545} INFO - Filling up the DagBag from /opt/airflow/dags/dag_airflow.py
[2025-02-20T21:31:48.136+0000] {processor.py:840} INFO - DAG(s) 'kafka_spark_postgres_pipeline' retrieved from /opt/airflow/dags/dag_airflow.py
[2025-02-20T21:31:48.176+0000] {logging_mixin.py:188} INFO - [2025-02-20T21:31:48.176+0000] {dag.py:3096} INFO - Sync 1 DAGs
[2025-02-20T21:31:48.209+0000] {logging_mixin.py:188} INFO - [2025-02-20T21:31:48.208+0000] {dag.py:3954} INFO - Setting next_dagrun for kafka_spark_postgres_pipeline to 2025-02-20 00:00:00+00:00, run_after=2025-02-21 00:00:00+00:00
[2025-02-20T21:31:48.241+0000] {processor.py:183} INFO - Processing /opt/airflow/dags/dag_airflow.py took 0.153 seconds
[2025-02-20T21:32:18.390+0000] {processor.py:161} INFO - Started process (PID=1499) to work on /opt/airflow/dags/dag_airflow.py
[2025-02-20T21:32:18.391+0000] {processor.py:830} INFO - Processing file /opt/airflow/dags/dag_airflow.py for tasks to queue
[2025-02-20T21:32:18.397+0000] {logging_mixin.py:188} INFO - [2025-02-20T21:32:18.396+0000] {dagbag.py:545} INFO - Filling up the DagBag from /opt/airflow/dags/dag_airflow.py
[2025-02-20T21:32:18.431+0000] {processor.py:840} INFO - DAG(s) 'kafka_spark_postgres_pipeline' retrieved from /opt/airflow/dags/dag_airflow.py
[2025-02-20T21:32:18.475+0000] {logging_mixin.py:188} INFO - [2025-02-20T21:32:18.474+0000] {dag.py:3096} INFO - Sync 1 DAGs
[2025-02-20T21:32:18.507+0000] {logging_mixin.py:188} INFO - [2025-02-20T21:32:18.506+0000] {dag.py:3954} INFO - Setting next_dagrun for kafka_spark_postgres_pipeline to 2025-02-20 00:00:00+00:00, run_after=2025-02-21 00:00:00+00:00
[2025-02-20T21:32:18.534+0000] {processor.py:183} INFO - Processing /opt/airflow/dags/dag_airflow.py took 0.152 seconds
[2025-02-20T21:32:48.669+0000] {processor.py:161} INFO - Started process (PID=1504) to work on /opt/airflow/dags/dag_airflow.py
[2025-02-20T21:32:48.670+0000] {processor.py:830} INFO - Processing file /opt/airflow/dags/dag_airflow.py for tasks to queue
[2025-02-20T21:32:48.672+0000] {logging_mixin.py:188} INFO - [2025-02-20T21:32:48.672+0000] {dagbag.py:545} INFO - Filling up the DagBag from /opt/airflow/dags/dag_airflow.py
[2025-02-20T21:32:48.699+0000] {processor.py:840} INFO - DAG(s) 'kafka_spark_postgres_pipeline' retrieved from /opt/airflow/dags/dag_airflow.py
[2025-02-20T21:32:48.739+0000] {logging_mixin.py:188} INFO - [2025-02-20T21:32:48.739+0000] {dag.py:3096} INFO - Sync 1 DAGs
[2025-02-20T21:32:48.774+0000] {logging_mixin.py:188} INFO - [2025-02-20T21:32:48.773+0000] {dag.py:3954} INFO - Setting next_dagrun for kafka_spark_postgres_pipeline to 2025-02-20 00:00:00+00:00, run_after=2025-02-21 00:00:00+00:00
[2025-02-20T21:32:48.820+0000] {processor.py:183} INFO - Processing /opt/airflow/dags/dag_airflow.py took 0.160 seconds
[2025-02-20T21:33:18.953+0000] {processor.py:161} INFO - Started process (PID=1509) to work on /opt/airflow/dags/dag_airflow.py
[2025-02-20T21:33:18.954+0000] {processor.py:830} INFO - Processing file /opt/airflow/dags/dag_airflow.py for tasks to queue
[2025-02-20T21:33:18.957+0000] {logging_mixin.py:188} INFO - [2025-02-20T21:33:18.956+0000] {dagbag.py:545} INFO - Filling up the DagBag from /opt/airflow/dags/dag_airflow.py
[2025-02-20T21:33:18.986+0000] {processor.py:840} INFO - DAG(s) 'kafka_spark_postgres_pipeline' retrieved from /opt/airflow/dags/dag_airflow.py
[2025-02-20T21:33:19.023+0000] {logging_mixin.py:188} INFO - [2025-02-20T21:33:19.023+0000] {dag.py:3096} INFO - Sync 1 DAGs
[2025-02-20T21:33:19.052+0000] {logging_mixin.py:188} INFO - [2025-02-20T21:33:19.051+0000] {dag.py:3954} INFO - Setting next_dagrun for kafka_spark_postgres_pipeline to 2025-02-20 00:00:00+00:00, run_after=2025-02-21 00:00:00+00:00
[2025-02-20T21:33:19.073+0000] {processor.py:183} INFO - Processing /opt/airflow/dags/dag_airflow.py took 0.128 seconds
[2025-02-20T21:33:49.268+0000] {processor.py:161} INFO - Started process (PID=1514) to work on /opt/airflow/dags/dag_airflow.py
[2025-02-20T21:33:49.269+0000] {processor.py:830} INFO - Processing file /opt/airflow/dags/dag_airflow.py for tasks to queue
[2025-02-20T21:33:49.272+0000] {logging_mixin.py:188} INFO - [2025-02-20T21:33:49.271+0000] {dagbag.py:545} INFO - Filling up the DagBag from /opt/airflow/dags/dag_airflow.py
[2025-02-20T21:33:49.296+0000] {processor.py:840} INFO - DAG(s) 'kafka_spark_postgres_pipeline' retrieved from /opt/airflow/dags/dag_airflow.py
[2025-02-20T21:33:49.330+0000] {logging_mixin.py:188} INFO - [2025-02-20T21:33:49.330+0000] {dag.py:3096} INFO - Sync 1 DAGs
[2025-02-20T21:33:49.355+0000] {logging_mixin.py:188} INFO - [2025-02-20T21:33:49.355+0000] {dag.py:3954} INFO - Setting next_dagrun for kafka_spark_postgres_pipeline to 2025-02-20 00:00:00+00:00, run_after=2025-02-21 00:00:00+00:00
[2025-02-20T21:33:49.376+0000] {processor.py:183} INFO - Processing /opt/airflow/dags/dag_airflow.py took 0.116 seconds
[2025-02-20T21:34:19.594+0000] {processor.py:161} INFO - Started process (PID=1519) to work on /opt/airflow/dags/dag_airflow.py
[2025-02-20T21:34:19.623+0000] {processor.py:830} INFO - Processing file /opt/airflow/dags/dag_airflow.py for tasks to queue
[2025-02-20T21:34:19.647+0000] {logging_mixin.py:188} INFO - [2025-02-20T21:34:19.646+0000] {dagbag.py:545} INFO - Filling up the DagBag from /opt/airflow/dags/dag_airflow.py
[2025-02-20T21:34:19.681+0000] {processor.py:840} INFO - DAG(s) 'kafka_spark_postgres_pipeline' retrieved from /opt/airflow/dags/dag_airflow.py
[2025-02-20T21:34:19.855+0000] {logging_mixin.py:188} INFO - [2025-02-20T21:34:19.855+0000] {dag.py:3096} INFO - Sync 1 DAGs
[2025-02-20T21:34:19.899+0000] {logging_mixin.py:188} INFO - [2025-02-20T21:34:19.898+0000] {dag.py:3954} INFO - Setting next_dagrun for kafka_spark_postgres_pipeline to 2025-02-20 00:00:00+00:00, run_after=2025-02-21 00:00:00+00:00
[2025-02-20T21:34:19.920+0000] {processor.py:183} INFO - Processing /opt/airflow/dags/dag_airflow.py took 0.479 seconds
[2025-02-20T21:34:50.125+0000] {processor.py:161} INFO - Started process (PID=1524) to work on /opt/airflow/dags/dag_airflow.py
[2025-02-20T21:34:50.127+0000] {processor.py:830} INFO - Processing file /opt/airflow/dags/dag_airflow.py for tasks to queue
[2025-02-20T21:34:50.129+0000] {logging_mixin.py:188} INFO - [2025-02-20T21:34:50.128+0000] {dagbag.py:545} INFO - Filling up the DagBag from /opt/airflow/dags/dag_airflow.py
[2025-02-20T21:34:50.153+0000] {processor.py:840} INFO - DAG(s) 'kafka_spark_postgres_pipeline' retrieved from /opt/airflow/dags/dag_airflow.py
[2025-02-20T21:34:50.190+0000] {logging_mixin.py:188} INFO - [2025-02-20T21:34:50.189+0000] {dag.py:3096} INFO - Sync 1 DAGs
[2025-02-20T21:34:50.348+0000] {logging_mixin.py:188} INFO - [2025-02-20T21:34:50.347+0000] {dag.py:3954} INFO - Setting next_dagrun for kafka_spark_postgres_pipeline to 2025-02-20 00:00:00+00:00, run_after=2025-02-21 00:00:00+00:00
[2025-02-20T21:34:50.397+0000] {processor.py:183} INFO - Processing /opt/airflow/dags/dag_airflow.py took 0.278 seconds
[2025-02-20T21:35:20.525+0000] {processor.py:161} INFO - Started process (PID=1529) to work on /opt/airflow/dags/dag_airflow.py
[2025-02-20T21:35:20.527+0000] {processor.py:830} INFO - Processing file /opt/airflow/dags/dag_airflow.py for tasks to queue
[2025-02-20T21:35:20.530+0000] {logging_mixin.py:188} INFO - [2025-02-20T21:35:20.529+0000] {dagbag.py:545} INFO - Filling up the DagBag from /opt/airflow/dags/dag_airflow.py
[2025-02-20T21:35:20.335+0000] {processor.py:840} INFO - DAG(s) 'kafka_spark_postgres_pipeline' retrieved from /opt/airflow/dags/dag_airflow.py
[2025-02-20T21:35:20.371+0000] {logging_mixin.py:188} INFO - [2025-02-20T21:35:20.371+0000] {dag.py:3096} INFO - Sync 1 DAGs
[2025-02-20T21:35:20.398+0000] {logging_mixin.py:188} INFO - [2025-02-20T21:35:20.398+0000] {dag.py:3954} INFO - Setting next_dagrun for kafka_spark_postgres_pipeline to 2025-02-20 00:00:00+00:00, run_after=2025-02-21 00:00:00+00:00
[2025-02-20T21:35:20.419+0000] {processor.py:183} INFO - Processing /opt/airflow/dags/dag_airflow.py took 0.122 seconds
[2025-02-20T21:35:50.565+0000] {processor.py:161} INFO - Started process (PID=1534) to work on /opt/airflow/dags/dag_airflow.py
[2025-02-20T21:35:50.567+0000] {processor.py:830} INFO - Processing file /opt/airflow/dags/dag_airflow.py for tasks to queue
[2025-02-20T21:35:50.569+0000] {logging_mixin.py:188} INFO - [2025-02-20T21:35:50.569+0000] {dagbag.py:545} INFO - Filling up the DagBag from /opt/airflow/dags/dag_airflow.py
[2025-02-20T21:35:50.591+0000] {processor.py:840} INFO - DAG(s) 'kafka_spark_postgres_pipeline' retrieved from /opt/airflow/dags/dag_airflow.py
[2025-02-20T21:35:50.628+0000] {logging_mixin.py:188} INFO - [2025-02-20T21:35:50.627+0000] {dag.py:3096} INFO - Sync 1 DAGs
[2025-02-20T21:35:50.653+0000] {logging_mixin.py:188} INFO - [2025-02-20T21:35:50.652+0000] {dag.py:3954} INFO - Setting next_dagrun for kafka_spark_postgres_pipeline to 2025-02-20 00:00:00+00:00, run_after=2025-02-21 00:00:00+00:00
[2025-02-20T21:35:50.676+0000] {processor.py:183} INFO - Processing /opt/airflow/dags/dag_airflow.py took 0.117 seconds
[2025-02-20T21:36:20.762+0000] {processor.py:161} INFO - Started process (PID=1539) to work on /opt/airflow/dags/dag_airflow.py
[2025-02-20T21:36:20.763+0000] {processor.py:830} INFO - Processing file /opt/airflow/dags/dag_airflow.py for tasks to queue
[2025-02-20T21:36:20.766+0000] {logging_mixin.py:188} INFO - [2025-02-20T21:36:20.766+0000] {dagbag.py:545} INFO - Filling up the DagBag from /opt/airflow/dags/dag_airflow.py
[2025-02-20T21:36:20.790+0000] {processor.py:840} INFO - DAG(s) 'kafka_spark_postgres_pipeline' retrieved from /opt/airflow/dags/dag_airflow.py
[2025-02-20T21:36:20.835+0000] {logging_mixin.py:188} INFO - [2025-02-20T21:36:20.834+0000] {dag.py:3096} INFO - Sync 1 DAGs
[2025-02-20T21:36:20.868+0000] {logging_mixin.py:188} INFO - [2025-02-20T21:36:20.868+0000] {dag.py:3954} INFO - Setting next_dagrun for kafka_spark_postgres_pipeline to 2025-02-20 00:00:00+00:00, run_after=2025-02-21 00:00:00+00:00
[2025-02-20T21:36:20.899+0000] {processor.py:183} INFO - Processing /opt/airflow/dags/dag_airflow.py took 0.145 seconds
[2025-02-20T21:36:50.984+0000] {processor.py:161} INFO - Started process (PID=1544) to work on /opt/airflow/dags/dag_airflow.py
[2025-02-20T21:36:50.986+0000] {processor.py:830} INFO - Processing file /opt/airflow/dags/dag_airflow.py for tasks to queue
[2025-02-20T21:36:50.988+0000] {logging_mixin.py:188} INFO - [2025-02-20T21:36:50.988+0000] {dagbag.py:545} INFO - Filling up the DagBag from /opt/airflow/dags/dag_airflow.py
[2025-02-20T21:36:51.015+0000] {processor.py:840} INFO - DAG(s) 'kafka_spark_postgres_pipeline' retrieved from /opt/airflow/dags/dag_airflow.py
[2025-02-20T21:36:51.053+0000] {logging_mixin.py:188} INFO - [2025-02-20T21:36:51.053+0000] {dag.py:3096} INFO - Sync 1 DAGs
[2025-02-20T21:36:51.082+0000] {logging_mixin.py:188} INFO - [2025-02-20T21:36:51.081+0000] {dag.py:3954} INFO - Setting next_dagrun for kafka_spark_postgres_pipeline to 2025-02-20 00:00:00+00:00, run_after=2025-02-21 00:00:00+00:00
[2025-02-20T21:36:51.107+0000] {processor.py:183} INFO - Processing /opt/airflow/dags/dag_airflow.py took 0.131 seconds
[2025-02-20T21:37:21.260+0000] {processor.py:161} INFO - Started process (PID=1549) to work on /opt/airflow/dags/dag_airflow.py
[2025-02-20T21:37:21.262+0000] {processor.py:830} INFO - Processing file /opt/airflow/dags/dag_airflow.py for tasks to queue
[2025-02-20T21:37:21.265+0000] {logging_mixin.py:188} INFO - [2025-02-20T21:37:21.264+0000] {dagbag.py:545} INFO - Filling up the DagBag from /opt/airflow/dags/dag_airflow.py
[2025-02-20T21:37:21.294+0000] {processor.py:840} INFO - DAG(s) 'kafka_spark_postgres_pipeline' retrieved from /opt/airflow/dags/dag_airflow.py
[2025-02-20T21:37:21.331+0000] {logging_mixin.py:188} INFO - [2025-02-20T21:37:21.331+0000] {dag.py:3096} INFO - Sync 1 DAGs
[2025-02-20T21:37:21.359+0000] {logging_mixin.py:188} INFO - [2025-02-20T21:37:21.359+0000] {dag.py:3954} INFO - Setting next_dagrun for kafka_spark_postgres_pipeline to 2025-02-20 00:00:00+00:00, run_after=2025-02-21 00:00:00+00:00
[2025-02-20T21:37:21.385+0000] {processor.py:183} INFO - Processing /opt/airflow/dags/dag_airflow.py took 0.131 seconds
[2025-02-20T21:37:51.447+0000] {processor.py:161} INFO - Started process (PID=1554) to work on /opt/airflow/dags/dag_airflow.py
[2025-02-20T21:37:51.448+0000] {processor.py:830} INFO - Processing file /opt/airflow/dags/dag_airflow.py for tasks to queue
[2025-02-20T21:37:51.450+0000] {logging_mixin.py:188} INFO - [2025-02-20T21:37:51.450+0000] {dagbag.py:545} INFO - Filling up the DagBag from /opt/airflow/dags/dag_airflow.py
[2025-02-20T21:37:51.477+0000] {processor.py:840} INFO - DAG(s) 'kafka_spark_postgres_pipeline' retrieved from /opt/airflow/dags/dag_airflow.py
[2025-02-20T21:37:51.516+0000] {logging_mixin.py:188} INFO - [2025-02-20T21:37:51.516+0000] {dag.py:3096} INFO - Sync 1 DAGs
[2025-02-20T21:37:51.545+0000] {logging_mixin.py:188} INFO - [2025-02-20T21:37:51.545+0000] {dag.py:3954} INFO - Setting next_dagrun for kafka_spark_postgres_pipeline to 2025-02-20 00:00:00+00:00, run_after=2025-02-21 00:00:00+00:00
[2025-02-20T21:37:51.567+0000] {processor.py:183} INFO - Processing /opt/airflow/dags/dag_airflow.py took 0.126 seconds
[2025-02-20T21:38:22.485+0000] {processor.py:161} INFO - Started process (PID=1559) to work on /opt/airflow/dags/dag_airflow.py
[2025-02-20T21:38:22.487+0000] {processor.py:830} INFO - Processing file /opt/airflow/dags/dag_airflow.py for tasks to queue
[2025-02-20T21:38:22.493+0000] {logging_mixin.py:188} INFO - [2025-02-20T21:38:22.492+0000] {dagbag.py:545} INFO - Filling up the DagBag from /opt/airflow/dags/dag_airflow.py
[2025-02-20T21:38:22.522+0000] {processor.py:840} INFO - DAG(s) 'kafka_spark_postgres_pipeline' retrieved from /opt/airflow/dags/dag_airflow.py
[2025-02-20T21:38:22.561+0000] {logging_mixin.py:188} INFO - [2025-02-20T21:38:22.561+0000] {dag.py:3096} INFO - Sync 1 DAGs
[2025-02-20T21:38:22.587+0000] {logging_mixin.py:188} INFO - [2025-02-20T21:38:22.587+0000] {dag.py:3954} INFO - Setting next_dagrun for kafka_spark_postgres_pipeline to 2025-02-20 00:00:00+00:00, run_after=2025-02-21 00:00:00+00:00
[2025-02-20T21:38:22.609+0000] {processor.py:183} INFO - Processing /opt/airflow/dags/dag_airflow.py took 0.131 seconds
[2025-02-20T21:38:52.703+0000] {processor.py:161} INFO - Started process (PID=1564) to work on /opt/airflow/dags/dag_airflow.py
[2025-02-20T21:38:52.705+0000] {processor.py:830} INFO - Processing file /opt/airflow/dags/dag_airflow.py for tasks to queue
[2025-02-20T21:38:52.707+0000] {logging_mixin.py:188} INFO - [2025-02-20T21:38:52.706+0000] {dagbag.py:545} INFO - Filling up the DagBag from /opt/airflow/dags/dag_airflow.py
[2025-02-20T21:38:52.731+0000] {processor.py:840} INFO - DAG(s) 'kafka_spark_postgres_pipeline' retrieved from /opt/airflow/dags/dag_airflow.py
[2025-02-20T21:38:52.765+0000] {logging_mixin.py:188} INFO - [2025-02-20T21:38:52.765+0000] {dag.py:3096} INFO - Sync 1 DAGs
[2025-02-20T21:38:52.790+0000] {logging_mixin.py:188} INFO - [2025-02-20T21:38:52.790+0000] {dag.py:3954} INFO - Setting next_dagrun for kafka_spark_postgres_pipeline to 2025-02-20 00:00:00+00:00, run_after=2025-02-21 00:00:00+00:00
[2025-02-20T21:38:52.811+0000] {processor.py:183} INFO - Processing /opt/airflow/dags/dag_airflow.py took 0.114 seconds
[2025-02-20T21:39:22.863+0000] {processor.py:161} INFO - Started process (PID=1569) to work on /opt/airflow/dags/dag_airflow.py
[2025-02-20T21:39:22.865+0000] {processor.py:830} INFO - Processing file /opt/airflow/dags/dag_airflow.py for tasks to queue
[2025-02-20T21:39:22.867+0000] {logging_mixin.py:188} INFO - [2025-02-20T21:39:22.867+0000] {dagbag.py:545} INFO - Filling up the DagBag from /opt/airflow/dags/dag_airflow.py
[2025-02-20T21:39:22.895+0000] {processor.py:840} INFO - DAG(s) 'kafka_spark_postgres_pipeline' retrieved from /opt/airflow/dags/dag_airflow.py
[2025-02-20T21:39:22.935+0000] {logging_mixin.py:188} INFO - [2025-02-20T21:39:22.935+0000] {dag.py:3096} INFO - Sync 1 DAGs
[2025-02-20T21:39:22.963+0000] {logging_mixin.py:188} INFO - [2025-02-20T21:39:22.963+0000] {dag.py:3954} INFO - Setting next_dagrun for kafka_spark_postgres_pipeline to 2025-02-20 00:00:00+00:00, run_after=2025-02-21 00:00:00+00:00
[2025-02-20T21:39:22.986+0000] {processor.py:183} INFO - Processing /opt/airflow/dags/dag_airflow.py took 0.130 seconds
[2025-02-20T21:39:53.150+0000] {processor.py:161} INFO - Started process (PID=1574) to work on /opt/airflow/dags/dag_airflow.py
[2025-02-20T21:39:53.151+0000] {processor.py:830} INFO - Processing file /opt/airflow/dags/dag_airflow.py for tasks to queue
[2025-02-20T21:39:53.154+0000] {logging_mixin.py:188} INFO - [2025-02-20T21:39:53.153+0000] {dagbag.py:545} INFO - Filling up the DagBag from /opt/airflow/dags/dag_airflow.py
[2025-02-20T21:39:53.180+0000] {processor.py:840} INFO - DAG(s) 'kafka_spark_postgres_pipeline' retrieved from /opt/airflow/dags/dag_airflow.py
[2025-02-20T21:39:53.215+0000] {logging_mixin.py:188} INFO - [2025-02-20T21:39:53.215+0000] {dag.py:3096} INFO - Sync 1 DAGs
[2025-02-20T21:39:53.239+0000] {logging_mixin.py:188} INFO - [2025-02-20T21:39:53.239+0000] {dag.py:3954} INFO - Setting next_dagrun for kafka_spark_postgres_pipeline to 2025-02-20 00:00:00+00:00, run_after=2025-02-21 00:00:00+00:00
[2025-02-20T21:39:53.260+0000] {processor.py:183} INFO - Processing /opt/airflow/dags/dag_airflow.py took 0.118 seconds
[2025-02-20T21:40:23.376+0000] {processor.py:161} INFO - Started process (PID=1603) to work on /opt/airflow/dags/dag_airflow.py
[2025-02-20T21:40:23.377+0000] {processor.py:830} INFO - Processing file /opt/airflow/dags/dag_airflow.py for tasks to queue
[2025-02-20T21:40:23.379+0000] {logging_mixin.py:188} INFO - [2025-02-20T21:40:23.379+0000] {dagbag.py:545} INFO - Filling up the DagBag from /opt/airflow/dags/dag_airflow.py
[2025-02-20T21:40:23.404+0000] {processor.py:840} INFO - DAG(s) 'kafka_spark_postgres_pipeline' retrieved from /opt/airflow/dags/dag_airflow.py
[2025-02-20T21:40:23.442+0000] {logging_mixin.py:188} INFO - [2025-02-20T21:40:23.442+0000] {dag.py:3096} INFO - Sync 1 DAGs
[2025-02-20T21:40:23.471+0000] {logging_mixin.py:188} INFO - [2025-02-20T21:40:23.471+0000] {dag.py:3954} INFO - Setting next_dagrun for kafka_spark_postgres_pipeline to 2025-02-20 00:00:00+00:00, run_after=2025-02-21 00:00:00+00:00
[2025-02-20T21:40:23.493+0000] {processor.py:183} INFO - Processing /opt/airflow/dags/dag_airflow.py took 0.124 seconds
[2025-02-20T21:40:53.606+0000] {processor.py:161} INFO - Started process (PID=1626) to work on /opt/airflow/dags/dag_airflow.py
[2025-02-20T21:40:53.608+0000] {processor.py:830} INFO - Processing file /opt/airflow/dags/dag_airflow.py for tasks to queue
[2025-02-20T21:40:53.610+0000] {logging_mixin.py:188} INFO - [2025-02-20T21:40:53.609+0000] {dagbag.py:545} INFO - Filling up the DagBag from /opt/airflow/dags/dag_airflow.py
[2025-02-20T21:40:53.633+0000] {processor.py:840} INFO - DAG(s) 'kafka_spark_postgres_pipeline' retrieved from /opt/airflow/dags/dag_airflow.py
[2025-02-20T21:40:53.678+0000] {logging_mixin.py:188} INFO - [2025-02-20T21:40:53.677+0000] {dag.py:3096} INFO - Sync 1 DAGs
[2025-02-20T21:40:53.701+0000] {logging_mixin.py:188} INFO - [2025-02-20T21:40:53.701+0000] {dag.py:3954} INFO - Setting next_dagrun for kafka_spark_postgres_pipeline to 2025-02-20 00:00:00+00:00, run_after=2025-02-21 00:00:00+00:00
[2025-02-20T21:40:53.725+0000] {processor.py:183} INFO - Processing /opt/airflow/dags/dag_airflow.py took 0.129 seconds
[2025-02-20T21:41:23.840+0000] {processor.py:161} INFO - Started process (PID=1631) to work on /opt/airflow/dags/dag_airflow.py
[2025-02-20T21:41:23.843+0000] {processor.py:830} INFO - Processing file /opt/airflow/dags/dag_airflow.py for tasks to queue
[2025-02-20T21:41:23.847+0000] {logging_mixin.py:188} INFO - [2025-02-20T21:41:23.846+0000] {dagbag.py:545} INFO - Filling up the DagBag from /opt/airflow/dags/dag_airflow.py
[2025-02-20T21:41:23.879+0000] {processor.py:840} INFO - DAG(s) 'kafka_spark_postgres_pipeline' retrieved from /opt/airflow/dags/dag_airflow.py
[2025-02-20T21:41:23.943+0000] {logging_mixin.py:188} INFO - [2025-02-20T21:41:23.942+0000] {dag.py:3096} INFO - Sync 1 DAGs
[2025-02-20T21:41:23.985+0000] {logging_mixin.py:188} INFO - [2025-02-20T21:41:23.985+0000] {dag.py:3954} INFO - Setting next_dagrun for kafka_spark_postgres_pipeline to 2025-02-20 00:00:00+00:00, run_after=2025-02-21 00:00:00+00:00
[2025-02-20T21:41:24.014+0000] {processor.py:183} INFO - Processing /opt/airflow/dags/dag_airflow.py took 0.205 seconds
[2025-02-20T21:41:54.181+0000] {processor.py:161} INFO - Started process (PID=1636) to work on /opt/airflow/dags/dag_airflow.py
[2025-02-20T21:41:54.182+0000] {processor.py:830} INFO - Processing file /opt/airflow/dags/dag_airflow.py for tasks to queue
[2025-02-20T21:41:54.189+0000] {logging_mixin.py:188} INFO - [2025-02-20T21:41:54.186+0000] {dagbag.py:545} INFO - Filling up the DagBag from /opt/airflow/dags/dag_airflow.py
[2025-02-20T21:41:54.210+0000] {processor.py:840} INFO - DAG(s) 'kafka_spark_postgres_pipeline' retrieved from /opt/airflow/dags/dag_airflow.py
[2025-02-20T21:41:54.248+0000] {logging_mixin.py:188} INFO - [2025-02-20T21:41:54.248+0000] {dag.py:3096} INFO - Sync 1 DAGs
[2025-02-20T21:41:54.278+0000] {logging_mixin.py:188} INFO - [2025-02-20T21:41:54.278+0000] {dag.py:3954} INFO - Setting next_dagrun for kafka_spark_postgres_pipeline to 2025-02-20 00:00:00+00:00, run_after=2025-02-21 00:00:00+00:00
[2025-02-20T21:41:54.303+0000] {processor.py:183} INFO - Processing /opt/airflow/dags/dag_airflow.py took 0.136 seconds
[2025-02-20T21:42:24.532+0000] {processor.py:161} INFO - Started process (PID=1641) to work on /opt/airflow/dags/dag_airflow.py
[2025-02-20T21:42:24.534+0000] {processor.py:830} INFO - Processing file /opt/airflow/dags/dag_airflow.py for tasks to queue
[2025-02-20T21:42:24.537+0000] {logging_mixin.py:188} INFO - [2025-02-20T21:42:24.536+0000] {dagbag.py:545} INFO - Filling up the DagBag from /opt/airflow/dags/dag_airflow.py
[2025-02-20T21:42:24.562+0000] {processor.py:840} INFO - DAG(s) 'kafka_spark_postgres_pipeline' retrieved from /opt/airflow/dags/dag_airflow.py
[2025-02-20T21:42:24.597+0000] {logging_mixin.py:188} INFO - [2025-02-20T21:42:24.596+0000] {dag.py:3096} INFO - Sync 1 DAGs
[2025-02-20T21:42:24.620+0000] {logging_mixin.py:188} INFO - [2025-02-20T21:42:24.620+0000] {dag.py:3954} INFO - Setting next_dagrun for kafka_spark_postgres_pipeline to 2025-02-20 00:00:00+00:00, run_after=2025-02-21 00:00:00+00:00
[2025-02-20T21:42:24.641+0000] {processor.py:183} INFO - Processing /opt/airflow/dags/dag_airflow.py took 0.133 seconds
[2025-02-20T21:42:54.810+0000] {processor.py:161} INFO - Started process (PID=1646) to work on /opt/airflow/dags/dag_airflow.py
[2025-02-20T21:42:54.812+0000] {processor.py:830} INFO - Processing file /opt/airflow/dags/dag_airflow.py for tasks to queue
[2025-02-20T21:42:54.815+0000] {logging_mixin.py:188} INFO - [2025-02-20T21:42:54.815+0000] {dagbag.py:545} INFO - Filling up the DagBag from /opt/airflow/dags/dag_airflow.py
[2025-02-20T21:42:54.847+0000] {processor.py:840} INFO - DAG(s) 'kafka_spark_postgres_pipeline' retrieved from /opt/airflow/dags/dag_airflow.py
[2025-02-20T21:42:54.898+0000] {logging_mixin.py:188} INFO - [2025-02-20T21:42:54.898+0000] {dag.py:3096} INFO - Sync 1 DAGs
[2025-02-20T21:42:54.931+0000] {logging_mixin.py:188} INFO - [2025-02-20T21:42:54.931+0000] {dag.py:3954} INFO - Setting next_dagrun for kafka_spark_postgres_pipeline to 2025-02-20 00:00:00+00:00, run_after=2025-02-21 00:00:00+00:00
[2025-02-20T21:42:54.960+0000] {processor.py:183} INFO - Processing /opt/airflow/dags/dag_airflow.py took 0.165 seconds
[2025-02-20T21:43:25.158+0000] {processor.py:161} INFO - Started process (PID=1651) to work on /opt/airflow/dags/dag_airflow.py
[2025-02-20T21:43:25.159+0000] {processor.py:830} INFO - Processing file /opt/airflow/dags/dag_airflow.py for tasks to queue
[2025-02-20T21:43:25.162+0000] {logging_mixin.py:188} INFO - [2025-02-20T21:43:25.161+0000] {dagbag.py:545} INFO - Filling up the DagBag from /opt/airflow/dags/dag_airflow.py
[2025-02-20T21:43:25.188+0000] {processor.py:840} INFO - DAG(s) 'kafka_spark_postgres_pipeline' retrieved from /opt/airflow/dags/dag_airflow.py
[2025-02-20T21:43:25.221+0000] {logging_mixin.py:188} INFO - [2025-02-20T21:43:25.221+0000] {dag.py:3096} INFO - Sync 1 DAGs
[2025-02-20T21:43:25.245+0000] {logging_mixin.py:188} INFO - [2025-02-20T21:43:25.245+0000] {dag.py:3954} INFO - Setting next_dagrun for kafka_spark_postgres_pipeline to 2025-02-20 00:00:00+00:00, run_after=2025-02-21 00:00:00+00:00
[2025-02-20T21:43:25.265+0000] {processor.py:183} INFO - Processing /opt/airflow/dags/dag_airflow.py took 0.118 seconds
[2025-02-20T21:43:55.410+0000] {processor.py:161} INFO - Started process (PID=1656) to work on /opt/airflow/dags/dag_airflow.py
[2025-02-20T21:43:55.411+0000] {processor.py:830} INFO - Processing file /opt/airflow/dags/dag_airflow.py for tasks to queue
[2025-02-20T21:43:55.413+0000] {logging_mixin.py:188} INFO - [2025-02-20T21:43:55.413+0000] {dagbag.py:545} INFO - Filling up the DagBag from /opt/airflow/dags/dag_airflow.py
[2025-02-20T21:43:55.434+0000] {processor.py:840} INFO - DAG(s) 'kafka_spark_postgres_pipeline' retrieved from /opt/airflow/dags/dag_airflow.py
[2025-02-20T21:43:55.494+0000] {logging_mixin.py:188} INFO - [2025-02-20T21:43:55.494+0000] {dag.py:3096} INFO - Sync 1 DAGs
[2025-02-20T21:43:55.525+0000] {logging_mixin.py:188} INFO - [2025-02-20T21:43:55.524+0000] {dag.py:3954} INFO - Setting next_dagrun for kafka_spark_postgres_pipeline to 2025-02-20 00:00:00+00:00, run_after=2025-02-21 00:00:00+00:00
[2025-02-20T21:43:55.544+0000] {processor.py:183} INFO - Processing /opt/airflow/dags/dag_airflow.py took 0.146 seconds
[2025-02-20T21:44:25.674+0000] {processor.py:161} INFO - Started process (PID=1661) to work on /opt/airflow/dags/dag_airflow.py
[2025-02-20T21:44:25.675+0000] {processor.py:830} INFO - Processing file /opt/airflow/dags/dag_airflow.py for tasks to queue
[2025-02-20T21:44:25.678+0000] {logging_mixin.py:188} INFO - [2025-02-20T21:44:25.677+0000] {dagbag.py:545} INFO - Filling up the DagBag from /opt/airflow/dags/dag_airflow.py
[2025-02-20T21:44:25.700+0000] {processor.py:840} INFO - DAG(s) 'kafka_spark_postgres_pipeline' retrieved from /opt/airflow/dags/dag_airflow.py
[2025-02-20T21:44:25.737+0000] {logging_mixin.py:188} INFO - [2025-02-20T21:44:25.737+0000] {dag.py:3096} INFO - Sync 1 DAGs
[2025-02-20T21:44:25.763+0000] {logging_mixin.py:188} INFO - [2025-02-20T21:44:25.763+0000] {dag.py:3954} INFO - Setting next_dagrun for kafka_spark_postgres_pipeline to 2025-02-20 00:00:00+00:00, run_after=2025-02-21 00:00:00+00:00
[2025-02-20T21:44:25.788+0000] {processor.py:183} INFO - Processing /opt/airflow/dags/dag_airflow.py took 0.125 seconds
[2025-02-20T21:44:55.904+0000] {processor.py:161} INFO - Started process (PID=1666) to work on /opt/airflow/dags/dag_airflow.py
[2025-02-20T21:44:55.905+0000] {processor.py:830} INFO - Processing file /opt/airflow/dags/dag_airflow.py for tasks to queue
[2025-02-20T21:44:55.907+0000] {logging_mixin.py:188} INFO - [2025-02-20T21:44:55.907+0000] {dagbag.py:545} INFO - Filling up the DagBag from /opt/airflow/dags/dag_airflow.py
[2025-02-20T21:44:55.931+0000] {processor.py:840} INFO - DAG(s) 'kafka_spark_postgres_pipeline' retrieved from /opt/airflow/dags/dag_airflow.py
[2025-02-20T21:44:55.968+0000] {logging_mixin.py:188} INFO - [2025-02-20T21:44:55.968+0000] {dag.py:3096} INFO - Sync 1 DAGs
[2025-02-20T21:44:55.993+0000] {logging_mixin.py:188} INFO - [2025-02-20T21:44:55.993+0000] {dag.py:3954} INFO - Setting next_dagrun for kafka_spark_postgres_pipeline to 2025-02-20 00:00:00+00:00, run_after=2025-02-21 00:00:00+00:00
[2025-02-20T21:44:56.016+0000] {processor.py:183} INFO - Processing /opt/airflow/dags/dag_airflow.py took 0.122 seconds
[2025-02-20T21:45:26.185+0000] {processor.py:161} INFO - Started process (PID=1671) to work on /opt/airflow/dags/dag_airflow.py
[2025-02-20T21:45:26.186+0000] {processor.py:830} INFO - Processing file /opt/airflow/dags/dag_airflow.py for tasks to queue
[2025-02-20T21:45:26.188+0000] {logging_mixin.py:188} INFO - [2025-02-20T21:45:26.188+0000] {dagbag.py:545} INFO - Filling up the DagBag from /opt/airflow/dags/dag_airflow.py
[2025-02-20T21:45:26.211+0000] {processor.py:840} INFO - DAG(s) 'kafka_spark_postgres_pipeline' retrieved from /opt/airflow/dags/dag_airflow.py
[2025-02-20T21:45:26.247+0000] {logging_mixin.py:188} INFO - [2025-02-20T21:45:26.247+0000] {dag.py:3096} INFO - Sync 1 DAGs
[2025-02-20T21:45:26.277+0000] {logging_mixin.py:188} INFO - [2025-02-20T21:45:26.277+0000] {dag.py:3954} INFO - Setting next_dagrun for kafka_spark_postgres_pipeline to 2025-02-20 00:00:00+00:00, run_after=2025-02-21 00:00:00+00:00
[2025-02-20T21:45:26.299+0000] {processor.py:183} INFO - Processing /opt/airflow/dags/dag_airflow.py took 0.124 seconds
[2025-02-20T21:45:56.437+0000] {processor.py:161} INFO - Started process (PID=1676) to work on /opt/airflow/dags/dag_airflow.py
[2025-02-20T21:45:56.438+0000] {processor.py:830} INFO - Processing file /opt/airflow/dags/dag_airflow.py for tasks to queue
[2025-02-20T21:45:56.440+0000] {logging_mixin.py:188} INFO - [2025-02-20T21:45:56.440+0000] {dagbag.py:545} INFO - Filling up the DagBag from /opt/airflow/dags/dag_airflow.py
[2025-02-20T21:45:56.470+0000] {processor.py:840} INFO - DAG(s) 'kafka_spark_postgres_pipeline' retrieved from /opt/airflow/dags/dag_airflow.py
[2025-02-20T21:45:56.531+0000] {logging_mixin.py:188} INFO - [2025-02-20T21:45:56.531+0000] {dag.py:3096} INFO - Sync 1 DAGs
[2025-02-20T21:45:56.619+0000] {logging_mixin.py:188} INFO - [2025-02-20T21:45:56.619+0000] {dag.py:3954} INFO - Setting next_dagrun for kafka_spark_postgres_pipeline to 2025-02-20 00:00:00+00:00, run_after=2025-02-21 00:00:00+00:00
[2025-02-20T21:45:56.651+0000] {processor.py:183} INFO - Processing /opt/airflow/dags/dag_airflow.py took 0.226 seconds
[2025-02-20T21:46:26.742+0000] {processor.py:161} INFO - Started process (PID=1681) to work on /opt/airflow/dags/dag_airflow.py
[2025-02-20T21:46:26.743+0000] {processor.py:830} INFO - Processing file /opt/airflow/dags/dag_airflow.py for tasks to queue
[2025-02-20T21:46:26.745+0000] {logging_mixin.py:188} INFO - [2025-02-20T21:46:26.744+0000] {dagbag.py:545} INFO - Filling up the DagBag from /opt/airflow/dags/dag_airflow.py
[2025-02-20T21:46:26.765+0000] {processor.py:840} INFO - DAG(s) 'kafka_spark_postgres_pipeline' retrieved from /opt/airflow/dags/dag_airflow.py
[2025-02-20T21:46:26.801+0000] {logging_mixin.py:188} INFO - [2025-02-20T21:46:26.800+0000] {dag.py:3096} INFO - Sync 1 DAGs
[2025-02-20T21:46:26.824+0000] {logging_mixin.py:188} INFO - [2025-02-20T21:46:26.824+0000] {dag.py:3954} INFO - Setting next_dagrun for kafka_spark_postgres_pipeline to 2025-02-20 00:00:00+00:00, run_after=2025-02-21 00:00:00+00:00
[2025-02-20T21:46:26.844+0000] {processor.py:183} INFO - Processing /opt/airflow/dags/dag_airflow.py took 0.113 seconds
[2025-02-20T21:46:57.044+0000] {processor.py:161} INFO - Started process (PID=1686) to work on /opt/airflow/dags/dag_airflow.py
[2025-02-20T21:46:57.049+0000] {processor.py:830} INFO - Processing file /opt/airflow/dags/dag_airflow.py for tasks to queue
[2025-02-20T21:46:57.081+0000] {logging_mixin.py:188} INFO - [2025-02-20T21:46:57.080+0000] {dagbag.py:545} INFO - Filling up the DagBag from /opt/airflow/dags/dag_airflow.py
[2025-02-20T21:46:57.219+0000] {processor.py:840} INFO - DAG(s) 'kafka_spark_postgres_pipeline' retrieved from /opt/airflow/dags/dag_airflow.py
[2025-02-20T21:46:57.611+0000] {logging_mixin.py:188} INFO - [2025-02-20T21:46:57.611+0000] {dag.py:3096} INFO - Sync 1 DAGs
[2025-02-20T21:46:57.646+0000] {logging_mixin.py:188} INFO - [2025-02-20T21:46:57.646+0000] {dag.py:3954} INFO - Setting next_dagrun for kafka_spark_postgres_pipeline to 2025-02-20 00:00:00+00:00, run_after=2025-02-21 00:00:00+00:00
[2025-02-20T21:46:57.712+0000] {processor.py:183} INFO - Processing /opt/airflow/dags/dag_airflow.py took 0.726 seconds
[2025-02-20T21:47:27.928+0000] {processor.py:161} INFO - Started process (PID=1691) to work on /opt/airflow/dags/dag_airflow.py
[2025-02-20T21:47:27.929+0000] {processor.py:830} INFO - Processing file /opt/airflow/dags/dag_airflow.py for tasks to queue
[2025-02-20T21:47:27.931+0000] {logging_mixin.py:188} INFO - [2025-02-20T21:47:27.931+0000] {dagbag.py:545} INFO - Filling up the DagBag from /opt/airflow/dags/dag_airflow.py
[2025-02-20T21:47:27.954+0000] {processor.py:840} INFO - DAG(s) 'kafka_spark_postgres_pipeline' retrieved from /opt/airflow/dags/dag_airflow.py
[2025-02-20T21:47:27.992+0000] {logging_mixin.py:188} INFO - [2025-02-20T21:47:27.991+0000] {dag.py:3096} INFO - Sync 1 DAGs
[2025-02-20T21:47:28.020+0000] {logging_mixin.py:188} INFO - [2025-02-20T21:47:28.019+0000] {dag.py:3954} INFO - Setting next_dagrun for kafka_spark_postgres_pipeline to 2025-02-20 00:00:00+00:00, run_after=2025-02-21 00:00:00+00:00
[2025-02-20T21:47:28.045+0000] {processor.py:183} INFO - Processing /opt/airflow/dags/dag_airflow.py took 0.129 seconds
[2025-02-20T21:47:58.199+0000] {processor.py:161} INFO - Started process (PID=1696) to work on /opt/airflow/dags/dag_airflow.py
[2025-02-20T21:47:58.201+0000] {processor.py:830} INFO - Processing file /opt/airflow/dags/dag_airflow.py for tasks to queue
[2025-02-20T21:47:58.203+0000] {logging_mixin.py:188} INFO - [2025-02-20T21:47:58.202+0000] {dagbag.py:545} INFO - Filling up the DagBag from /opt/airflow/dags/dag_airflow.py
[2025-02-20T21:47:58.227+0000] {processor.py:840} INFO - DAG(s) 'kafka_spark_postgres_pipeline' retrieved from /opt/airflow/dags/dag_airflow.py
[2025-02-20T21:47:58.261+0000] {logging_mixin.py:188} INFO - [2025-02-20T21:47:58.261+0000] {dag.py:3096} INFO - Sync 1 DAGs
[2025-02-20T21:47:58.289+0000] {logging_mixin.py:188} INFO - [2025-02-20T21:47:58.288+0000] {dag.py:3954} INFO - Setting next_dagrun for kafka_spark_postgres_pipeline to 2025-02-20 00:00:00+00:00, run_after=2025-02-21 00:00:00+00:00
[2025-02-20T21:47:58.310+0000] {processor.py:183} INFO - Processing /opt/airflow/dags/dag_airflow.py took 0.121 seconds
[2025-02-20T21:48:28.499+0000] {processor.py:161} INFO - Started process (PID=1701) to work on /opt/airflow/dags/dag_airflow.py
[2025-02-20T21:48:28.500+0000] {processor.py:830} INFO - Processing file /opt/airflow/dags/dag_airflow.py for tasks to queue
[2025-02-20T21:48:28.502+0000] {logging_mixin.py:188} INFO - [2025-02-20T21:48:28.502+0000] {dagbag.py:545} INFO - Filling up the DagBag from /opt/airflow/dags/dag_airflow.py
[2025-02-20T21:48:28.525+0000] {processor.py:840} INFO - DAG(s) 'kafka_spark_postgres_pipeline' retrieved from /opt/airflow/dags/dag_airflow.py
[2025-02-20T21:48:28.560+0000] {logging_mixin.py:188} INFO - [2025-02-20T21:48:28.559+0000] {dag.py:3096} INFO - Sync 1 DAGs
[2025-02-20T21:48:28.584+0000] {logging_mixin.py:188} INFO - [2025-02-20T21:48:28.584+0000] {dag.py:3954} INFO - Setting next_dagrun for kafka_spark_postgres_pipeline to 2025-02-20 00:00:00+00:00, run_after=2025-02-21 00:00:00+00:00
[2025-02-20T21:48:28.605+0000] {processor.py:183} INFO - Processing /opt/airflow/dags/dag_airflow.py took 0.117 seconds
[2025-02-20T21:48:59.569+0000] {processor.py:161} INFO - Started process (PID=1706) to work on /opt/airflow/dags/dag_airflow.py
[2025-02-20T21:48:59.570+0000] {processor.py:830} INFO - Processing file /opt/airflow/dags/dag_airflow.py for tasks to queue
[2025-02-20T21:48:59.573+0000] {logging_mixin.py:188} INFO - [2025-02-20T21:48:59.572+0000] {dagbag.py:545} INFO - Filling up the DagBag from /opt/airflow/dags/dag_airflow.py
[2025-02-20T21:48:59.597+0000] {processor.py:840} INFO - DAG(s) 'kafka_spark_postgres_pipeline' retrieved from /opt/airflow/dags/dag_airflow.py
[2025-02-20T21:48:59.634+0000] {logging_mixin.py:188} INFO - [2025-02-20T21:48:59.633+0000] {dag.py:3096} INFO - Sync 1 DAGs
[2025-02-20T21:48:59.659+0000] {logging_mixin.py:188} INFO - [2025-02-20T21:48:59.659+0000] {dag.py:3954} INFO - Setting next_dagrun for kafka_spark_postgres_pipeline to 2025-02-20 00:00:00+00:00, run_after=2025-02-21 00:00:00+00:00
[2025-02-20T21:48:59.679+0000] {processor.py:183} INFO - Processing /opt/airflow/dags/dag_airflow.py took 0.123 seconds
[2025-02-20T21:49:30.704+0000] {processor.py:161} INFO - Started process (PID=1711) to work on /opt/airflow/dags/dag_airflow.py
[2025-02-20T21:49:30.705+0000] {processor.py:830} INFO - Processing file /opt/airflow/dags/dag_airflow.py for tasks to queue
[2025-02-20T21:49:30.707+0000] {logging_mixin.py:188} INFO - [2025-02-20T21:49:30.707+0000] {dagbag.py:545} INFO - Filling up the DagBag from /opt/airflow/dags/dag_airflow.py
[2025-02-20T21:49:30.730+0000] {processor.py:840} INFO - DAG(s) 'kafka_spark_postgres_pipeline' retrieved from /opt/airflow/dags/dag_airflow.py
[2025-02-20T21:49:30.763+0000] {logging_mixin.py:188} INFO - [2025-02-20T21:49:30.763+0000] {dag.py:3096} INFO - Sync 1 DAGs
[2025-02-20T21:49:30.788+0000] {logging_mixin.py:188} INFO - [2025-02-20T21:49:30.788+0000] {dag.py:3954} INFO - Setting next_dagrun for kafka_spark_postgres_pipeline to 2025-02-20 00:00:00+00:00, run_after=2025-02-21 00:00:00+00:00
[2025-02-20T21:49:30.808+0000] {processor.py:183} INFO - Processing /opt/airflow/dags/dag_airflow.py took 0.115 seconds
[2025-02-20T21:50:00.956+0000] {processor.py:161} INFO - Started process (PID=1716) to work on /opt/airflow/dags/dag_airflow.py
[2025-02-20T21:50:00.957+0000] {processor.py:830} INFO - Processing file /opt/airflow/dags/dag_airflow.py for tasks to queue
[2025-02-20T21:50:00.960+0000] {logging_mixin.py:188} INFO - [2025-02-20T21:50:00.959+0000] {dagbag.py:545} INFO - Filling up the DagBag from /opt/airflow/dags/dag_airflow.py
[2025-02-20T21:50:00.988+0000] {processor.py:840} INFO - DAG(s) 'kafka_spark_postgres_pipeline' retrieved from /opt/airflow/dags/dag_airflow.py
[2025-02-20T21:50:01.028+0000] {logging_mixin.py:188} INFO - [2025-02-20T21:50:01.028+0000] {dag.py:3096} INFO - Sync 1 DAGs
[2025-02-20T21:50:01.057+0000] {logging_mixin.py:188} INFO - [2025-02-20T21:50:01.057+0000] {dag.py:3954} INFO - Setting next_dagrun for kafka_spark_postgres_pipeline to 2025-02-20 00:00:00+00:00, run_after=2025-02-21 00:00:00+00:00
[2025-02-20T21:50:01.082+0000] {processor.py:183} INFO - Processing /opt/airflow/dags/dag_airflow.py took 0.140 seconds
[2025-02-20T21:50:31.179+0000] {processor.py:161} INFO - Started process (PID=1721) to work on /opt/airflow/dags/dag_airflow.py
[2025-02-20T21:50:31.180+0000] {processor.py:830} INFO - Processing file /opt/airflow/dags/dag_airflow.py for tasks to queue
[2025-02-20T21:50:31.182+0000] {logging_mixin.py:188} INFO - [2025-02-20T21:50:31.182+0000] {dagbag.py:545} INFO - Filling up the DagBag from /opt/airflow/dags/dag_airflow.py
[2025-02-20T21:50:31.207+0000] {processor.py:840} INFO - DAG(s) 'kafka_spark_postgres_pipeline' retrieved from /opt/airflow/dags/dag_airflow.py
[2025-02-20T21:50:31.242+0000] {logging_mixin.py:188} INFO - [2025-02-20T21:50:31.242+0000] {dag.py:3096} INFO - Sync 1 DAGs
[2025-02-20T21:50:31.267+0000] {logging_mixin.py:188} INFO - [2025-02-20T21:50:31.267+0000] {dag.py:3954} INFO - Setting next_dagrun for kafka_spark_postgres_pipeline to 2025-02-20 00:00:00+00:00, run_after=2025-02-21 00:00:00+00:00
[2025-02-20T21:50:31.290+0000] {processor.py:183} INFO - Processing /opt/airflow/dags/dag_airflow.py took 0.123 seconds
[2025-02-20T21:51:01.430+0000] {processor.py:161} INFO - Started process (PID=1726) to work on /opt/airflow/dags/dag_airflow.py
[2025-02-20T21:51:01.431+0000] {processor.py:830} INFO - Processing file /opt/airflow/dags/dag_airflow.py for tasks to queue
[2025-02-20T21:51:01.434+0000] {logging_mixin.py:188} INFO - [2025-02-20T21:51:01.433+0000] {dagbag.py:545} INFO - Filling up the DagBag from /opt/airflow/dags/dag_airflow.py
[2025-02-20T21:51:01.457+0000] {processor.py:840} INFO - DAG(s) 'kafka_spark_postgres_pipeline' retrieved from /opt/airflow/dags/dag_airflow.py
[2025-02-20T21:51:01.496+0000] {logging_mixin.py:188} INFO - [2025-02-20T21:51:01.496+0000] {dag.py:3096} INFO - Sync 1 DAGs
[2025-02-20T21:51:01.526+0000] {logging_mixin.py:188} INFO - [2025-02-20T21:51:01.526+0000] {dag.py:3954} INFO - Setting next_dagrun for kafka_spark_postgres_pipeline to 2025-02-20 00:00:00+00:00, run_after=2025-02-21 00:00:00+00:00
[2025-02-20T21:51:01.548+0000] {processor.py:183} INFO - Processing /opt/airflow/dags/dag_airflow.py took 0.127 seconds
[2025-02-20T21:51:31.726+0000] {processor.py:161} INFO - Started process (PID=1731) to work on /opt/airflow/dags/dag_airflow.py
[2025-02-20T21:51:31.728+0000] {processor.py:830} INFO - Processing file /opt/airflow/dags/dag_airflow.py for tasks to queue
[2025-02-20T21:51:31.730+0000] {logging_mixin.py:188} INFO - [2025-02-20T21:51:31.729+0000] {dagbag.py:545} INFO - Filling up the DagBag from /opt/airflow/dags/dag_airflow.py
[2025-02-20T21:51:31.755+0000] {processor.py:840} INFO - DAG(s) 'kafka_spark_postgres_pipeline' retrieved from /opt/airflow/dags/dag_airflow.py
[2025-02-20T21:51:31.789+0000] {logging_mixin.py:188} INFO - [2025-02-20T21:51:31.789+0000] {dag.py:3096} INFO - Sync 1 DAGs
[2025-02-20T21:51:31.814+0000] {logging_mixin.py:188} INFO - [2025-02-20T21:51:31.814+0000] {dag.py:3954} INFO - Setting next_dagrun for kafka_spark_postgres_pipeline to 2025-02-20 00:00:00+00:00, run_after=2025-02-21 00:00:00+00:00
[2025-02-20T21:51:31.835+0000] {processor.py:183} INFO - Processing /opt/airflow/dags/dag_airflow.py took 0.119 seconds
[2025-02-20T21:52:01.953+0000] {processor.py:161} INFO - Started process (PID=1736) to work on /opt/airflow/dags/dag_airflow.py
[2025-02-20T21:52:01.955+0000] {processor.py:830} INFO - Processing file /opt/airflow/dags/dag_airflow.py for tasks to queue
[2025-02-20T21:52:01.958+0000] {logging_mixin.py:188} INFO - [2025-02-20T21:52:01.957+0000] {dagbag.py:545} INFO - Filling up the DagBag from /opt/airflow/dags/dag_airflow.py
[2025-02-20T21:52:01.981+0000] {processor.py:840} INFO - DAG(s) 'kafka_spark_postgres_pipeline' retrieved from /opt/airflow/dags/dag_airflow.py
[2025-02-20T21:52:02.017+0000] {logging_mixin.py:188} INFO - [2025-02-20T21:52:02.017+0000] {dag.py:3096} INFO - Sync 1 DAGs
[2025-02-20T21:52:02.040+0000] {logging_mixin.py:188} INFO - [2025-02-20T21:52:02.040+0000] {dag.py:3954} INFO - Setting next_dagrun for kafka_spark_postgres_pipeline to 2025-02-20 00:00:00+00:00, run_after=2025-02-21 00:00:00+00:00
[2025-02-20T21:52:02.062+0000] {processor.py:183} INFO - Processing /opt/airflow/dags/dag_airflow.py took 0.121 seconds
[2025-02-20T21:52:32.222+0000] {processor.py:161} INFO - Started process (PID=1741) to work on /opt/airflow/dags/dag_airflow.py
[2025-02-20T21:52:32.223+0000] {processor.py:830} INFO - Processing file /opt/airflow/dags/dag_airflow.py for tasks to queue
[2025-02-20T21:52:32.226+0000] {logging_mixin.py:188} INFO - [2025-02-20T21:52:32.225+0000] {dagbag.py:545} INFO - Filling up the DagBag from /opt/airflow/dags/dag_airflow.py
[2025-02-20T21:52:32.252+0000] {processor.py:840} INFO - DAG(s) 'kafka_spark_postgres_pipeline' retrieved from /opt/airflow/dags/dag_airflow.py
[2025-02-20T21:52:32.285+0000] {logging_mixin.py:188} INFO - [2025-02-20T21:52:32.285+0000] {dag.py:3096} INFO - Sync 1 DAGs
[2025-02-20T21:52:32.309+0000] {logging_mixin.py:188} INFO - [2025-02-20T21:52:32.309+0000] {dag.py:3954} INFO - Setting next_dagrun for kafka_spark_postgres_pipeline to 2025-02-20 00:00:00+00:00, run_after=2025-02-21 00:00:00+00:00
[2025-02-20T21:52:32.331+0000] {processor.py:183} INFO - Processing /opt/airflow/dags/dag_airflow.py took 0.120 seconds
[2025-02-20T21:53:02.429+0000] {processor.py:161} INFO - Started process (PID=1746) to work on /opt/airflow/dags/dag_airflow.py
[2025-02-20T21:53:02.430+0000] {processor.py:830} INFO - Processing file /opt/airflow/dags/dag_airflow.py for tasks to queue
[2025-02-20T21:53:02.432+0000] {logging_mixin.py:188} INFO - [2025-02-20T21:53:02.431+0000] {dagbag.py:545} INFO - Filling up the DagBag from /opt/airflow/dags/dag_airflow.py
[2025-02-20T21:53:02.458+0000] {processor.py:840} INFO - DAG(s) 'kafka_spark_postgres_pipeline' retrieved from /opt/airflow/dags/dag_airflow.py
[2025-02-20T21:53:02.490+0000] {logging_mixin.py:188} INFO - [2025-02-20T21:53:02.490+0000] {dag.py:3096} INFO - Sync 1 DAGs
[2025-02-20T21:53:02.514+0000] {logging_mixin.py:188} INFO - [2025-02-20T21:53:02.514+0000] {dag.py:3954} INFO - Setting next_dagrun for kafka_spark_postgres_pipeline to 2025-02-20 00:00:00+00:00, run_after=2025-02-21 00:00:00+00:00
[2025-02-20T21:53:02.534+0000] {processor.py:183} INFO - Processing /opt/airflow/dags/dag_airflow.py took 0.114 seconds
[2025-02-20T21:53:32.618+0000] {processor.py:161} INFO - Started process (PID=1751) to work on /opt/airflow/dags/dag_airflow.py
[2025-02-20T21:53:32.619+0000] {processor.py:830} INFO - Processing file /opt/airflow/dags/dag_airflow.py for tasks to queue
[2025-02-20T21:53:32.621+0000] {logging_mixin.py:188} INFO - [2025-02-20T21:53:32.620+0000] {dagbag.py:545} INFO - Filling up the DagBag from /opt/airflow/dags/dag_airflow.py
[2025-02-20T21:53:32.645+0000] {processor.py:840} INFO - DAG(s) 'kafka_spark_postgres_pipeline' retrieved from /opt/airflow/dags/dag_airflow.py
[2025-02-20T21:53:32.680+0000] {logging_mixin.py:188} INFO - [2025-02-20T21:53:32.679+0000] {dag.py:3096} INFO - Sync 1 DAGs
[2025-02-20T21:53:32.705+0000] {logging_mixin.py:188} INFO - [2025-02-20T21:53:32.705+0000] {dag.py:3954} INFO - Setting next_dagrun for kafka_spark_postgres_pipeline to 2025-02-20 00:00:00+00:00, run_after=2025-02-21 00:00:00+00:00
[2025-02-20T21:53:32.725+0000] {processor.py:183} INFO - Processing /opt/airflow/dags/dag_airflow.py took 0.118 seconds
[2025-02-20T21:54:02.857+0000] {processor.py:161} INFO - Started process (PID=1756) to work on /opt/airflow/dags/dag_airflow.py
[2025-02-20T21:54:02.858+0000] {processor.py:830} INFO - Processing file /opt/airflow/dags/dag_airflow.py for tasks to queue
[2025-02-20T21:54:02.861+0000] {logging_mixin.py:188} INFO - [2025-02-20T21:54:02.860+0000] {dagbag.py:545} INFO - Filling up the DagBag from /opt/airflow/dags/dag_airflow.py
[2025-02-20T21:54:02.886+0000] {processor.py:840} INFO - DAG(s) 'kafka_spark_postgres_pipeline' retrieved from /opt/airflow/dags/dag_airflow.py
[2025-02-20T21:54:02.919+0000] {logging_mixin.py:188} INFO - [2025-02-20T21:54:02.919+0000] {dag.py:3096} INFO - Sync 1 DAGs
[2025-02-20T21:54:02.946+0000] {logging_mixin.py:188} INFO - [2025-02-20T21:54:02.946+0000] {dag.py:3954} INFO - Setting next_dagrun for kafka_spark_postgres_pipeline to 2025-02-20 00:00:00+00:00, run_after=2025-02-21 00:00:00+00:00
[2025-02-20T21:54:02.968+0000] {processor.py:183} INFO - Processing /opt/airflow/dags/dag_airflow.py took 0.122 seconds
[2025-02-20T21:54:33.118+0000] {processor.py:161} INFO - Started process (PID=1761) to work on /opt/airflow/dags/dag_airflow.py
[2025-02-20T21:54:33.119+0000] {processor.py:830} INFO - Processing file /opt/airflow/dags/dag_airflow.py for tasks to queue
[2025-02-20T21:54:33.122+0000] {logging_mixin.py:188} INFO - [2025-02-20T21:54:33.121+0000] {dagbag.py:545} INFO - Filling up the DagBag from /opt/airflow/dags/dag_airflow.py
[2025-02-20T21:54:33.148+0000] {processor.py:840} INFO - DAG(s) 'kafka_spark_postgres_pipeline' retrieved from /opt/airflow/dags/dag_airflow.py
[2025-02-20T21:54:33.183+0000] {logging_mixin.py:188} INFO - [2025-02-20T21:54:33.183+0000] {dag.py:3096} INFO - Sync 1 DAGs
[2025-02-20T21:54:33.207+0000] {logging_mixin.py:188} INFO - [2025-02-20T21:54:33.207+0000] {dag.py:3954} INFO - Setting next_dagrun for kafka_spark_postgres_pipeline to 2025-02-20 00:00:00+00:00, run_after=2025-02-21 00:00:00+00:00
[2025-02-20T21:54:33.228+0000] {processor.py:183} INFO - Processing /opt/airflow/dags/dag_airflow.py took 0.121 seconds
[2025-02-20T21:55:03.523+0000] {processor.py:161} INFO - Started process (PID=1766) to work on /opt/airflow/dags/dag_airflow.py
[2025-02-20T21:55:03.525+0000] {processor.py:830} INFO - Processing file /opt/airflow/dags/dag_airflow.py for tasks to queue
[2025-02-20T21:55:03.533+0000] {logging_mixin.py:188} INFO - [2025-02-20T21:55:03.532+0000] {dagbag.py:545} INFO - Filling up the DagBag from /opt/airflow/dags/dag_airflow.py
[2025-02-20T21:55:03.560+0000] {processor.py:840} INFO - DAG(s) 'kafka_spark_postgres_pipeline' retrieved from /opt/airflow/dags/dag_airflow.py
[2025-02-20T21:55:03.602+0000] {logging_mixin.py:188} INFO - [2025-02-20T21:55:03.601+0000] {dag.py:3096} INFO - Sync 1 DAGs
[2025-02-20T21:55:03.716+0000] {logging_mixin.py:188} INFO - [2025-02-20T21:55:03.715+0000] {dag.py:3954} INFO - Setting next_dagrun for kafka_spark_postgres_pipeline to 2025-02-20 00:00:00+00:00, run_after=2025-02-21 00:00:00+00:00
[2025-02-20T21:55:03.760+0000] {processor.py:183} INFO - Processing /opt/airflow/dags/dag_airflow.py took 0.339 seconds
[2025-02-20T21:55:34.017+0000] {processor.py:161} INFO - Started process (PID=1771) to work on /opt/airflow/dags/dag_airflow.py
[2025-02-20T21:55:34.018+0000] {processor.py:830} INFO - Processing file /opt/airflow/dags/dag_airflow.py for tasks to queue
[2025-02-20T21:55:34.021+0000] {logging_mixin.py:188} INFO - [2025-02-20T21:55:34.020+0000] {dagbag.py:545} INFO - Filling up the DagBag from /opt/airflow/dags/dag_airflow.py
[2025-02-20T21:55:34.047+0000] {processor.py:840} INFO - DAG(s) 'kafka_spark_postgres_pipeline' retrieved from /opt/airflow/dags/dag_airflow.py
[2025-02-20T21:55:34.081+0000] {logging_mixin.py:188} INFO - [2025-02-20T21:55:34.081+0000] {dag.py:3096} INFO - Sync 1 DAGs
[2025-02-20T21:55:34.105+0000] {logging_mixin.py:188} INFO - [2025-02-20T21:55:34.105+0000] {dag.py:3954} INFO - Setting next_dagrun for kafka_spark_postgres_pipeline to 2025-02-20 00:00:00+00:00, run_after=2025-02-21 00:00:00+00:00
[2025-02-20T21:55:34.127+0000] {processor.py:183} INFO - Processing /opt/airflow/dags/dag_airflow.py took 0.123 seconds
[2025-02-20T21:56:04.342+0000] {processor.py:161} INFO - Started process (PID=1776) to work on /opt/airflow/dags/dag_airflow.py
[2025-02-20T21:56:04.343+0000] {processor.py:830} INFO - Processing file /opt/airflow/dags/dag_airflow.py for tasks to queue
[2025-02-20T21:56:04.345+0000] {logging_mixin.py:188} INFO - [2025-02-20T21:56:04.345+0000] {dagbag.py:545} INFO - Filling up the DagBag from /opt/airflow/dags/dag_airflow.py
[2025-02-20T21:56:04.372+0000] {processor.py:840} INFO - DAG(s) 'kafka_spark_postgres_pipeline' retrieved from /opt/airflow/dags/dag_airflow.py
[2025-02-20T21:56:04.405+0000] {logging_mixin.py:188} INFO - [2025-02-20T21:56:04.405+0000] {dag.py:3096} INFO - Sync 1 DAGs
[2025-02-20T21:56:04.429+0000] {logging_mixin.py:188} INFO - [2025-02-20T21:56:04.429+0000] {dag.py:3954} INFO - Setting next_dagrun for kafka_spark_postgres_pipeline to 2025-02-20 00:00:00+00:00, run_after=2025-02-21 00:00:00+00:00
[2025-02-20T21:56:04.450+0000] {processor.py:183} INFO - Processing /opt/airflow/dags/dag_airflow.py took 0.120 seconds
[2025-02-20T21:56:34.630+0000] {processor.py:161} INFO - Started process (PID=1781) to work on /opt/airflow/dags/dag_airflow.py
[2025-02-20T21:56:34.632+0000] {processor.py:830} INFO - Processing file /opt/airflow/dags/dag_airflow.py for tasks to queue
[2025-02-20T21:56:34.634+0000] {logging_mixin.py:188} INFO - [2025-02-20T21:56:34.634+0000] {dagbag.py:545} INFO - Filling up the DagBag from /opt/airflow/dags/dag_airflow.py
[2025-02-20T21:56:34.684+0000] {processor.py:840} INFO - DAG(s) 'kafka_spark_postgres_pipeline' retrieved from /opt/airflow/dags/dag_airflow.py
[2025-02-20T21:56:34.744+0000] {logging_mixin.py:188} INFO - [2025-02-20T21:56:34.744+0000] {dag.py:3096} INFO - Sync 1 DAGs
[2025-02-20T21:56:34.786+0000] {logging_mixin.py:188} INFO - [2025-02-20T21:56:34.786+0000] {dag.py:3954} INFO - Setting next_dagrun for kafka_spark_postgres_pipeline to 2025-02-20 00:00:00+00:00, run_after=2025-02-21 00:00:00+00:00
[2025-02-20T21:56:34.815+0000] {processor.py:183} INFO - Processing /opt/airflow/dags/dag_airflow.py took 0.199 seconds
[2025-02-20T21:57:04.923+0000] {processor.py:161} INFO - Started process (PID=1786) to work on /opt/airflow/dags/dag_airflow.py
[2025-02-20T21:57:04.924+0000] {processor.py:830} INFO - Processing file /opt/airflow/dags/dag_airflow.py for tasks to queue
[2025-02-20T21:57:04.929+0000] {logging_mixin.py:188} INFO - [2025-02-20T21:57:04.927+0000] {dagbag.py:545} INFO - Filling up the DagBag from /opt/airflow/dags/dag_airflow.py
[2025-02-20T21:57:04.956+0000] {processor.py:840} INFO - DAG(s) 'kafka_spark_postgres_pipeline' retrieved from /opt/airflow/dags/dag_airflow.py
[2025-02-20T21:57:04.995+0000] {logging_mixin.py:188} INFO - [2025-02-20T21:57:04.995+0000] {dag.py:3096} INFO - Sync 1 DAGs
[2025-02-20T21:57:05.025+0000] {logging_mixin.py:188} INFO - [2025-02-20T21:57:05.025+0000] {dag.py:3954} INFO - Setting next_dagrun for kafka_spark_postgres_pipeline to 2025-02-20 00:00:00+00:00, run_after=2025-02-21 00:00:00+00:00
[2025-02-20T21:57:05.047+0000] {processor.py:183} INFO - Processing /opt/airflow/dags/dag_airflow.py took 0.139 seconds
[2025-02-20T21:57:35.199+0000] {processor.py:161} INFO - Started process (PID=1791) to work on /opt/airflow/dags/dag_airflow.py
[2025-02-20T21:57:35.201+0000] {processor.py:830} INFO - Processing file /opt/airflow/dags/dag_airflow.py for tasks to queue
[2025-02-20T21:57:35.203+0000] {logging_mixin.py:188} INFO - [2025-02-20T21:57:35.203+0000] {dagbag.py:545} INFO - Filling up the DagBag from /opt/airflow/dags/dag_airflow.py
[2025-02-20T21:57:35.231+0000] {processor.py:840} INFO - DAG(s) 'kafka_spark_postgres_pipeline' retrieved from /opt/airflow/dags/dag_airflow.py
[2025-02-20T21:57:35.267+0000] {logging_mixin.py:188} INFO - [2025-02-20T21:57:35.266+0000] {dag.py:3096} INFO - Sync 1 DAGs
[2025-02-20T21:57:35.292+0000] {logging_mixin.py:188} INFO - [2025-02-20T21:57:35.292+0000] {dag.py:3954} INFO - Setting next_dagrun for kafka_spark_postgres_pipeline to 2025-02-20 00:00:00+00:00, run_after=2025-02-21 00:00:00+00:00
[2025-02-20T21:57:35.313+0000] {processor.py:183} INFO - Processing /opt/airflow/dags/dag_airflow.py took 0.125 seconds
[2025-02-20T21:58:05.429+0000] {processor.py:161} INFO - Started process (PID=1796) to work on /opt/airflow/dags/dag_airflow.py
[2025-02-20T21:58:05.430+0000] {processor.py:830} INFO - Processing file /opt/airflow/dags/dag_airflow.py for tasks to queue
[2025-02-20T21:58:05.432+0000] {logging_mixin.py:188} INFO - [2025-02-20T21:58:05.432+0000] {dagbag.py:545} INFO - Filling up the DagBag from /opt/airflow/dags/dag_airflow.py
[2025-02-20T21:58:05.457+0000] {processor.py:840} INFO - DAG(s) 'kafka_spark_postgres_pipeline' retrieved from /opt/airflow/dags/dag_airflow.py
[2025-02-20T21:58:05.499+0000] {logging_mixin.py:188} INFO - [2025-02-20T21:58:05.498+0000] {dag.py:3096} INFO - Sync 1 DAGs
[2025-02-20T21:58:05.531+0000] {logging_mixin.py:188} INFO - [2025-02-20T21:58:05.531+0000] {dag.py:3954} INFO - Setting next_dagrun for kafka_spark_postgres_pipeline to 2025-02-20 00:00:00+00:00, run_after=2025-02-21 00:00:00+00:00
[2025-02-20T21:58:05.558+0000] {processor.py:183} INFO - Processing /opt/airflow/dags/dag_airflow.py took 0.138 seconds
[2025-02-20T21:58:35.717+0000] {processor.py:161} INFO - Started process (PID=1801) to work on /opt/airflow/dags/dag_airflow.py
[2025-02-20T21:58:35.718+0000] {processor.py:830} INFO - Processing file /opt/airflow/dags/dag_airflow.py for tasks to queue
[2025-02-20T21:58:35.720+0000] {logging_mixin.py:188} INFO - [2025-02-20T21:58:35.720+0000] {dagbag.py:545} INFO - Filling up the DagBag from /opt/airflow/dags/dag_airflow.py
[2025-02-20T21:58:35.746+0000] {processor.py:840} INFO - DAG(s) 'kafka_spark_postgres_pipeline' retrieved from /opt/airflow/dags/dag_airflow.py
[2025-02-20T21:58:35.786+0000] {logging_mixin.py:188} INFO - [2025-02-20T21:58:35.785+0000] {dag.py:3096} INFO - Sync 1 DAGs
[2025-02-20T21:58:35.814+0000] {logging_mixin.py:188} INFO - [2025-02-20T21:58:35.813+0000] {dag.py:3954} INFO - Setting next_dagrun for kafka_spark_postgres_pipeline to 2025-02-20 00:00:00+00:00, run_after=2025-02-21 00:00:00+00:00
[2025-02-20T21:58:35.838+0000] {processor.py:183} INFO - Processing /opt/airflow/dags/dag_airflow.py took 0.133 seconds
[2025-02-20T21:59:05.964+0000] {processor.py:161} INFO - Started process (PID=1806) to work on /opt/airflow/dags/dag_airflow.py
[2025-02-20T21:59:05.965+0000] {processor.py:830} INFO - Processing file /opt/airflow/dags/dag_airflow.py for tasks to queue
[2025-02-20T21:59:05.967+0000] {logging_mixin.py:188} INFO - [2025-02-20T21:59:05.967+0000] {dagbag.py:545} INFO - Filling up the DagBag from /opt/airflow/dags/dag_airflow.py
[2025-02-20T21:59:05.997+0000] {processor.py:840} INFO - DAG(s) 'kafka_spark_postgres_pipeline' retrieved from /opt/airflow/dags/dag_airflow.py
[2025-02-20T21:59:06.042+0000] {logging_mixin.py:188} INFO - [2025-02-20T21:59:06.042+0000] {dag.py:3096} INFO - Sync 1 DAGs
[2025-02-20T21:59:06.074+0000] {logging_mixin.py:188} INFO - [2025-02-20T21:59:06.074+0000] {dag.py:3954} INFO - Setting next_dagrun for kafka_spark_postgres_pipeline to 2025-02-20 00:00:00+00:00, run_after=2025-02-21 00:00:00+00:00
[2025-02-20T21:59:06.098+0000] {processor.py:183} INFO - Processing /opt/airflow/dags/dag_airflow.py took 0.146 seconds
[2025-02-20T21:59:36.266+0000] {processor.py:161} INFO - Started process (PID=1811) to work on /opt/airflow/dags/dag_airflow.py
[2025-02-20T21:59:36.268+0000] {processor.py:830} INFO - Processing file /opt/airflow/dags/dag_airflow.py for tasks to queue
[2025-02-20T21:59:36.270+0000] {logging_mixin.py:188} INFO - [2025-02-20T21:59:36.270+0000] {dagbag.py:545} INFO - Filling up the DagBag from /opt/airflow/dags/dag_airflow.py
[2025-02-20T21:59:36.296+0000] {processor.py:840} INFO - DAG(s) 'kafka_spark_postgres_pipeline' retrieved from /opt/airflow/dags/dag_airflow.py
[2025-02-20T21:59:36.335+0000] {logging_mixin.py:188} INFO - [2025-02-20T21:59:36.335+0000] {dag.py:3096} INFO - Sync 1 DAGs
[2025-02-20T21:59:36.365+0000] {logging_mixin.py:188} INFO - [2025-02-20T21:59:36.365+0000] {dag.py:3954} INFO - Setting next_dagrun for kafka_spark_postgres_pipeline to 2025-02-20 00:00:00+00:00, run_after=2025-02-21 00:00:00+00:00
[2025-02-20T21:59:36.391+0000] {processor.py:183} INFO - Processing /opt/airflow/dags/dag_airflow.py took 0.150 seconds
[2025-02-20T22:00:06.555+0000] {processor.py:161} INFO - Started process (PID=1816) to work on /opt/airflow/dags/dag_airflow.py
[2025-02-20T22:00:06.556+0000] {processor.py:830} INFO - Processing file /opt/airflow/dags/dag_airflow.py for tasks to queue
[2025-02-20T22:00:06.559+0000] {logging_mixin.py:188} INFO - [2025-02-20T22:00:06.558+0000] {dagbag.py:545} INFO - Filling up the DagBag from /opt/airflow/dags/dag_airflow.py
[2025-02-20T22:00:06.582+0000] {processor.py:840} INFO - DAG(s) 'kafka_spark_postgres_pipeline' retrieved from /opt/airflow/dags/dag_airflow.py
[2025-02-20T22:00:06.616+0000] {logging_mixin.py:188} INFO - [2025-02-20T22:00:06.616+0000] {dag.py:3096} INFO - Sync 1 DAGs
[2025-02-20T22:00:06.643+0000] {logging_mixin.py:188} INFO - [2025-02-20T22:00:06.643+0000] {dag.py:3954} INFO - Setting next_dagrun for kafka_spark_postgres_pipeline to 2025-02-20 00:00:00+00:00, run_after=2025-02-21 00:00:00+00:00
[2025-02-20T22:00:06.665+0000] {processor.py:183} INFO - Processing /opt/airflow/dags/dag_airflow.py took 0.122 seconds
[2025-02-20T22:00:36.826+0000] {processor.py:161} INFO - Started process (PID=1821) to work on /opt/airflow/dags/dag_airflow.py
[2025-02-20T22:00:36.828+0000] {processor.py:830} INFO - Processing file /opt/airflow/dags/dag_airflow.py for tasks to queue
[2025-02-20T22:00:36.830+0000] {logging_mixin.py:188} INFO - [2025-02-20T22:00:36.830+0000] {dagbag.py:545} INFO - Filling up the DagBag from /opt/airflow/dags/dag_airflow.py
[2025-02-20T22:00:36.854+0000] {processor.py:840} INFO - DAG(s) 'kafka_spark_postgres_pipeline' retrieved from /opt/airflow/dags/dag_airflow.py
[2025-02-20T22:00:36.900+0000] {logging_mixin.py:188} INFO - [2025-02-20T22:00:36.899+0000] {dag.py:3096} INFO - Sync 1 DAGs
[2025-02-20T22:00:36.930+0000] {logging_mixin.py:188} INFO - [2025-02-20T22:00:36.929+0000] {dag.py:3954} INFO - Setting next_dagrun for kafka_spark_postgres_pipeline to 2025-02-20 00:00:00+00:00, run_after=2025-02-21 00:00:00+00:00
[2025-02-20T22:00:36.952+0000] {processor.py:183} INFO - Processing /opt/airflow/dags/dag_airflow.py took 0.136 seconds
[2025-02-20T22:01:07.102+0000] {processor.py:161} INFO - Started process (PID=1826) to work on /opt/airflow/dags/dag_airflow.py
[2025-02-20T22:01:07.103+0000] {processor.py:830} INFO - Processing file /opt/airflow/dags/dag_airflow.py for tasks to queue
[2025-02-20T22:01:07.105+0000] {logging_mixin.py:188} INFO - [2025-02-20T22:01:07.105+0000] {dagbag.py:545} INFO - Filling up the DagBag from /opt/airflow/dags/dag_airflow.py
[2025-02-20T22:01:07.129+0000] {processor.py:840} INFO - DAG(s) 'kafka_spark_postgres_pipeline' retrieved from /opt/airflow/dags/dag_airflow.py
[2025-02-20T22:01:07.201+0000] {logging_mixin.py:188} INFO - [2025-02-20T22:01:07.201+0000] {dag.py:3096} INFO - Sync 1 DAGs
[2025-02-20T22:01:07.227+0000] {logging_mixin.py:188} INFO - [2025-02-20T22:01:07.227+0000] {dag.py:3954} INFO - Setting next_dagrun for kafka_spark_postgres_pipeline to 2025-02-20 00:00:00+00:00, run_after=2025-02-21 00:00:00+00:00
[2025-02-20T22:01:07.246+0000] {processor.py:183} INFO - Processing /opt/airflow/dags/dag_airflow.py took 0.154 seconds
[2025-02-20T22:01:37.362+0000] {processor.py:161} INFO - Started process (PID=1831) to work on /opt/airflow/dags/dag_airflow.py
[2025-02-20T22:01:37.363+0000] {processor.py:830} INFO - Processing file /opt/airflow/dags/dag_airflow.py for tasks to queue
[2025-02-20T22:01:37.365+0000] {logging_mixin.py:188} INFO - [2025-02-20T22:01:37.365+0000] {dagbag.py:545} INFO - Filling up the DagBag from /opt/airflow/dags/dag_airflow.py
[2025-02-20T22:01:37.396+0000] {processor.py:840} INFO - DAG(s) 'kafka_spark_postgres_pipeline' retrieved from /opt/airflow/dags/dag_airflow.py
[2025-02-20T22:01:37.432+0000] {logging_mixin.py:188} INFO - [2025-02-20T22:01:37.431+0000] {dag.py:3096} INFO - Sync 1 DAGs
[2025-02-20T22:01:37.456+0000] {logging_mixin.py:188} INFO - [2025-02-20T22:01:37.456+0000] {dag.py:3954} INFO - Setting next_dagrun for kafka_spark_postgres_pipeline to 2025-02-20 00:00:00+00:00, run_after=2025-02-21 00:00:00+00:00
[2025-02-20T22:01:37.477+0000] {processor.py:183} INFO - Processing /opt/airflow/dags/dag_airflow.py took 0.126 seconds
[2025-02-20T22:02:07.548+0000] {processor.py:161} INFO - Started process (PID=1836) to work on /opt/airflow/dags/dag_airflow.py
[2025-02-20T22:02:07.549+0000] {processor.py:830} INFO - Processing file /opt/airflow/dags/dag_airflow.py for tasks to queue
[2025-02-20T22:02:07.551+0000] {logging_mixin.py:188} INFO - [2025-02-20T22:02:07.551+0000] {dagbag.py:545} INFO - Filling up the DagBag from /opt/airflow/dags/dag_airflow.py
[2025-02-20T22:02:07.575+0000] {processor.py:840} INFO - DAG(s) 'kafka_spark_postgres_pipeline' retrieved from /opt/airflow/dags/dag_airflow.py
[2025-02-20T22:02:07.631+0000] {logging_mixin.py:188} INFO - [2025-02-20T22:02:07.631+0000] {dag.py:3096} INFO - Sync 1 DAGs
[2025-02-20T22:02:07.668+0000] {logging_mixin.py:188} INFO - [2025-02-20T22:02:07.668+0000] {dag.py:3954} INFO - Setting next_dagrun for kafka_spark_postgres_pipeline to 2025-02-20 00:00:00+00:00, run_after=2025-02-21 00:00:00+00:00
[2025-02-20T22:02:07.693+0000] {processor.py:183} INFO - Processing /opt/airflow/dags/dag_airflow.py took 0.156 seconds
[2025-02-20T22:02:37.841+0000] {processor.py:161} INFO - Started process (PID=1841) to work on /opt/airflow/dags/dag_airflow.py
[2025-02-20T22:02:37.842+0000] {processor.py:830} INFO - Processing file /opt/airflow/dags/dag_airflow.py for tasks to queue
[2025-02-20T22:02:37.845+0000] {logging_mixin.py:188} INFO - [2025-02-20T22:02:37.844+0000] {dagbag.py:545} INFO - Filling up the DagBag from /opt/airflow/dags/dag_airflow.py
[2025-02-20T22:02:37.873+0000] {processor.py:840} INFO - DAG(s) 'kafka_spark_postgres_pipeline' retrieved from /opt/airflow/dags/dag_airflow.py
[2025-02-20T22:02:37.919+0000] {logging_mixin.py:188} INFO - [2025-02-20T22:02:37.919+0000] {dag.py:3096} INFO - Sync 1 DAGs
[2025-02-20T22:02:37.952+0000] {logging_mixin.py:188} INFO - [2025-02-20T22:02:37.952+0000] {dag.py:3954} INFO - Setting next_dagrun for kafka_spark_postgres_pipeline to 2025-02-20 00:00:00+00:00, run_after=2025-02-21 00:00:00+00:00
[2025-02-20T22:02:37.977+0000] {processor.py:183} INFO - Processing /opt/airflow/dags/dag_airflow.py took 0.151 seconds
[2025-02-20T22:03:08.746+0000] {processor.py:161} INFO - Started process (PID=1846) to work on /opt/airflow/dags/dag_airflow.py
[2025-02-20T22:03:08.747+0000] {processor.py:830} INFO - Processing file /opt/airflow/dags/dag_airflow.py for tasks to queue
[2025-02-20T22:03:08.751+0000] {logging_mixin.py:188} INFO - [2025-02-20T22:03:08.750+0000] {dagbag.py:545} INFO - Filling up the DagBag from /opt/airflow/dags/dag_airflow.py
[2025-02-20T22:03:08.823+0000] {processor.py:840} INFO - DAG(s) 'kafka_spark_postgres_pipeline' retrieved from /opt/airflow/dags/dag_airflow.py
[2025-02-20T22:03:09.061+0000] {logging_mixin.py:188} INFO - [2025-02-20T22:03:09.060+0000] {dag.py:3096} INFO - Sync 1 DAGs
[2025-02-20T22:03:09.214+0000] {logging_mixin.py:188} INFO - [2025-02-20T22:03:09.214+0000] {dag.py:3954} INFO - Setting next_dagrun for kafka_spark_postgres_pipeline to 2025-02-20 00:00:00+00:00, run_after=2025-02-21 00:00:00+00:00
[2025-02-20T22:03:09.246+0000] {processor.py:183} INFO - Processing /opt/airflow/dags/dag_airflow.py took 0.581 seconds
[2025-02-20T22:03:39.723+0000] {processor.py:161} INFO - Started process (PID=1851) to work on /opt/airflow/dags/dag_airflow.py
[2025-02-20T22:03:39.724+0000] {processor.py:830} INFO - Processing file /opt/airflow/dags/dag_airflow.py for tasks to queue
[2025-02-20T22:03:39.726+0000] {logging_mixin.py:188} INFO - [2025-02-20T22:03:39.725+0000] {dagbag.py:545} INFO - Filling up the DagBag from /opt/airflow/dags/dag_airflow.py
[2025-02-20T22:03:39.751+0000] {processor.py:840} INFO - DAG(s) 'kafka_spark_postgres_pipeline' retrieved from /opt/airflow/dags/dag_airflow.py
[2025-02-20T22:03:39.786+0000] {logging_mixin.py:188} INFO - [2025-02-20T22:03:39.786+0000] {dag.py:3096} INFO - Sync 1 DAGs
[2025-02-20T22:03:39.812+0000] {logging_mixin.py:188} INFO - [2025-02-20T22:03:39.812+0000] {dag.py:3954} INFO - Setting next_dagrun for kafka_spark_postgres_pipeline to 2025-02-20 00:00:00+00:00, run_after=2025-02-21 00:00:00+00:00
[2025-02-20T22:03:39.833+0000] {processor.py:183} INFO - Processing /opt/airflow/dags/dag_airflow.py took 0.123 seconds
[2025-02-20T22:04:09.943+0000] {processor.py:161} INFO - Started process (PID=1856) to work on /opt/airflow/dags/dag_airflow.py
[2025-02-20T22:04:09.944+0000] {processor.py:830} INFO - Processing file /opt/airflow/dags/dag_airflow.py for tasks to queue
[2025-02-20T22:04:09.947+0000] {logging_mixin.py:188} INFO - [2025-02-20T22:04:09.946+0000] {dagbag.py:545} INFO - Filling up the DagBag from /opt/airflow/dags/dag_airflow.py
[2025-02-20T22:04:09.975+0000] {processor.py:840} INFO - DAG(s) 'kafka_spark_postgres_pipeline' retrieved from /opt/airflow/dags/dag_airflow.py
[2025-02-20T22:04:10.017+0000] {logging_mixin.py:188} INFO - [2025-02-20T22:04:10.017+0000] {dag.py:3096} INFO - Sync 1 DAGs
[2025-02-20T22:04:10.052+0000] {logging_mixin.py:188} INFO - [2025-02-20T22:04:10.052+0000] {dag.py:3954} INFO - Setting next_dagrun for kafka_spark_postgres_pipeline to 2025-02-20 00:00:00+00:00, run_after=2025-02-21 00:00:00+00:00
[2025-02-20T22:04:10.089+0000] {processor.py:183} INFO - Processing /opt/airflow/dags/dag_airflow.py took 0.163 seconds
[2025-02-20T22:04:40.193+0000] {processor.py:161} INFO - Started process (PID=1861) to work on /opt/airflow/dags/dag_airflow.py
[2025-02-20T22:04:40.194+0000] {processor.py:830} INFO - Processing file /opt/airflow/dags/dag_airflow.py for tasks to queue
[2025-02-20T22:04:40.196+0000] {logging_mixin.py:188} INFO - [2025-02-20T22:04:40.196+0000] {dagbag.py:545} INFO - Filling up the DagBag from /opt/airflow/dags/dag_airflow.py
[2025-02-20T22:04:40.227+0000] {processor.py:840} INFO - DAG(s) 'kafka_spark_postgres_pipeline' retrieved from /opt/airflow/dags/dag_airflow.py
[2025-02-20T22:04:40.270+0000] {logging_mixin.py:188} INFO - [2025-02-20T22:04:40.269+0000] {dag.py:3096} INFO - Sync 1 DAGs
[2025-02-20T22:04:40.302+0000] {logging_mixin.py:188} INFO - [2025-02-20T22:04:40.301+0000] {dag.py:3954} INFO - Setting next_dagrun for kafka_spark_postgres_pipeline to 2025-02-20 00:00:00+00:00, run_after=2025-02-21 00:00:00+00:00
[2025-02-20T22:04:40.327+0000] {processor.py:183} INFO - Processing /opt/airflow/dags/dag_airflow.py took 0.148 seconds
[2025-02-20T22:05:10.520+0000] {processor.py:161} INFO - Started process (PID=1866) to work on /opt/airflow/dags/dag_airflow.py
[2025-02-20T22:05:10.521+0000] {processor.py:830} INFO - Processing file /opt/airflow/dags/dag_airflow.py for tasks to queue
[2025-02-20T22:05:10.523+0000] {logging_mixin.py:188} INFO - [2025-02-20T22:05:10.523+0000] {dagbag.py:545} INFO - Filling up the DagBag from /opt/airflow/dags/dag_airflow.py
[2025-02-20T22:05:10.546+0000] {processor.py:840} INFO - DAG(s) 'kafka_spark_postgres_pipeline' retrieved from /opt/airflow/dags/dag_airflow.py
[2025-02-20T22:05:10.580+0000] {logging_mixin.py:188} INFO - [2025-02-20T22:05:10.580+0000] {dag.py:3096} INFO - Sync 1 DAGs
[2025-02-20T22:05:10.603+0000] {logging_mixin.py:188} INFO - [2025-02-20T22:05:10.602+0000] {dag.py:3954} INFO - Setting next_dagrun for kafka_spark_postgres_pipeline to 2025-02-20 00:00:00+00:00, run_after=2025-02-21 00:00:00+00:00
[2025-02-20T22:05:10.624+0000] {processor.py:183} INFO - Processing /opt/airflow/dags/dag_airflow.py took 0.114 seconds
[2025-02-20T22:05:40.785+0000] {processor.py:161} INFO - Started process (PID=1871) to work on /opt/airflow/dags/dag_airflow.py
[2025-02-20T22:05:40.786+0000] {processor.py:830} INFO - Processing file /opt/airflow/dags/dag_airflow.py for tasks to queue
[2025-02-20T22:05:40.788+0000] {logging_mixin.py:188} INFO - [2025-02-20T22:05:40.787+0000] {dagbag.py:545} INFO - Filling up the DagBag from /opt/airflow/dags/dag_airflow.py
[2025-02-20T22:05:40.814+0000] {processor.py:840} INFO - DAG(s) 'kafka_spark_postgres_pipeline' retrieved from /opt/airflow/dags/dag_airflow.py
[2025-02-20T22:05:40.850+0000] {logging_mixin.py:188} INFO - [2025-02-20T22:05:40.850+0000] {dag.py:3096} INFO - Sync 1 DAGs
[2025-02-20T22:05:40.874+0000] {logging_mixin.py:188} INFO - [2025-02-20T22:05:40.874+0000] {dag.py:3954} INFO - Setting next_dagrun for kafka_spark_postgres_pipeline to 2025-02-20 00:00:00+00:00, run_after=2025-02-21 00:00:00+00:00
[2025-02-20T22:05:40.897+0000] {processor.py:183} INFO - Processing /opt/airflow/dags/dag_airflow.py took 0.123 seconds
[2025-02-20T22:06:11.220+0000] {processor.py:161} INFO - Started process (PID=1876) to work on /opt/airflow/dags/dag_airflow.py
[2025-02-20T22:06:11.222+0000] {processor.py:830} INFO - Processing file /opt/airflow/dags/dag_airflow.py for tasks to queue
[2025-02-20T22:06:11.226+0000] {logging_mixin.py:188} INFO - [2025-02-20T22:06:11.225+0000] {dagbag.py:545} INFO - Filling up the DagBag from /opt/airflow/dags/dag_airflow.py
[2025-02-20T22:06:11.262+0000] {processor.py:840} INFO - DAG(s) 'kafka_spark_postgres_pipeline' retrieved from /opt/airflow/dags/dag_airflow.py
[2025-02-20T22:06:11.344+0000] {logging_mixin.py:188} INFO - [2025-02-20T22:06:11.343+0000] {dag.py:3096} INFO - Sync 1 DAGs
[2025-02-20T22:06:11.388+0000] {logging_mixin.py:188} INFO - [2025-02-20T22:06:11.388+0000] {dag.py:3954} INFO - Setting next_dagrun for kafka_spark_postgres_pipeline to 2025-02-20 00:00:00+00:00, run_after=2025-02-21 00:00:00+00:00
[2025-02-20T22:06:11.411+0000] {processor.py:183} INFO - Processing /opt/airflow/dags/dag_airflow.py took 0.350 seconds
[2025-02-20T22:06:41.636+0000] {processor.py:161} INFO - Started process (PID=1881) to work on /opt/airflow/dags/dag_airflow.py
[2025-02-20T22:06:41.637+0000] {processor.py:830} INFO - Processing file /opt/airflow/dags/dag_airflow.py for tasks to queue
[2025-02-20T22:06:41.640+0000] {logging_mixin.py:188} INFO - [2025-02-20T22:06:41.639+0000] {dagbag.py:545} INFO - Filling up the DagBag from /opt/airflow/dags/dag_airflow.py
[2025-02-20T22:06:41.665+0000] {processor.py:840} INFO - DAG(s) 'kafka_spark_postgres_pipeline' retrieved from /opt/airflow/dags/dag_airflow.py
[2025-02-20T22:06:41.701+0000] {logging_mixin.py:188} INFO - [2025-02-20T22:06:41.701+0000] {dag.py:3096} INFO - Sync 1 DAGs
[2025-02-20T22:06:41.730+0000] {logging_mixin.py:188} INFO - [2025-02-20T22:06:41.730+0000] {dag.py:3954} INFO - Setting next_dagrun for kafka_spark_postgres_pipeline to 2025-02-20 00:00:00+00:00, run_after=2025-02-21 00:00:00+00:00
[2025-02-20T22:06:41.751+0000] {processor.py:183} INFO - Processing /opt/airflow/dags/dag_airflow.py took 0.126 seconds
[2025-02-20T22:07:11.872+0000] {processor.py:161} INFO - Started process (PID=1886) to work on /opt/airflow/dags/dag_airflow.py
[2025-02-20T22:07:11.873+0000] {processor.py:830} INFO - Processing file /opt/airflow/dags/dag_airflow.py for tasks to queue
[2025-02-20T22:07:11.875+0000] {logging_mixin.py:188} INFO - [2025-02-20T22:07:11.875+0000] {dagbag.py:545} INFO - Filling up the DagBag from /opt/airflow/dags/dag_airflow.py
[2025-02-20T22:07:11.897+0000] {processor.py:840} INFO - DAG(s) 'kafka_spark_postgres_pipeline' retrieved from /opt/airflow/dags/dag_airflow.py
[2025-02-20T22:07:11.936+0000] {logging_mixin.py:188} INFO - [2025-02-20T22:07:11.936+0000] {dag.py:3096} INFO - Sync 1 DAGs
[2025-02-20T22:07:11.961+0000] {logging_mixin.py:188} INFO - [2025-02-20T22:07:11.960+0000] {dag.py:3954} INFO - Setting next_dagrun for kafka_spark_postgres_pipeline to 2025-02-20 00:00:00+00:00, run_after=2025-02-21 00:00:00+00:00
[2025-02-20T22:07:11.981+0000] {processor.py:183} INFO - Processing /opt/airflow/dags/dag_airflow.py took 0.120 seconds
[2025-02-20T22:07:42.185+0000] {processor.py:161} INFO - Started process (PID=1891) to work on /opt/airflow/dags/dag_airflow.py
[2025-02-20T22:07:42.186+0000] {processor.py:830} INFO - Processing file /opt/airflow/dags/dag_airflow.py for tasks to queue
[2025-02-20T22:07:42.188+0000] {logging_mixin.py:188} INFO - [2025-02-20T22:07:42.188+0000] {dagbag.py:545} INFO - Filling up the DagBag from /opt/airflow/dags/dag_airflow.py
[2025-02-20T22:07:42.215+0000] {processor.py:840} INFO - DAG(s) 'kafka_spark_postgres_pipeline' retrieved from /opt/airflow/dags/dag_airflow.py
[2025-02-20T22:07:42.250+0000] {logging_mixin.py:188} INFO - [2025-02-20T22:07:42.250+0000] {dag.py:3096} INFO - Sync 1 DAGs
[2025-02-20T22:07:42.276+0000] {logging_mixin.py:188} INFO - [2025-02-20T22:07:42.276+0000] {dag.py:3954} INFO - Setting next_dagrun for kafka_spark_postgres_pipeline to 2025-02-20 00:00:00+00:00, run_after=2025-02-21 00:00:00+00:00
[2025-02-20T22:07:42.297+0000] {processor.py:183} INFO - Processing /opt/airflow/dags/dag_airflow.py took 0.124 seconds
[2025-02-20T22:08:12.408+0000] {processor.py:161} INFO - Started process (PID=1896) to work on /opt/airflow/dags/dag_airflow.py
[2025-02-20T22:08:12.409+0000] {processor.py:830} INFO - Processing file /opt/airflow/dags/dag_airflow.py for tasks to queue
[2025-02-20T22:08:12.411+0000] {logging_mixin.py:188} INFO - [2025-02-20T22:08:12.411+0000] {dagbag.py:545} INFO - Filling up the DagBag from /opt/airflow/dags/dag_airflow.py
[2025-02-20T22:08:12.436+0000] {processor.py:840} INFO - DAG(s) 'kafka_spark_postgres_pipeline' retrieved from /opt/airflow/dags/dag_airflow.py
[2025-02-20T22:08:12.472+0000] {logging_mixin.py:188} INFO - [2025-02-20T22:08:12.472+0000] {dag.py:3096} INFO - Sync 1 DAGs
[2025-02-20T22:08:12.498+0000] {logging_mixin.py:188} INFO - [2025-02-20T22:08:12.498+0000] {dag.py:3954} INFO - Setting next_dagrun for kafka_spark_postgres_pipeline to 2025-02-20 00:00:00+00:00, run_after=2025-02-21 00:00:00+00:00
[2025-02-20T22:08:12.521+0000] {processor.py:183} INFO - Processing /opt/airflow/dags/dag_airflow.py took 0.125 seconds
[2025-02-20T22:08:42.669+0000] {processor.py:161} INFO - Started process (PID=1901) to work on /opt/airflow/dags/dag_airflow.py
[2025-02-20T22:08:42.670+0000] {processor.py:830} INFO - Processing file /opt/airflow/dags/dag_airflow.py for tasks to queue
[2025-02-20T22:08:42.673+0000] {logging_mixin.py:188} INFO - [2025-02-20T22:08:42.673+0000] {dagbag.py:545} INFO - Filling up the DagBag from /opt/airflow/dags/dag_airflow.py
[2025-02-20T22:08:42.697+0000] {processor.py:840} INFO - DAG(s) 'kafka_spark_postgres_pipeline' retrieved from /opt/airflow/dags/dag_airflow.py
[2025-02-20T22:08:42.734+0000] {logging_mixin.py:188} INFO - [2025-02-20T22:08:42.734+0000] {dag.py:3096} INFO - Sync 1 DAGs
[2025-02-20T22:08:42.757+0000] {logging_mixin.py:188} INFO - [2025-02-20T22:08:42.757+0000] {dag.py:3954} INFO - Setting next_dagrun for kafka_spark_postgres_pipeline to 2025-02-20 00:00:00+00:00, run_after=2025-02-21 00:00:00+00:00
[2025-02-20T22:08:42.778+0000] {processor.py:183} INFO - Processing /opt/airflow/dags/dag_airflow.py took 0.121 seconds
[2025-02-20T22:09:12.967+0000] {processor.py:161} INFO - Started process (PID=1906) to work on /opt/airflow/dags/dag_airflow.py
[2025-02-20T22:09:12.969+0000] {processor.py:830} INFO - Processing file /opt/airflow/dags/dag_airflow.py for tasks to queue
[2025-02-20T22:09:12.971+0000] {logging_mixin.py:188} INFO - [2025-02-20T22:09:12.970+0000] {dagbag.py:545} INFO - Filling up the DagBag from /opt/airflow/dags/dag_airflow.py
[2025-02-20T22:09:12.993+0000] {processor.py:840} INFO - DAG(s) 'kafka_spark_postgres_pipeline' retrieved from /opt/airflow/dags/dag_airflow.py
[2025-02-20T22:09:13.026+0000] {logging_mixin.py:188} INFO - [2025-02-20T22:09:13.026+0000] {dag.py:3096} INFO - Sync 1 DAGs
[2025-02-20T22:09:13.051+0000] {logging_mixin.py:188} INFO - [2025-02-20T22:09:13.050+0000] {dag.py:3954} INFO - Setting next_dagrun for kafka_spark_postgres_pipeline to 2025-02-20 00:00:00+00:00, run_after=2025-02-21 00:00:00+00:00
[2025-02-20T22:09:13.071+0000] {processor.py:183} INFO - Processing /opt/airflow/dags/dag_airflow.py took 0.114 seconds
[2025-02-20T22:09:43.211+0000] {processor.py:161} INFO - Started process (PID=1911) to work on /opt/airflow/dags/dag_airflow.py
[2025-02-20T22:09:43.212+0000] {processor.py:830} INFO - Processing file /opt/airflow/dags/dag_airflow.py for tasks to queue
[2025-02-20T22:09:43.215+0000] {logging_mixin.py:188} INFO - [2025-02-20T22:09:43.214+0000] {dagbag.py:545} INFO - Filling up the DagBag from /opt/airflow/dags/dag_airflow.py
[2025-02-20T22:09:43.240+0000] {processor.py:840} INFO - DAG(s) 'kafka_spark_postgres_pipeline' retrieved from /opt/airflow/dags/dag_airflow.py
[2025-02-20T22:09:43.275+0000] {logging_mixin.py:188} INFO - [2025-02-20T22:09:43.274+0000] {dag.py:3096} INFO - Sync 1 DAGs
[2025-02-20T22:09:43.298+0000] {logging_mixin.py:188} INFO - [2025-02-20T22:09:43.298+0000] {dag.py:3954} INFO - Setting next_dagrun for kafka_spark_postgres_pipeline to 2025-02-20 00:00:00+00:00, run_after=2025-02-21 00:00:00+00:00
[2025-02-20T22:09:43.318+0000] {processor.py:183} INFO - Processing /opt/airflow/dags/dag_airflow.py took 0.118 seconds
[2025-02-20T22:10:13.434+0000] {processor.py:161} INFO - Started process (PID=1916) to work on /opt/airflow/dags/dag_airflow.py
[2025-02-20T22:10:13.436+0000] {processor.py:830} INFO - Processing file /opt/airflow/dags/dag_airflow.py for tasks to queue
[2025-02-20T22:10:13.438+0000] {logging_mixin.py:188} INFO - [2025-02-20T22:10:13.438+0000] {dagbag.py:545} INFO - Filling up the DagBag from /opt/airflow/dags/dag_airflow.py
[2025-02-20T22:10:13.464+0000] {processor.py:840} INFO - DAG(s) 'kafka_spark_postgres_pipeline' retrieved from /opt/airflow/dags/dag_airflow.py
[2025-02-20T22:10:13.505+0000] {logging_mixin.py:188} INFO - [2025-02-20T22:10:13.505+0000] {dag.py:3096} INFO - Sync 1 DAGs
[2025-02-20T22:10:13.533+0000] {logging_mixin.py:188} INFO - [2025-02-20T22:10:13.532+0000] {dag.py:3954} INFO - Setting next_dagrun for kafka_spark_postgres_pipeline to 2025-02-20 00:00:00+00:00, run_after=2025-02-21 00:00:00+00:00
[2025-02-20T22:10:13.557+0000] {processor.py:183} INFO - Processing /opt/airflow/dags/dag_airflow.py took 0.135 seconds
[2025-02-20T22:10:43.659+0000] {processor.py:161} INFO - Started process (PID=1921) to work on /opt/airflow/dags/dag_airflow.py
[2025-02-20T22:10:43.660+0000] {processor.py:830} INFO - Processing file /opt/airflow/dags/dag_airflow.py for tasks to queue
[2025-02-20T22:10:43.663+0000] {logging_mixin.py:188} INFO - [2025-02-20T22:10:43.663+0000] {dagbag.py:545} INFO - Filling up the DagBag from /opt/airflow/dags/dag_airflow.py
[2025-02-20T22:10:43.691+0000] {processor.py:840} INFO - DAG(s) 'kafka_spark_postgres_pipeline' retrieved from /opt/airflow/dags/dag_airflow.py
[2025-02-20T22:10:43.727+0000] {logging_mixin.py:188} INFO - [2025-02-20T22:10:43.727+0000] {dag.py:3096} INFO - Sync 1 DAGs
[2025-02-20T22:10:43.755+0000] {logging_mixin.py:188} INFO - [2025-02-20T22:10:43.755+0000] {dag.py:3954} INFO - Setting next_dagrun for kafka_spark_postgres_pipeline to 2025-02-20 00:00:00+00:00, run_after=2025-02-21 00:00:00+00:00
[2025-02-20T22:10:43.779+0000] {processor.py:183} INFO - Processing /opt/airflow/dags/dag_airflow.py took 0.131 seconds
[2025-02-20T22:11:13.889+0000] {processor.py:161} INFO - Started process (PID=1926) to work on /opt/airflow/dags/dag_airflow.py
[2025-02-20T22:11:13.891+0000] {processor.py:830} INFO - Processing file /opt/airflow/dags/dag_airflow.py for tasks to queue
[2025-02-20T22:11:13.894+0000] {logging_mixin.py:188} INFO - [2025-02-20T22:11:13.894+0000] {dagbag.py:545} INFO - Filling up the DagBag from /opt/airflow/dags/dag_airflow.py
[2025-02-20T22:11:13.920+0000] {processor.py:840} INFO - DAG(s) 'kafka_spark_postgres_pipeline' retrieved from /opt/airflow/dags/dag_airflow.py
[2025-02-20T22:11:13.955+0000] {logging_mixin.py:188} INFO - [2025-02-20T22:11:13.954+0000] {dag.py:3096} INFO - Sync 1 DAGs
[2025-02-20T22:11:13.980+0000] {logging_mixin.py:188} INFO - [2025-02-20T22:11:13.979+0000] {dag.py:3954} INFO - Setting next_dagrun for kafka_spark_postgres_pipeline to 2025-02-20 00:00:00+00:00, run_after=2025-02-21 00:00:00+00:00
[2025-02-20T22:11:14.000+0000] {processor.py:183} INFO - Processing /opt/airflow/dags/dag_airflow.py took 0.123 seconds
[2025-02-20T22:11:44.096+0000] {processor.py:161} INFO - Started process (PID=1931) to work on /opt/airflow/dags/dag_airflow.py
[2025-02-20T22:11:44.097+0000] {processor.py:830} INFO - Processing file /opt/airflow/dags/dag_airflow.py for tasks to queue
[2025-02-20T22:11:44.100+0000] {logging_mixin.py:188} INFO - [2025-02-20T22:11:44.100+0000] {dagbag.py:545} INFO - Filling up the DagBag from /opt/airflow/dags/dag_airflow.py
[2025-02-20T22:11:44.126+0000] {processor.py:840} INFO - DAG(s) 'kafka_spark_postgres_pipeline' retrieved from /opt/airflow/dags/dag_airflow.py
[2025-02-20T22:11:44.163+0000] {logging_mixin.py:188} INFO - [2025-02-20T22:11:44.163+0000] {dag.py:3096} INFO - Sync 1 DAGs
[2025-02-20T22:11:44.190+0000] {logging_mixin.py:188} INFO - [2025-02-20T22:11:44.190+0000] {dag.py:3954} INFO - Setting next_dagrun for kafka_spark_postgres_pipeline to 2025-02-20 00:00:00+00:00, run_after=2025-02-21 00:00:00+00:00
[2025-02-20T22:11:44.213+0000] {processor.py:183} INFO - Processing /opt/airflow/dags/dag_airflow.py took 0.130 seconds
[2025-02-20T22:12:14.333+0000] {processor.py:161} INFO - Started process (PID=1936) to work on /opt/airflow/dags/dag_airflow.py
[2025-02-20T22:12:14.334+0000] {processor.py:830} INFO - Processing file /opt/airflow/dags/dag_airflow.py for tasks to queue
[2025-02-20T22:12:14.337+0000] {logging_mixin.py:188} INFO - [2025-02-20T22:12:14.337+0000] {dagbag.py:545} INFO - Filling up the DagBag from /opt/airflow/dags/dag_airflow.py
[2025-02-20T22:12:14.364+0000] {processor.py:840} INFO - DAG(s) 'kafka_spark_postgres_pipeline' retrieved from /opt/airflow/dags/dag_airflow.py
[2025-02-20T22:12:14.405+0000] {logging_mixin.py:188} INFO - [2025-02-20T22:12:14.405+0000] {dag.py:3096} INFO - Sync 1 DAGs
[2025-02-20T22:12:14.437+0000] {logging_mixin.py:188} INFO - [2025-02-20T22:12:14.437+0000] {dag.py:3954} INFO - Setting next_dagrun for kafka_spark_postgres_pipeline to 2025-02-20 00:00:00+00:00, run_after=2025-02-21 00:00:00+00:00
[2025-02-20T22:12:14.457+0000] {processor.py:183} INFO - Processing /opt/airflow/dags/dag_airflow.py took 0.143 seconds
[2025-02-20T22:12:44.619+0000] {processor.py:161} INFO - Started process (PID=1941) to work on /opt/airflow/dags/dag_airflow.py
[2025-02-20T22:12:44.620+0000] {processor.py:830} INFO - Processing file /opt/airflow/dags/dag_airflow.py for tasks to queue
[2025-02-20T22:12:44.623+0000] {logging_mixin.py:188} INFO - [2025-02-20T22:12:44.622+0000] {dagbag.py:545} INFO - Filling up the DagBag from /opt/airflow/dags/dag_airflow.py
[2025-02-20T22:12:44.650+0000] {processor.py:840} INFO - DAG(s) 'kafka_spark_postgres_pipeline' retrieved from /opt/airflow/dags/dag_airflow.py
[2025-02-20T22:12:44.692+0000] {logging_mixin.py:188} INFO - [2025-02-20T22:12:44.691+0000] {dag.py:3096} INFO - Sync 1 DAGs
[2025-02-20T22:12:44.716+0000] {logging_mixin.py:188} INFO - [2025-02-20T22:12:44.715+0000] {dag.py:3954} INFO - Setting next_dagrun for kafka_spark_postgres_pipeline to 2025-02-20 00:00:00+00:00, run_after=2025-02-21 00:00:00+00:00
[2025-02-20T22:12:44.740+0000] {processor.py:183} INFO - Processing /opt/airflow/dags/dag_airflow.py took 0.132 seconds
[2025-02-20T22:13:14.890+0000] {processor.py:161} INFO - Started process (PID=1946) to work on /opt/airflow/dags/dag_airflow.py
[2025-02-20T22:13:14.892+0000] {processor.py:830} INFO - Processing file /opt/airflow/dags/dag_airflow.py for tasks to queue
[2025-02-20T22:13:14.894+0000] {logging_mixin.py:188} INFO - [2025-02-20T22:13:14.893+0000] {dagbag.py:545} INFO - Filling up the DagBag from /opt/airflow/dags/dag_airflow.py
[2025-02-20T22:13:14.917+0000] {processor.py:840} INFO - DAG(s) 'kafka_spark_postgres_pipeline' retrieved from /opt/airflow/dags/dag_airflow.py
[2025-02-20T22:13:14.958+0000] {logging_mixin.py:188} INFO - [2025-02-20T22:13:14.958+0000] {dag.py:3096} INFO - Sync 1 DAGs
[2025-02-20T22:13:14.988+0000] {logging_mixin.py:188} INFO - [2025-02-20T22:13:14.988+0000] {dag.py:3954} INFO - Setting next_dagrun for kafka_spark_postgres_pipeline to 2025-02-20 00:00:00+00:00, run_after=2025-02-21 00:00:00+00:00
[2025-02-20T22:13:15.012+0000] {processor.py:183} INFO - Processing /opt/airflow/dags/dag_airflow.py took 0.133 seconds
[2025-02-20T22:13:45.183+0000] {processor.py:161} INFO - Started process (PID=1951) to work on /opt/airflow/dags/dag_airflow.py
[2025-02-20T22:13:45.188+0000] {processor.py:830} INFO - Processing file /opt/airflow/dags/dag_airflow.py for tasks to queue
[2025-02-20T22:13:45.198+0000] {logging_mixin.py:188} INFO - [2025-02-20T22:13:45.198+0000] {dagbag.py:545} INFO - Filling up the DagBag from /opt/airflow/dags/dag_airflow.py
[2025-02-20T22:13:45.238+0000] {processor.py:840} INFO - DAG(s) 'kafka_spark_postgres_pipeline' retrieved from /opt/airflow/dags/dag_airflow.py
[2025-02-20T22:13:45.291+0000] {logging_mixin.py:188} INFO - [2025-02-20T22:13:45.291+0000] {dag.py:3096} INFO - Sync 1 DAGs
[2025-02-20T22:13:45.346+0000] {logging_mixin.py:188} INFO - [2025-02-20T22:13:45.346+0000] {dag.py:3954} INFO - Setting next_dagrun for kafka_spark_postgres_pipeline to 2025-02-20 00:00:00+00:00, run_after=2025-02-21 00:00:00+00:00
[2025-02-20T22:13:45.372+0000] {processor.py:183} INFO - Processing /opt/airflow/dags/dag_airflow.py took 0.206 seconds
[2025-02-20T22:14:15.495+0000] {processor.py:161} INFO - Started process (PID=1956) to work on /opt/airflow/dags/dag_airflow.py
[2025-02-20T22:14:15.497+0000] {processor.py:830} INFO - Processing file /opt/airflow/dags/dag_airflow.py for tasks to queue
[2025-02-20T22:14:15.500+0000] {logging_mixin.py:188} INFO - [2025-02-20T22:14:15.500+0000] {dagbag.py:545} INFO - Filling up the DagBag from /opt/airflow/dags/dag_airflow.py
[2025-02-20T22:14:15.534+0000] {processor.py:840} INFO - DAG(s) 'kafka_spark_postgres_pipeline' retrieved from /opt/airflow/dags/dag_airflow.py
[2025-02-20T22:14:15.591+0000] {logging_mixin.py:188} INFO - [2025-02-20T22:14:15.591+0000] {dag.py:3096} INFO - Sync 1 DAGs
[2025-02-20T22:14:15.634+0000] {logging_mixin.py:188} INFO - [2025-02-20T22:14:15.634+0000] {dag.py:3954} INFO - Setting next_dagrun for kafka_spark_postgres_pipeline to 2025-02-20 00:00:00+00:00, run_after=2025-02-21 00:00:00+00:00
[2025-02-20T22:14:15.663+0000] {processor.py:183} INFO - Processing /opt/airflow/dags/dag_airflow.py took 0.185 seconds
[2025-02-20T22:14:45.815+0000] {processor.py:161} INFO - Started process (PID=1961) to work on /opt/airflow/dags/dag_airflow.py
[2025-02-20T22:14:45.817+0000] {processor.py:830} INFO - Processing file /opt/airflow/dags/dag_airflow.py for tasks to queue
[2025-02-20T22:14:45.819+0000] {logging_mixin.py:188} INFO - [2025-02-20T22:14:45.818+0000] {dagbag.py:545} INFO - Filling up the DagBag from /opt/airflow/dags/dag_airflow.py
[2025-02-20T22:14:45.844+0000] {processor.py:840} INFO - DAG(s) 'kafka_spark_postgres_pipeline' retrieved from /opt/airflow/dags/dag_airflow.py
[2025-02-20T22:14:45.879+0000] {logging_mixin.py:188} INFO - [2025-02-20T22:14:45.879+0000] {dag.py:3096} INFO - Sync 1 DAGs
[2025-02-20T22:14:45.903+0000] {logging_mixin.py:188} INFO - [2025-02-20T22:14:45.903+0000] {dag.py:3954} INFO - Setting next_dagrun for kafka_spark_postgres_pipeline to 2025-02-20 00:00:00+00:00, run_after=2025-02-21 00:00:00+00:00
[2025-02-20T22:14:45.926+0000] {processor.py:183} INFO - Processing /opt/airflow/dags/dag_airflow.py took 0.121 seconds
[2025-02-20T22:15:16.109+0000] {processor.py:161} INFO - Started process (PID=1966) to work on /opt/airflow/dags/dag_airflow.py
[2025-02-20T22:15:16.110+0000] {processor.py:830} INFO - Processing file /opt/airflow/dags/dag_airflow.py for tasks to queue
[2025-02-20T22:15:16.112+0000] {logging_mixin.py:188} INFO - [2025-02-20T22:15:16.112+0000] {dagbag.py:545} INFO - Filling up the DagBag from /opt/airflow/dags/dag_airflow.py
[2025-02-20T22:15:16.148+0000] {processor.py:840} INFO - DAG(s) 'kafka_spark_postgres_pipeline' retrieved from /opt/airflow/dags/dag_airflow.py
[2025-02-20T22:15:16.195+0000] {logging_mixin.py:188} INFO - [2025-02-20T22:15:16.194+0000] {dag.py:3096} INFO - Sync 1 DAGs
[2025-02-20T22:15:16.229+0000] {logging_mixin.py:188} INFO - [2025-02-20T22:15:16.229+0000] {dag.py:3954} INFO - Setting next_dagrun for kafka_spark_postgres_pipeline to 2025-02-20 00:00:00+00:00, run_after=2025-02-21 00:00:00+00:00
[2025-02-20T22:15:16.256+0000] {processor.py:183} INFO - Processing /opt/airflow/dags/dag_airflow.py took 0.157 seconds
[2025-02-20T22:15:46.371+0000] {processor.py:161} INFO - Started process (PID=1971) to work on /opt/airflow/dags/dag_airflow.py
[2025-02-20T22:15:46.372+0000] {processor.py:830} INFO - Processing file /opt/airflow/dags/dag_airflow.py for tasks to queue
[2025-02-20T22:15:46.374+0000] {logging_mixin.py:188} INFO - [2025-02-20T22:15:46.374+0000] {dagbag.py:545} INFO - Filling up the DagBag from /opt/airflow/dags/dag_airflow.py
[2025-02-20T22:15:46.412+0000] {processor.py:840} INFO - DAG(s) 'kafka_spark_postgres_pipeline' retrieved from /opt/airflow/dags/dag_airflow.py
[2025-02-20T22:15:46.453+0000] {logging_mixin.py:188} INFO - [2025-02-20T22:15:46.452+0000] {dag.py:3096} INFO - Sync 1 DAGs
[2025-02-20T22:15:46.481+0000] {logging_mixin.py:188} INFO - [2025-02-20T22:15:46.480+0000] {dag.py:3954} INFO - Setting next_dagrun for kafka_spark_postgres_pipeline to 2025-02-20 00:00:00+00:00, run_after=2025-02-21 00:00:00+00:00
[2025-02-20T22:15:46.503+0000] {processor.py:183} INFO - Processing /opt/airflow/dags/dag_airflow.py took 0.142 seconds
[2025-02-20T22:16:16.636+0000] {processor.py:161} INFO - Started process (PID=1976) to work on /opt/airflow/dags/dag_airflow.py
[2025-02-20T22:16:16.638+0000] {processor.py:830} INFO - Processing file /opt/airflow/dags/dag_airflow.py for tasks to queue
[2025-02-20T22:16:16.640+0000] {logging_mixin.py:188} INFO - [2025-02-20T22:16:16.640+0000] {dagbag.py:545} INFO - Filling up the DagBag from /opt/airflow/dags/dag_airflow.py
[2025-02-20T22:16:16.673+0000] {processor.py:840} INFO - DAG(s) 'kafka_spark_postgres_pipeline' retrieved from /opt/airflow/dags/dag_airflow.py
[2025-02-20T22:16:16.719+0000] {logging_mixin.py:188} INFO - [2025-02-20T22:16:16.719+0000] {dag.py:3096} INFO - Sync 1 DAGs
[2025-02-20T22:16:16.753+0000] {logging_mixin.py:188} INFO - [2025-02-20T22:16:16.752+0000] {dag.py:3954} INFO - Setting next_dagrun for kafka_spark_postgres_pipeline to 2025-02-20 00:00:00+00:00, run_after=2025-02-21 00:00:00+00:00
[2025-02-20T22:16:16.783+0000] {processor.py:183} INFO - Processing /opt/airflow/dags/dag_airflow.py took 0.163 seconds
[2025-02-20T22:16:46.905+0000] {processor.py:161} INFO - Started process (PID=1981) to work on /opt/airflow/dags/dag_airflow.py
[2025-02-20T22:16:46.906+0000] {processor.py:830} INFO - Processing file /opt/airflow/dags/dag_airflow.py for tasks to queue
[2025-02-20T22:16:46.909+0000] {logging_mixin.py:188} INFO - [2025-02-20T22:16:46.908+0000] {dagbag.py:545} INFO - Filling up the DagBag from /opt/airflow/dags/dag_airflow.py
[2025-02-20T22:16:46.936+0000] {processor.py:840} INFO - DAG(s) 'kafka_spark_postgres_pipeline' retrieved from /opt/airflow/dags/dag_airflow.py
[2025-02-20T22:16:46.970+0000] {logging_mixin.py:188} INFO - [2025-02-20T22:16:46.970+0000] {dag.py:3096} INFO - Sync 1 DAGs
[2025-02-20T22:16:46.996+0000] {logging_mixin.py:188} INFO - [2025-02-20T22:16:46.995+0000] {dag.py:3954} INFO - Setting next_dagrun for kafka_spark_postgres_pipeline to 2025-02-20 00:00:00+00:00, run_after=2025-02-21 00:00:00+00:00
[2025-02-20T22:16:47.019+0000] {processor.py:183} INFO - Processing /opt/airflow/dags/dag_airflow.py took 0.126 seconds
[2025-02-20T22:17:17.167+0000] {processor.py:161} INFO - Started process (PID=1986) to work on /opt/airflow/dags/dag_airflow.py
[2025-02-20T22:17:17.169+0000] {processor.py:830} INFO - Processing file /opt/airflow/dags/dag_airflow.py for tasks to queue
[2025-02-20T22:17:17.173+0000] {logging_mixin.py:188} INFO - [2025-02-20T22:17:17.172+0000] {dagbag.py:545} INFO - Filling up the DagBag from /opt/airflow/dags/dag_airflow.py
[2025-02-20T22:17:17.212+0000] {processor.py:840} INFO - DAG(s) 'kafka_spark_postgres_pipeline' retrieved from /opt/airflow/dags/dag_airflow.py
[2025-02-20T22:17:17.259+0000] {logging_mixin.py:188} INFO - [2025-02-20T22:17:17.259+0000] {dag.py:3096} INFO - Sync 1 DAGs
[2025-02-20T22:17:17.289+0000] {logging_mixin.py:188} INFO - [2025-02-20T22:17:17.289+0000] {dag.py:3954} INFO - Setting next_dagrun for kafka_spark_postgres_pipeline to 2025-02-20 00:00:00+00:00, run_after=2025-02-21 00:00:00+00:00
[2025-02-20T22:17:17.318+0000] {processor.py:183} INFO - Processing /opt/airflow/dags/dag_airflow.py took 0.161 seconds
[2025-02-20T22:17:47.439+0000] {processor.py:161} INFO - Started process (PID=1991) to work on /opt/airflow/dags/dag_airflow.py
[2025-02-20T22:17:47.440+0000] {processor.py:830} INFO - Processing file /opt/airflow/dags/dag_airflow.py for tasks to queue
[2025-02-20T22:17:47.442+0000] {logging_mixin.py:188} INFO - [2025-02-20T22:17:47.442+0000] {dagbag.py:545} INFO - Filling up the DagBag from /opt/airflow/dags/dag_airflow.py
[2025-02-20T22:17:47.466+0000] {processor.py:840} INFO - DAG(s) 'kafka_spark_postgres_pipeline' retrieved from /opt/airflow/dags/dag_airflow.py
[2025-02-20T22:17:47.504+0000] {logging_mixin.py:188} INFO - [2025-02-20T22:17:47.504+0000] {dag.py:3096} INFO - Sync 1 DAGs
[2025-02-20T22:17:47.530+0000] {logging_mixin.py:188} INFO - [2025-02-20T22:17:47.530+0000] {dag.py:3954} INFO - Setting next_dagrun for kafka_spark_postgres_pipeline to 2025-02-20 00:00:00+00:00, run_after=2025-02-21 00:00:00+00:00
[2025-02-20T22:17:47.554+0000] {processor.py:183} INFO - Processing /opt/airflow/dags/dag_airflow.py took 0.127 seconds
[2025-02-20T22:18:17.678+0000] {processor.py:161} INFO - Started process (PID=1996) to work on /opt/airflow/dags/dag_airflow.py
[2025-02-20T22:18:17.679+0000] {processor.py:830} INFO - Processing file /opt/airflow/dags/dag_airflow.py for tasks to queue
[2025-02-20T22:18:17.681+0000] {logging_mixin.py:188} INFO - [2025-02-20T22:18:17.681+0000] {dagbag.py:545} INFO - Filling up the DagBag from /opt/airflow/dags/dag_airflow.py
[2025-02-20T22:18:17.709+0000] {processor.py:840} INFO - DAG(s) 'kafka_spark_postgres_pipeline' retrieved from /opt/airflow/dags/dag_airflow.py
[2025-02-20T22:18:17.745+0000] {logging_mixin.py:188} INFO - [2025-02-20T22:18:17.745+0000] {dag.py:3096} INFO - Sync 1 DAGs
[2025-02-20T22:18:17.771+0000] {logging_mixin.py:188} INFO - [2025-02-20T22:18:17.770+0000] {dag.py:3954} INFO - Setting next_dagrun for kafka_spark_postgres_pipeline to 2025-02-20 00:00:00+00:00, run_after=2025-02-21 00:00:00+00:00
[2025-02-20T22:18:17.792+0000] {processor.py:183} INFO - Processing /opt/airflow/dags/dag_airflow.py took 0.125 seconds
[2025-02-20T22:18:48.805+0000] {processor.py:161} INFO - Started process (PID=2001) to work on /opt/airflow/dags/dag_airflow.py
[2025-02-20T22:18:48.806+0000] {processor.py:830} INFO - Processing file /opt/airflow/dags/dag_airflow.py for tasks to queue
[2025-02-20T22:18:48.809+0000] {logging_mixin.py:188} INFO - [2025-02-20T22:18:48.809+0000] {dagbag.py:545} INFO - Filling up the DagBag from /opt/airflow/dags/dag_airflow.py
[2025-02-20T22:18:48.835+0000] {processor.py:840} INFO - DAG(s) 'kafka_spark_postgres_pipeline' retrieved from /opt/airflow/dags/dag_airflow.py
[2025-02-20T22:18:48.883+0000] {logging_mixin.py:188} INFO - [2025-02-20T22:18:48.882+0000] {dag.py:3096} INFO - Sync 1 DAGs
[2025-02-20T22:18:48.921+0000] {logging_mixin.py:188} INFO - [2025-02-20T22:18:48.920+0000] {dag.py:3954} INFO - Setting next_dagrun for kafka_spark_postgres_pipeline to 2025-02-20 00:00:00+00:00, run_after=2025-02-21 00:00:00+00:00
[2025-02-20T22:18:48.959+0000] {processor.py:183} INFO - Processing /opt/airflow/dags/dag_airflow.py took 0.166 seconds
[2025-02-20T22:19:19.087+0000] {processor.py:161} INFO - Started process (PID=2006) to work on /opt/airflow/dags/dag_airflow.py
[2025-02-20T22:19:19.088+0000] {processor.py:830} INFO - Processing file /opt/airflow/dags/dag_airflow.py for tasks to queue
[2025-02-20T22:19:19.091+0000] {logging_mixin.py:188} INFO - [2025-02-20T22:19:19.090+0000] {dagbag.py:545} INFO - Filling up the DagBag from /opt/airflow/dags/dag_airflow.py
[2025-02-20T22:19:19.113+0000] {processor.py:840} INFO - DAG(s) 'kafka_spark_postgres_pipeline' retrieved from /opt/airflow/dags/dag_airflow.py
[2025-02-20T22:19:19.150+0000] {logging_mixin.py:188} INFO - [2025-02-20T22:19:19.150+0000] {dag.py:3096} INFO - Sync 1 DAGs
[2025-02-20T22:19:19.177+0000] {logging_mixin.py:188} INFO - [2025-02-20T22:19:19.176+0000] {dag.py:3954} INFO - Setting next_dagrun for kafka_spark_postgres_pipeline to 2025-02-20 00:00:00+00:00, run_after=2025-02-21 00:00:00+00:00
[2025-02-20T22:19:19.207+0000] {processor.py:183} INFO - Processing /opt/airflow/dags/dag_airflow.py took 0.133 seconds
[2025-02-20T22:19:49.352+0000] {processor.py:161} INFO - Started process (PID=2011) to work on /opt/airflow/dags/dag_airflow.py
[2025-02-20T22:19:49.353+0000] {processor.py:830} INFO - Processing file /opt/airflow/dags/dag_airflow.py for tasks to queue
[2025-02-20T22:19:49.356+0000] {logging_mixin.py:188} INFO - [2025-02-20T22:19:49.356+0000] {dagbag.py:545} INFO - Filling up the DagBag from /opt/airflow/dags/dag_airflow.py
[2025-02-20T22:19:49.384+0000] {processor.py:840} INFO - DAG(s) 'kafka_spark_postgres_pipeline' retrieved from /opt/airflow/dags/dag_airflow.py
[2025-02-20T22:19:49.428+0000] {logging_mixin.py:188} INFO - [2025-02-20T22:19:49.428+0000] {dag.py:3096} INFO - Sync 1 DAGs
[2025-02-20T22:19:49.459+0000] {logging_mixin.py:188} INFO - [2025-02-20T22:19:49.459+0000] {dag.py:3954} INFO - Setting next_dagrun for kafka_spark_postgres_pipeline to 2025-02-20 00:00:00+00:00, run_after=2025-02-21 00:00:00+00:00
[2025-02-20T22:19:49.484+0000] {processor.py:183} INFO - Processing /opt/airflow/dags/dag_airflow.py took 0.143 seconds
[2025-02-20T22:20:19.576+0000] {processor.py:161} INFO - Started process (PID=2016) to work on /opt/airflow/dags/dag_airflow.py
[2025-02-20T22:20:19.578+0000] {processor.py:830} INFO - Processing file /opt/airflow/dags/dag_airflow.py for tasks to queue
[2025-02-20T22:20:19.580+0000] {logging_mixin.py:188} INFO - [2025-02-20T22:20:19.580+0000] {dagbag.py:545} INFO - Filling up the DagBag from /opt/airflow/dags/dag_airflow.py
[2025-02-20T22:20:19.605+0000] {processor.py:840} INFO - DAG(s) 'kafka_spark_postgres_pipeline' retrieved from /opt/airflow/dags/dag_airflow.py
[2025-02-20T22:20:19.640+0000] {logging_mixin.py:188} INFO - [2025-02-20T22:20:19.640+0000] {dag.py:3096} INFO - Sync 1 DAGs
[2025-02-20T22:20:19.666+0000] {logging_mixin.py:188} INFO - [2025-02-20T22:20:19.666+0000] {dag.py:3954} INFO - Setting next_dagrun for kafka_spark_postgres_pipeline to 2025-02-20 00:00:00+00:00, run_after=2025-02-21 00:00:00+00:00
[2025-02-20T22:20:19.687+0000] {processor.py:183} INFO - Processing /opt/airflow/dags/dag_airflow.py took 0.122 seconds
[2025-02-20T22:20:49.908+0000] {processor.py:161} INFO - Started process (PID=2021) to work on /opt/airflow/dags/dag_airflow.py
[2025-02-20T22:20:49.910+0000] {processor.py:830} INFO - Processing file /opt/airflow/dags/dag_airflow.py for tasks to queue
[2025-02-20T22:20:49.912+0000] {logging_mixin.py:188} INFO - [2025-02-20T22:20:49.911+0000] {dagbag.py:545} INFO - Filling up the DagBag from /opt/airflow/dags/dag_airflow.py
[2025-02-20T22:20:49.937+0000] {processor.py:840} INFO - DAG(s) 'kafka_spark_postgres_pipeline' retrieved from /opt/airflow/dags/dag_airflow.py
[2025-02-20T22:20:49.974+0000] {logging_mixin.py:188} INFO - [2025-02-20T22:20:49.973+0000] {dag.py:3096} INFO - Sync 1 DAGs
[2025-02-20T22:20:49.999+0000] {logging_mixin.py:188} INFO - [2025-02-20T22:20:49.999+0000] {dag.py:3954} INFO - Setting next_dagrun for kafka_spark_postgres_pipeline to 2025-02-20 00:00:00+00:00, run_after=2025-02-21 00:00:00+00:00
[2025-02-20T22:20:50.022+0000] {processor.py:183} INFO - Processing /opt/airflow/dags/dag_airflow.py took 0.125 seconds
[2025-02-20T22:21:20.184+0000] {processor.py:161} INFO - Started process (PID=2026) to work on /opt/airflow/dags/dag_airflow.py
[2025-02-20T22:21:20.185+0000] {processor.py:830} INFO - Processing file /opt/airflow/dags/dag_airflow.py for tasks to queue
[2025-02-20T22:21:20.188+0000] {logging_mixin.py:188} INFO - [2025-02-20T22:21:20.187+0000] {dagbag.py:545} INFO - Filling up the DagBag from /opt/airflow/dags/dag_airflow.py
[2025-02-20T22:21:20.211+0000] {processor.py:840} INFO - DAG(s) 'kafka_spark_postgres_pipeline' retrieved from /opt/airflow/dags/dag_airflow.py
[2025-02-20T22:21:20.244+0000] {logging_mixin.py:188} INFO - [2025-02-20T22:21:20.244+0000] {dag.py:3096} INFO - Sync 1 DAGs
[2025-02-20T22:21:20.268+0000] {logging_mixin.py:188} INFO - [2025-02-20T22:21:20.268+0000] {dag.py:3954} INFO - Setting next_dagrun for kafka_spark_postgres_pipeline to 2025-02-20 00:00:00+00:00, run_after=2025-02-21 00:00:00+00:00
[2025-02-20T22:21:20.289+0000] {processor.py:183} INFO - Processing /opt/airflow/dags/dag_airflow.py took 0.117 seconds
[2025-02-20T22:21:50.392+0000] {processor.py:161} INFO - Started process (PID=2031) to work on /opt/airflow/dags/dag_airflow.py
[2025-02-20T22:21:50.394+0000] {processor.py:830} INFO - Processing file /opt/airflow/dags/dag_airflow.py for tasks to queue
[2025-02-20T22:21:50.397+0000] {logging_mixin.py:188} INFO - [2025-02-20T22:21:50.396+0000] {dagbag.py:545} INFO - Filling up the DagBag from /opt/airflow/dags/dag_airflow.py
[2025-02-20T22:21:50.421+0000] {processor.py:840} INFO - DAG(s) 'kafka_spark_postgres_pipeline' retrieved from /opt/airflow/dags/dag_airflow.py
[2025-02-20T22:21:50.460+0000] {logging_mixin.py:188} INFO - [2025-02-20T22:21:50.460+0000] {dag.py:3096} INFO - Sync 1 DAGs
[2025-02-20T22:21:50.490+0000] {logging_mixin.py:188} INFO - [2025-02-20T22:21:50.490+0000] {dag.py:3954} INFO - Setting next_dagrun for kafka_spark_postgres_pipeline to 2025-02-20 00:00:00+00:00, run_after=2025-02-21 00:00:00+00:00
[2025-02-20T22:21:50.512+0000] {processor.py:183} INFO - Processing /opt/airflow/dags/dag_airflow.py took 0.131 seconds
[2025-02-20T22:22:20.668+0000] {processor.py:161} INFO - Started process (PID=2036) to work on /opt/airflow/dags/dag_airflow.py
[2025-02-20T22:22:20.670+0000] {processor.py:830} INFO - Processing file /opt/airflow/dags/dag_airflow.py for tasks to queue
[2025-02-20T22:22:20.672+0000] {logging_mixin.py:188} INFO - [2025-02-20T22:22:20.672+0000] {dagbag.py:545} INFO - Filling up the DagBag from /opt/airflow/dags/dag_airflow.py
[2025-02-20T22:22:20.703+0000] {processor.py:840} INFO - DAG(s) 'kafka_spark_postgres_pipeline' retrieved from /opt/airflow/dags/dag_airflow.py
[2025-02-20T22:22:20.745+0000] {logging_mixin.py:188} INFO - [2025-02-20T22:22:20.744+0000] {dag.py:3096} INFO - Sync 1 DAGs
[2025-02-20T22:22:20.774+0000] {logging_mixin.py:188} INFO - [2025-02-20T22:22:20.774+0000] {dag.py:3954} INFO - Setting next_dagrun for kafka_spark_postgres_pipeline to 2025-02-20 00:00:00+00:00, run_after=2025-02-21 00:00:00+00:00
[2025-02-20T22:22:20.801+0000] {processor.py:183} INFO - Processing /opt/airflow/dags/dag_airflow.py took 0.147 seconds
[2025-02-20T22:22:50.930+0000] {processor.py:161} INFO - Started process (PID=2041) to work on /opt/airflow/dags/dag_airflow.py
[2025-02-20T22:22:50.931+0000] {processor.py:830} INFO - Processing file /opt/airflow/dags/dag_airflow.py for tasks to queue
[2025-02-20T22:22:50.934+0000] {logging_mixin.py:188} INFO - [2025-02-20T22:22:50.934+0000] {dagbag.py:545} INFO - Filling up the DagBag from /opt/airflow/dags/dag_airflow.py
[2025-02-20T22:22:50.963+0000] {processor.py:840} INFO - DAG(s) 'kafka_spark_postgres_pipeline' retrieved from /opt/airflow/dags/dag_airflow.py
[2025-02-20T22:22:51.001+0000] {logging_mixin.py:188} INFO - [2025-02-20T22:22:51.001+0000] {dag.py:3096} INFO - Sync 1 DAGs
[2025-02-20T22:22:51.029+0000] {logging_mixin.py:188} INFO - [2025-02-20T22:22:51.029+0000] {dag.py:3954} INFO - Setting next_dagrun for kafka_spark_postgres_pipeline to 2025-02-20 00:00:00+00:00, run_after=2025-02-21 00:00:00+00:00
[2025-02-20T22:22:51.053+0000] {processor.py:183} INFO - Processing /opt/airflow/dags/dag_airflow.py took 0.135 seconds
[2025-02-20T22:23:21.201+0000] {processor.py:161} INFO - Started process (PID=2046) to work on /opt/airflow/dags/dag_airflow.py
[2025-02-20T22:23:21.204+0000] {processor.py:830} INFO - Processing file /opt/airflow/dags/dag_airflow.py for tasks to queue
[2025-02-20T22:23:21.208+0000] {logging_mixin.py:188} INFO - [2025-02-20T22:23:21.208+0000] {dagbag.py:545} INFO - Filling up the DagBag from /opt/airflow/dags/dag_airflow.py
[2025-02-20T22:23:21.259+0000] {processor.py:840} INFO - DAG(s) 'kafka_spark_postgres_pipeline' retrieved from /opt/airflow/dags/dag_airflow.py
[2025-02-20T22:23:21.333+0000] {logging_mixin.py:188} INFO - [2025-02-20T22:23:21.332+0000] {dag.py:3096} INFO - Sync 1 DAGs
[2025-02-20T22:23:21.392+0000] {logging_mixin.py:188} INFO - [2025-02-20T22:23:21.392+0000] {dag.py:3954} INFO - Setting next_dagrun for kafka_spark_postgres_pipeline to 2025-02-20 00:00:00+00:00, run_after=2025-02-21 00:00:00+00:00
[2025-02-20T22:23:21.439+0000] {processor.py:183} INFO - Processing /opt/airflow/dags/dag_airflow.py took 0.266 seconds
[2025-02-20T22:23:51.590+0000] {processor.py:161} INFO - Started process (PID=2051) to work on /opt/airflow/dags/dag_airflow.py
[2025-02-20T22:23:51.592+0000] {processor.py:830} INFO - Processing file /opt/airflow/dags/dag_airflow.py for tasks to queue
[2025-02-20T22:23:51.594+0000] {logging_mixin.py:188} INFO - [2025-02-20T22:23:51.594+0000] {dagbag.py:545} INFO - Filling up the DagBag from /opt/airflow/dags/dag_airflow.py
[2025-02-20T22:23:51.624+0000] {processor.py:840} INFO - DAG(s) 'kafka_spark_postgres_pipeline' retrieved from /opt/airflow/dags/dag_airflow.py
[2025-02-20T22:23:51.663+0000] {logging_mixin.py:188} INFO - [2025-02-20T22:23:51.663+0000] {dag.py:3096} INFO - Sync 1 DAGs
[2025-02-20T22:23:51.691+0000] {logging_mixin.py:188} INFO - [2025-02-20T22:23:51.691+0000] {dag.py:3954} INFO - Setting next_dagrun for kafka_spark_postgres_pipeline to 2025-02-20 00:00:00+00:00, run_after=2025-02-21 00:00:00+00:00
[2025-02-20T22:23:51.714+0000] {processor.py:183} INFO - Processing /opt/airflow/dags/dag_airflow.py took 0.138 seconds
[2025-02-20T22:24:21.838+0000] {processor.py:161} INFO - Started process (PID=2056) to work on /opt/airflow/dags/dag_airflow.py
[2025-02-20T22:24:21.839+0000] {processor.py:830} INFO - Processing file /opt/airflow/dags/dag_airflow.py for tasks to queue
[2025-02-20T22:24:21.842+0000] {logging_mixin.py:188} INFO - [2025-02-20T22:24:21.841+0000] {dagbag.py:545} INFO - Filling up the DagBag from /opt/airflow/dags/dag_airflow.py
[2025-02-20T22:24:21.870+0000] {processor.py:840} INFO - DAG(s) 'kafka_spark_postgres_pipeline' retrieved from /opt/airflow/dags/dag_airflow.py
[2025-02-20T22:24:21.913+0000] {logging_mixin.py:188} INFO - [2025-02-20T22:24:21.913+0000] {dag.py:3096} INFO - Sync 1 DAGs
[2025-02-20T22:24:21.940+0000] {logging_mixin.py:188} INFO - [2025-02-20T22:24:21.940+0000] {dag.py:3954} INFO - Setting next_dagrun for kafka_spark_postgres_pipeline to 2025-02-20 00:00:00+00:00, run_after=2025-02-21 00:00:00+00:00
[2025-02-20T22:24:21.961+0000] {processor.py:183} INFO - Processing /opt/airflow/dags/dag_airflow.py took 0.135 seconds
[2025-02-20T22:24:52.165+0000] {processor.py:161} INFO - Started process (PID=2061) to work on /opt/airflow/dags/dag_airflow.py
[2025-02-20T22:24:52.166+0000] {processor.py:830} INFO - Processing file /opt/airflow/dags/dag_airflow.py for tasks to queue
[2025-02-20T22:24:52.168+0000] {logging_mixin.py:188} INFO - [2025-02-20T22:24:52.168+0000] {dagbag.py:545} INFO - Filling up the DagBag from /opt/airflow/dags/dag_airflow.py
[2025-02-20T22:24:52.196+0000] {processor.py:840} INFO - DAG(s) 'kafka_spark_postgres_pipeline' retrieved from /opt/airflow/dags/dag_airflow.py
[2025-02-20T22:24:52.244+0000] {logging_mixin.py:188} INFO - [2025-02-20T22:24:52.244+0000] {dag.py:3096} INFO - Sync 1 DAGs
[2025-02-20T22:24:52.281+0000] {logging_mixin.py:188} INFO - [2025-02-20T22:24:52.280+0000] {dag.py:3954} INFO - Setting next_dagrun for kafka_spark_postgres_pipeline to 2025-02-20 00:00:00+00:00, run_after=2025-02-21 00:00:00+00:00
[2025-02-20T22:24:52.312+0000] {processor.py:183} INFO - Processing /opt/airflow/dags/dag_airflow.py took 0.157 seconds
[2025-02-20T22:25:22.463+0000] {processor.py:161} INFO - Started process (PID=2066) to work on /opt/airflow/dags/dag_airflow.py
[2025-02-20T22:25:22.464+0000] {processor.py:830} INFO - Processing file /opt/airflow/dags/dag_airflow.py for tasks to queue
[2025-02-20T22:25:22.467+0000] {logging_mixin.py:188} INFO - [2025-02-20T22:25:22.467+0000] {dagbag.py:545} INFO - Filling up the DagBag from /opt/airflow/dags/dag_airflow.py
[2025-02-20T22:25:22.496+0000] {processor.py:840} INFO - DAG(s) 'kafka_spark_postgres_pipeline' retrieved from /opt/airflow/dags/dag_airflow.py
[2025-02-20T22:25:22.541+0000] {logging_mixin.py:188} INFO - [2025-02-20T22:25:22.541+0000] {dag.py:3096} INFO - Sync 1 DAGs
[2025-02-20T22:25:22.571+0000] {logging_mixin.py:188} INFO - [2025-02-20T22:25:22.570+0000] {dag.py:3954} INFO - Setting next_dagrun for kafka_spark_postgres_pipeline to 2025-02-20 00:00:00+00:00, run_after=2025-02-21 00:00:00+00:00
[2025-02-20T22:25:22.596+0000] {processor.py:183} INFO - Processing /opt/airflow/dags/dag_airflow.py took 0.145 seconds
[2025-02-20T22:25:52.669+0000] {processor.py:161} INFO - Started process (PID=2071) to work on /opt/airflow/dags/dag_airflow.py
[2025-02-20T22:25:52.671+0000] {processor.py:830} INFO - Processing file /opt/airflow/dags/dag_airflow.py for tasks to queue
[2025-02-20T22:25:52.673+0000] {logging_mixin.py:188} INFO - [2025-02-20T22:25:52.673+0000] {dagbag.py:545} INFO - Filling up the DagBag from /opt/airflow/dags/dag_airflow.py
[2025-02-20T22:25:52.705+0000] {processor.py:840} INFO - DAG(s) 'kafka_spark_postgres_pipeline' retrieved from /opt/airflow/dags/dag_airflow.py
[2025-02-20T22:25:52.744+0000] {logging_mixin.py:188} INFO - [2025-02-20T22:25:52.743+0000] {dag.py:3096} INFO - Sync 1 DAGs
[2025-02-20T22:25:52.771+0000] {logging_mixin.py:188} INFO - [2025-02-20T22:25:52.771+0000] {dag.py:3954} INFO - Setting next_dagrun for kafka_spark_postgres_pipeline to 2025-02-20 00:00:00+00:00, run_after=2025-02-21 00:00:00+00:00
[2025-02-20T22:25:52.793+0000] {processor.py:183} INFO - Processing /opt/airflow/dags/dag_airflow.py took 0.135 seconds
[2025-02-20T22:26:22.959+0000] {processor.py:161} INFO - Started process (PID=2076) to work on /opt/airflow/dags/dag_airflow.py
[2025-02-20T22:26:22.961+0000] {processor.py:830} INFO - Processing file /opt/airflow/dags/dag_airflow.py for tasks to queue
[2025-02-20T22:26:22.963+0000] {logging_mixin.py:188} INFO - [2025-02-20T22:26:22.963+0000] {dagbag.py:545} INFO - Filling up the DagBag from /opt/airflow/dags/dag_airflow.py
[2025-02-20T22:26:22.990+0000] {processor.py:840} INFO - DAG(s) 'kafka_spark_postgres_pipeline' retrieved from /opt/airflow/dags/dag_airflow.py
[2025-02-20T22:26:23.028+0000] {logging_mixin.py:188} INFO - [2025-02-20T22:26:23.028+0000] {dag.py:3096} INFO - Sync 1 DAGs
[2025-02-20T22:26:23.053+0000] {logging_mixin.py:188} INFO - [2025-02-20T22:26:23.053+0000] {dag.py:3954} INFO - Setting next_dagrun for kafka_spark_postgres_pipeline to 2025-02-20 00:00:00+00:00, run_after=2025-02-21 00:00:00+00:00
[2025-02-20T22:26:23.076+0000] {processor.py:183} INFO - Processing /opt/airflow/dags/dag_airflow.py took 0.130 seconds
[2025-02-20T22:26:53.174+0000] {processor.py:161} INFO - Started process (PID=2081) to work on /opt/airflow/dags/dag_airflow.py
[2025-02-20T22:26:53.175+0000] {processor.py:830} INFO - Processing file /opt/airflow/dags/dag_airflow.py for tasks to queue
[2025-02-20T22:26:53.178+0000] {logging_mixin.py:188} INFO - [2025-02-20T22:26:53.177+0000] {dagbag.py:545} INFO - Filling up the DagBag from /opt/airflow/dags/dag_airflow.py
[2025-02-20T22:26:53.212+0000] {processor.py:840} INFO - DAG(s) 'kafka_spark_postgres_pipeline' retrieved from /opt/airflow/dags/dag_airflow.py
[2025-02-20T22:26:53.261+0000] {logging_mixin.py:188} INFO - [2025-02-20T22:26:53.260+0000] {dag.py:3096} INFO - Sync 1 DAGs
[2025-02-20T22:26:53.296+0000] {logging_mixin.py:188} INFO - [2025-02-20T22:26:53.296+0000] {dag.py:3954} INFO - Setting next_dagrun for kafka_spark_postgres_pipeline to 2025-02-20 00:00:00+00:00, run_after=2025-02-21 00:00:00+00:00
[2025-02-20T22:26:53.326+0000] {processor.py:183} INFO - Processing /opt/airflow/dags/dag_airflow.py took 0.166 seconds
[2025-02-20T22:27:24.248+0000] {processor.py:161} INFO - Started process (PID=2086) to work on /opt/airflow/dags/dag_airflow.py
[2025-02-20T22:27:24.250+0000] {processor.py:830} INFO - Processing file /opt/airflow/dags/dag_airflow.py for tasks to queue
[2025-02-20T22:27:24.252+0000] {logging_mixin.py:188} INFO - [2025-02-20T22:27:24.251+0000] {dagbag.py:545} INFO - Filling up the DagBag from /opt/airflow/dags/dag_airflow.py
[2025-02-20T22:27:24.310+0000] {processor.py:840} INFO - DAG(s) 'kafka_spark_postgres_pipeline' retrieved from /opt/airflow/dags/dag_airflow.py
[2025-02-20T22:27:24.645+0000] {logging_mixin.py:188} INFO - [2025-02-20T22:27:24.644+0000] {dag.py:3096} INFO - Sync 1 DAGs
[2025-02-20T22:27:24.704+0000] {logging_mixin.py:188} INFO - [2025-02-20T22:27:24.704+0000] {dag.py:3954} INFO - Setting next_dagrun for kafka_spark_postgres_pipeline to 2025-02-20 00:00:00+00:00, run_after=2025-02-21 00:00:00+00:00
[2025-02-20T22:27:24.759+0000] {processor.py:183} INFO - Processing /opt/airflow/dags/dag_airflow.py took 0.521 seconds
[2025-02-20T22:27:55.405+0000] {processor.py:161} INFO - Started process (PID=2091) to work on /opt/airflow/dags/dag_airflow.py
[2025-02-20T22:27:55.407+0000] {processor.py:830} INFO - Processing file /opt/airflow/dags/dag_airflow.py for tasks to queue
[2025-02-20T22:27:55.410+0000] {logging_mixin.py:188} INFO - [2025-02-20T22:27:55.409+0000] {dagbag.py:545} INFO - Filling up the DagBag from /opt/airflow/dags/dag_airflow.py
[2025-02-20T22:27:55.456+0000] {processor.py:840} INFO - DAG(s) 'kafka_spark_postgres_pipeline' retrieved from /opt/airflow/dags/dag_airflow.py
[2025-02-20T22:27:55.510+0000] {logging_mixin.py:188} INFO - [2025-02-20T22:27:55.510+0000] {dag.py:3096} INFO - Sync 1 DAGs
[2025-02-20T22:27:55.652+0000] {logging_mixin.py:188} INFO - [2025-02-20T22:27:55.651+0000] {dag.py:3954} INFO - Setting next_dagrun for kafka_spark_postgres_pipeline to 2025-02-20 00:00:00+00:00, run_after=2025-02-21 00:00:00+00:00
[2025-02-20T22:27:55.806+0000] {processor.py:183} INFO - Processing /opt/airflow/dags/dag_airflow.py took 0.419 seconds
[2025-02-20T22:28:25.892+0000] {processor.py:161} INFO - Started process (PID=2096) to work on /opt/airflow/dags/dag_airflow.py
[2025-02-20T22:28:25.893+0000] {processor.py:830} INFO - Processing file /opt/airflow/dags/dag_airflow.py for tasks to queue
[2025-02-20T22:28:25.896+0000] {logging_mixin.py:188} INFO - [2025-02-20T22:28:25.895+0000] {dagbag.py:545} INFO - Filling up the DagBag from /opt/airflow/dags/dag_airflow.py
[2025-02-20T22:28:25.929+0000] {processor.py:840} INFO - DAG(s) 'kafka_spark_postgres_pipeline' retrieved from /opt/airflow/dags/dag_airflow.py
[2025-02-20T22:28:25.983+0000] {logging_mixin.py:188} INFO - [2025-02-20T22:28:25.983+0000] {dag.py:3096} INFO - Sync 1 DAGs
[2025-02-20T22:28:26.029+0000] {logging_mixin.py:188} INFO - [2025-02-20T22:28:26.028+0000] {dag.py:3954} INFO - Setting next_dagrun for kafka_spark_postgres_pipeline to 2025-02-20 00:00:00+00:00, run_after=2025-02-21 00:00:00+00:00
[2025-02-20T22:28:26.068+0000] {processor.py:183} INFO - Processing /opt/airflow/dags/dag_airflow.py took 0.188 seconds
[2025-02-20T22:28:56.242+0000] {processor.py:161} INFO - Started process (PID=2101) to work on /opt/airflow/dags/dag_airflow.py
[2025-02-20T22:28:56.244+0000] {processor.py:830} INFO - Processing file /opt/airflow/dags/dag_airflow.py for tasks to queue
[2025-02-20T22:28:56.247+0000] {logging_mixin.py:188} INFO - [2025-02-20T22:28:56.246+0000] {dagbag.py:545} INFO - Filling up the DagBag from /opt/airflow/dags/dag_airflow.py
[2025-02-20T22:28:56.280+0000] {processor.py:840} INFO - DAG(s) 'kafka_spark_postgres_pipeline' retrieved from /opt/airflow/dags/dag_airflow.py
[2025-02-20T22:28:56.319+0000] {logging_mixin.py:188} INFO - [2025-02-20T22:28:56.319+0000] {dag.py:3096} INFO - Sync 1 DAGs
[2025-02-20T22:28:56.346+0000] {logging_mixin.py:188} INFO - [2025-02-20T22:28:56.346+0000] {dag.py:3954} INFO - Setting next_dagrun for kafka_spark_postgres_pipeline to 2025-02-20 00:00:00+00:00, run_after=2025-02-21 00:00:00+00:00
[2025-02-20T22:28:56.368+0000] {processor.py:183} INFO - Processing /opt/airflow/dags/dag_airflow.py took 0.141 seconds
[2025-02-20T22:29:26.502+0000] {processor.py:161} INFO - Started process (PID=2106) to work on /opt/airflow/dags/dag_airflow.py
[2025-02-20T22:29:26.504+0000] {processor.py:830} INFO - Processing file /opt/airflow/dags/dag_airflow.py for tasks to queue
[2025-02-20T22:29:26.508+0000] {logging_mixin.py:188} INFO - [2025-02-20T22:29:26.507+0000] {dagbag.py:545} INFO - Filling up the DagBag from /opt/airflow/dags/dag_airflow.py
[2025-02-20T22:29:26.545+0000] {processor.py:840} INFO - DAG(s) 'kafka_spark_postgres_pipeline' retrieved from /opt/airflow/dags/dag_airflow.py
[2025-02-20T22:29:26.602+0000] {logging_mixin.py:188} INFO - [2025-02-20T22:29:26.601+0000] {dag.py:3096} INFO - Sync 1 DAGs
[2025-02-20T22:29:26.642+0000] {logging_mixin.py:188} INFO - [2025-02-20T22:29:26.642+0000] {dag.py:3954} INFO - Setting next_dagrun for kafka_spark_postgres_pipeline to 2025-02-20 00:00:00+00:00, run_after=2025-02-21 00:00:00+00:00
[2025-02-20T22:29:26.673+0000] {processor.py:183} INFO - Processing /opt/airflow/dags/dag_airflow.py took 0.187 seconds
[2025-02-20T22:29:57.338+0000] {processor.py:161} INFO - Started process (PID=2111) to work on /opt/airflow/dags/dag_airflow.py
[2025-02-20T22:29:57.339+0000] {processor.py:830} INFO - Processing file /opt/airflow/dags/dag_airflow.py for tasks to queue
[2025-02-20T22:29:57.342+0000] {logging_mixin.py:188} INFO - [2025-02-20T22:29:57.341+0000] {dagbag.py:545} INFO - Filling up the DagBag from /opt/airflow/dags/dag_airflow.py
[2025-02-20T22:29:57.369+0000] {processor.py:840} INFO - DAG(s) 'kafka_spark_postgres_pipeline' retrieved from /opt/airflow/dags/dag_airflow.py
[2025-02-20T22:29:57.408+0000] {logging_mixin.py:188} INFO - [2025-02-20T22:29:57.407+0000] {dag.py:3096} INFO - Sync 1 DAGs
[2025-02-20T22:29:57.437+0000] {logging_mixin.py:188} INFO - [2025-02-20T22:29:57.437+0000] {dag.py:3954} INFO - Setting next_dagrun for kafka_spark_postgres_pipeline to 2025-02-20 00:00:00+00:00, run_after=2025-02-21 00:00:00+00:00
[2025-02-20T22:29:57.462+0000] {processor.py:183} INFO - Processing /opt/airflow/dags/dag_airflow.py took 0.140 seconds
[2025-02-20T22:30:27.662+0000] {processor.py:161} INFO - Started process (PID=2116) to work on /opt/airflow/dags/dag_airflow.py
[2025-02-20T22:30:27.663+0000] {processor.py:830} INFO - Processing file /opt/airflow/dags/dag_airflow.py for tasks to queue
[2025-02-20T22:30:27.666+0000] {logging_mixin.py:188} INFO - [2025-02-20T22:30:27.665+0000] {dagbag.py:545} INFO - Filling up the DagBag from /opt/airflow/dags/dag_airflow.py
[2025-02-20T22:30:27.690+0000] {processor.py:840} INFO - DAG(s) 'kafka_spark_postgres_pipeline' retrieved from /opt/airflow/dags/dag_airflow.py
[2025-02-20T22:30:27.723+0000] {logging_mixin.py:188} INFO - [2025-02-20T22:30:27.722+0000] {dag.py:3096} INFO - Sync 1 DAGs
[2025-02-20T22:30:27.749+0000] {logging_mixin.py:188} INFO - [2025-02-20T22:30:27.749+0000] {dag.py:3954} INFO - Setting next_dagrun for kafka_spark_postgres_pipeline to 2025-02-20 00:00:00+00:00, run_after=2025-02-21 00:00:00+00:00
[2025-02-20T22:30:27.770+0000] {processor.py:183} INFO - Processing /opt/airflow/dags/dag_airflow.py took 0.120 seconds
[2025-02-20T22:30:57.979+0000] {processor.py:161} INFO - Started process (PID=2121) to work on /opt/airflow/dags/dag_airflow.py
[2025-02-20T22:30:57.981+0000] {processor.py:830} INFO - Processing file /opt/airflow/dags/dag_airflow.py for tasks to queue
[2025-02-20T22:30:57.982+0000] {logging_mixin.py:188} INFO - [2025-02-20T22:30:57.982+0000] {dagbag.py:545} INFO - Filling up the DagBag from /opt/airflow/dags/dag_airflow.py
[2025-02-20T22:30:58.005+0000] {processor.py:840} INFO - DAG(s) 'kafka_spark_postgres_pipeline' retrieved from /opt/airflow/dags/dag_airflow.py
[2025-02-20T22:30:58.039+0000] {logging_mixin.py:188} INFO - [2025-02-20T22:30:58.039+0000] {dag.py:3096} INFO - Sync 1 DAGs
[2025-02-20T22:30:58.066+0000] {logging_mixin.py:188} INFO - [2025-02-20T22:30:58.066+0000] {dag.py:3954} INFO - Setting next_dagrun for kafka_spark_postgres_pipeline to 2025-02-20 00:00:00+00:00, run_after=2025-02-21 00:00:00+00:00
[2025-02-20T22:30:58.088+0000] {processor.py:183} INFO - Processing /opt/airflow/dags/dag_airflow.py took 0.118 seconds
[2025-02-20T22:31:28.233+0000] {processor.py:161} INFO - Started process (PID=2126) to work on /opt/airflow/dags/dag_airflow.py
[2025-02-20T22:31:28.234+0000] {processor.py:830} INFO - Processing file /opt/airflow/dags/dag_airflow.py for tasks to queue
[2025-02-20T22:31:28.236+0000] {logging_mixin.py:188} INFO - [2025-02-20T22:31:28.236+0000] {dagbag.py:545} INFO - Filling up the DagBag from /opt/airflow/dags/dag_airflow.py
[2025-02-20T22:31:28.275+0000] {processor.py:840} INFO - DAG(s) 'kafka_spark_postgres_pipeline' retrieved from /opt/airflow/dags/dag_airflow.py
[2025-02-20T22:31:28.311+0000] {logging_mixin.py:188} INFO - [2025-02-20T22:31:28.311+0000] {dag.py:3096} INFO - Sync 1 DAGs
[2025-02-20T22:31:28.336+0000] {logging_mixin.py:188} INFO - [2025-02-20T22:31:28.336+0000] {dag.py:3954} INFO - Setting next_dagrun for kafka_spark_postgres_pipeline to 2025-02-20 00:00:00+00:00, run_after=2025-02-21 00:00:00+00:00
[2025-02-20T22:31:28.360+0000] {processor.py:183} INFO - Processing /opt/airflow/dags/dag_airflow.py took 0.137 seconds
[2025-02-20T22:31:58.483+0000] {processor.py:161} INFO - Started process (PID=2131) to work on /opt/airflow/dags/dag_airflow.py
[2025-02-20T22:31:58.484+0000] {processor.py:830} INFO - Processing file /opt/airflow/dags/dag_airflow.py for tasks to queue
[2025-02-20T22:31:58.487+0000] {logging_mixin.py:188} INFO - [2025-02-20T22:31:58.486+0000] {dagbag.py:545} INFO - Filling up the DagBag from /opt/airflow/dags/dag_airflow.py
[2025-02-20T22:31:58.512+0000] {processor.py:840} INFO - DAG(s) 'kafka_spark_postgres_pipeline' retrieved from /opt/airflow/dags/dag_airflow.py
[2025-02-20T22:31:58.555+0000] {logging_mixin.py:188} INFO - [2025-02-20T22:31:58.555+0000] {dag.py:3096} INFO - Sync 1 DAGs
[2025-02-20T22:31:58.583+0000] {logging_mixin.py:188} INFO - [2025-02-20T22:31:58.582+0000] {dag.py:3954} INFO - Setting next_dagrun for kafka_spark_postgres_pipeline to 2025-02-20 00:00:00+00:00, run_after=2025-02-21 00:00:00+00:00
[2025-02-20T22:31:58.603+0000] {processor.py:183} INFO - Processing /opt/airflow/dags/dag_airflow.py took 0.131 seconds
[2025-02-20T22:32:28.776+0000] {processor.py:161} INFO - Started process (PID=2136) to work on /opt/airflow/dags/dag_airflow.py
[2025-02-20T22:32:28.778+0000] {processor.py:830} INFO - Processing file /opt/airflow/dags/dag_airflow.py for tasks to queue
[2025-02-20T22:32:28.780+0000] {logging_mixin.py:188} INFO - [2025-02-20T22:32:28.780+0000] {dagbag.py:545} INFO - Filling up the DagBag from /opt/airflow/dags/dag_airflow.py
[2025-02-20T22:32:28.807+0000] {processor.py:840} INFO - DAG(s) 'kafka_spark_postgres_pipeline' retrieved from /opt/airflow/dags/dag_airflow.py
[2025-02-20T22:32:28.843+0000] {logging_mixin.py:188} INFO - [2025-02-20T22:32:28.843+0000] {dag.py:3096} INFO - Sync 1 DAGs
[2025-02-20T22:32:28.870+0000] {logging_mixin.py:188} INFO - [2025-02-20T22:32:28.870+0000] {dag.py:3954} INFO - Setting next_dagrun for kafka_spark_postgres_pipeline to 2025-02-20 00:00:00+00:00, run_after=2025-02-21 00:00:00+00:00
[2025-02-20T22:32:28.899+0000] {processor.py:183} INFO - Processing /opt/airflow/dags/dag_airflow.py took 0.134 seconds
[2025-02-20T22:32:59.044+0000] {processor.py:161} INFO - Started process (PID=2141) to work on /opt/airflow/dags/dag_airflow.py
[2025-02-20T22:32:59.045+0000] {processor.py:830} INFO - Processing file /opt/airflow/dags/dag_airflow.py for tasks to queue
[2025-02-20T22:32:59.048+0000] {logging_mixin.py:188} INFO - [2025-02-20T22:32:59.048+0000] {dagbag.py:545} INFO - Filling up the DagBag from /opt/airflow/dags/dag_airflow.py
[2025-02-20T22:32:59.080+0000] {processor.py:840} INFO - DAG(s) 'kafka_spark_postgres_pipeline' retrieved from /opt/airflow/dags/dag_airflow.py
[2025-02-20T22:32:59.179+0000] {logging_mixin.py:188} INFO - [2025-02-20T22:32:59.178+0000] {dag.py:3096} INFO - Sync 1 DAGs
[2025-02-20T22:32:59.213+0000] {logging_mixin.py:188} INFO - [2025-02-20T22:32:59.212+0000] {dag.py:3954} INFO - Setting next_dagrun for kafka_spark_postgres_pipeline to 2025-02-20 00:00:00+00:00, run_after=2025-02-21 00:00:00+00:00
[2025-02-20T22:32:59.239+0000] {processor.py:183} INFO - Processing /opt/airflow/dags/dag_airflow.py took 0.206 seconds
[2025-02-20T22:33:29.388+0000] {processor.py:161} INFO - Started process (PID=2146) to work on /opt/airflow/dags/dag_airflow.py
[2025-02-20T22:33:29.389+0000] {processor.py:830} INFO - Processing file /opt/airflow/dags/dag_airflow.py for tasks to queue
[2025-02-20T22:33:29.391+0000] {logging_mixin.py:188} INFO - [2025-02-20T22:33:29.391+0000] {dagbag.py:545} INFO - Filling up the DagBag from /opt/airflow/dags/dag_airflow.py
[2025-02-20T22:33:29.417+0000] {processor.py:840} INFO - DAG(s) 'kafka_spark_postgres_pipeline' retrieved from /opt/airflow/dags/dag_airflow.py
[2025-02-20T22:33:29.452+0000] {logging_mixin.py:188} INFO - [2025-02-20T22:33:29.451+0000] {dag.py:3096} INFO - Sync 1 DAGs
[2025-02-20T22:33:29.478+0000] {logging_mixin.py:188} INFO - [2025-02-20T22:33:29.477+0000] {dag.py:3954} INFO - Setting next_dagrun for kafka_spark_postgres_pipeline to 2025-02-20 00:00:00+00:00, run_after=2025-02-21 00:00:00+00:00
[2025-02-20T22:33:29.501+0000] {processor.py:183} INFO - Processing /opt/airflow/dags/dag_airflow.py took 0.125 seconds
[2025-02-20T22:33:59.678+0000] {processor.py:161} INFO - Started process (PID=2151) to work on /opt/airflow/dags/dag_airflow.py
[2025-02-20T22:33:59.679+0000] {processor.py:830} INFO - Processing file /opt/airflow/dags/dag_airflow.py for tasks to queue
[2025-02-20T22:33:59.682+0000] {logging_mixin.py:188} INFO - [2025-02-20T22:33:59.681+0000] {dagbag.py:545} INFO - Filling up the DagBag from /opt/airflow/dags/dag_airflow.py
[2025-02-20T22:33:59.710+0000] {processor.py:840} INFO - DAG(s) 'kafka_spark_postgres_pipeline' retrieved from /opt/airflow/dags/dag_airflow.py
[2025-02-20T22:33:59.745+0000] {logging_mixin.py:188} INFO - [2025-02-20T22:33:59.744+0000] {dag.py:3096} INFO - Sync 1 DAGs
[2025-02-20T22:33:59.769+0000] {logging_mixin.py:188} INFO - [2025-02-20T22:33:59.769+0000] {dag.py:3954} INFO - Setting next_dagrun for kafka_spark_postgres_pipeline to 2025-02-20 00:00:00+00:00, run_after=2025-02-21 00:00:00+00:00
[2025-02-20T22:33:59.789+0000] {processor.py:183} INFO - Processing /opt/airflow/dags/dag_airflow.py took 0.123 seconds
[2025-02-20T22:34:29.866+0000] {processor.py:161} INFO - Started process (PID=2156) to work on /opt/airflow/dags/dag_airflow.py
[2025-02-20T22:34:29.867+0000] {processor.py:830} INFO - Processing file /opt/airflow/dags/dag_airflow.py for tasks to queue
[2025-02-20T22:34:29.869+0000] {logging_mixin.py:188} INFO - [2025-02-20T22:34:29.869+0000] {dagbag.py:545} INFO - Filling up the DagBag from /opt/airflow/dags/dag_airflow.py
[2025-02-20T22:34:29.899+0000] {processor.py:840} INFO - DAG(s) 'kafka_spark_postgres_pipeline' retrieved from /opt/airflow/dags/dag_airflow.py
[2025-02-20T22:34:29.937+0000] {logging_mixin.py:188} INFO - [2025-02-20T22:34:29.937+0000] {dag.py:3096} INFO - Sync 1 DAGs
[2025-02-20T22:34:29.969+0000] {logging_mixin.py:188} INFO - [2025-02-20T22:34:29.969+0000] {dag.py:3954} INFO - Setting next_dagrun for kafka_spark_postgres_pipeline to 2025-02-20 00:00:00+00:00, run_after=2025-02-21 00:00:00+00:00
[2025-02-20T22:34:29.995+0000] {processor.py:183} INFO - Processing /opt/airflow/dags/dag_airflow.py took 0.140 seconds
[2025-02-20T22:35:00.172+0000] {processor.py:161} INFO - Started process (PID=2161) to work on /opt/airflow/dags/dag_airflow.py
[2025-02-20T22:35:00.174+0000] {processor.py:830} INFO - Processing file /opt/airflow/dags/dag_airflow.py for tasks to queue
[2025-02-20T22:35:00.176+0000] {logging_mixin.py:188} INFO - [2025-02-20T22:35:00.176+0000] {dagbag.py:545} INFO - Filling up the DagBag from /opt/airflow/dags/dag_airflow.py
[2025-02-20T22:35:00.202+0000] {processor.py:840} INFO - DAG(s) 'kafka_spark_postgres_pipeline' retrieved from /opt/airflow/dags/dag_airflow.py
[2025-02-20T22:35:00.237+0000] {logging_mixin.py:188} INFO - [2025-02-20T22:35:00.237+0000] {dag.py:3096} INFO - Sync 1 DAGs
[2025-02-20T22:35:00.262+0000] {logging_mixin.py:188} INFO - [2025-02-20T22:35:00.261+0000] {dag.py:3954} INFO - Setting next_dagrun for kafka_spark_postgres_pipeline to 2025-02-20 00:00:00+00:00, run_after=2025-02-21 00:00:00+00:00
[2025-02-20T22:35:00.282+0000] {processor.py:183} INFO - Processing /opt/airflow/dags/dag_airflow.py took 0.121 seconds
[2025-02-20T22:35:30.452+0000] {processor.py:161} INFO - Started process (PID=2166) to work on /opt/airflow/dags/dag_airflow.py
[2025-02-20T22:35:30.453+0000] {processor.py:830} INFO - Processing file /opt/airflow/dags/dag_airflow.py for tasks to queue
[2025-02-20T22:35:30.455+0000] {logging_mixin.py:188} INFO - [2025-02-20T22:35:30.455+0000] {dagbag.py:545} INFO - Filling up the DagBag from /opt/airflow/dags/dag_airflow.py
[2025-02-20T22:35:30.479+0000] {processor.py:840} INFO - DAG(s) 'kafka_spark_postgres_pipeline' retrieved from /opt/airflow/dags/dag_airflow.py
[2025-02-20T22:35:30.514+0000] {logging_mixin.py:188} INFO - [2025-02-20T22:35:30.514+0000] {dag.py:3096} INFO - Sync 1 DAGs
[2025-02-20T22:35:30.540+0000] {logging_mixin.py:188} INFO - [2025-02-20T22:35:30.540+0000] {dag.py:3954} INFO - Setting next_dagrun for kafka_spark_postgres_pipeline to 2025-02-20 00:00:00+00:00, run_after=2025-02-21 00:00:00+00:00
[2025-02-20T22:35:30.563+0000] {processor.py:183} INFO - Processing /opt/airflow/dags/dag_airflow.py took 0.121 seconds
[2025-02-20T22:36:00.639+0000] {processor.py:161} INFO - Started process (PID=2171) to work on /opt/airflow/dags/dag_airflow.py
[2025-02-20T22:36:00.640+0000] {processor.py:830} INFO - Processing file /opt/airflow/dags/dag_airflow.py for tasks to queue
[2025-02-20T22:36:00.643+0000] {logging_mixin.py:188} INFO - [2025-02-20T22:36:00.642+0000] {dagbag.py:545} INFO - Filling up the DagBag from /opt/airflow/dags/dag_airflow.py
[2025-02-20T22:36:00.666+0000] {processor.py:840} INFO - DAG(s) 'kafka_spark_postgres_pipeline' retrieved from /opt/airflow/dags/dag_airflow.py
[2025-02-20T22:36:00.703+0000] {logging_mixin.py:188} INFO - [2025-02-20T22:36:00.703+0000] {dag.py:3096} INFO - Sync 1 DAGs
[2025-02-20T22:36:00.731+0000] {logging_mixin.py:188} INFO - [2025-02-20T22:36:00.730+0000] {dag.py:3954} INFO - Setting next_dagrun for kafka_spark_postgres_pipeline to 2025-02-20 00:00:00+00:00, run_after=2025-02-21 00:00:00+00:00
[2025-02-20T22:36:00.755+0000] {processor.py:183} INFO - Processing /opt/airflow/dags/dag_airflow.py took 0.128 seconds
[2025-02-20T22:36:30.914+0000] {processor.py:161} INFO - Started process (PID=2176) to work on /opt/airflow/dags/dag_airflow.py
[2025-02-20T22:36:30.916+0000] {processor.py:830} INFO - Processing file /opt/airflow/dags/dag_airflow.py for tasks to queue
[2025-02-20T22:36:30.918+0000] {logging_mixin.py:188} INFO - [2025-02-20T22:36:30.918+0000] {dagbag.py:545} INFO - Filling up the DagBag from /opt/airflow/dags/dag_airflow.py
[2025-02-20T22:36:30.949+0000] {processor.py:840} INFO - DAG(s) 'kafka_spark_postgres_pipeline' retrieved from /opt/airflow/dags/dag_airflow.py
[2025-02-20T22:36:30.987+0000] {logging_mixin.py:188} INFO - [2025-02-20T22:36:30.987+0000] {dag.py:3096} INFO - Sync 1 DAGs
[2025-02-20T22:36:31.015+0000] {logging_mixin.py:188} INFO - [2025-02-20T22:36:31.015+0000] {dag.py:3954} INFO - Setting next_dagrun for kafka_spark_postgres_pipeline to 2025-02-20 00:00:00+00:00, run_after=2025-02-21 00:00:00+00:00
[2025-02-20T22:36:31.036+0000] {processor.py:183} INFO - Processing /opt/airflow/dags/dag_airflow.py took 0.134 seconds
[2025-02-20T22:37:01.151+0000] {processor.py:161} INFO - Started process (PID=2181) to work on /opt/airflow/dags/dag_airflow.py
[2025-02-20T22:37:01.153+0000] {processor.py:830} INFO - Processing file /opt/airflow/dags/dag_airflow.py for tasks to queue
[2025-02-20T22:37:01.155+0000] {logging_mixin.py:188} INFO - [2025-02-20T22:37:01.154+0000] {dagbag.py:545} INFO - Filling up the DagBag from /opt/airflow/dags/dag_airflow.py
[2025-02-20T22:37:01.182+0000] {processor.py:840} INFO - DAG(s) 'kafka_spark_postgres_pipeline' retrieved from /opt/airflow/dags/dag_airflow.py
[2025-02-20T22:37:01.219+0000] {logging_mixin.py:188} INFO - [2025-02-20T22:37:01.218+0000] {dag.py:3096} INFO - Sync 1 DAGs
[2025-02-20T22:37:01.247+0000] {logging_mixin.py:188} INFO - [2025-02-20T22:37:01.247+0000] {dag.py:3954} INFO - Setting next_dagrun for kafka_spark_postgres_pipeline to 2025-02-20 00:00:00+00:00, run_after=2025-02-21 00:00:00+00:00
[2025-02-20T22:37:01.270+0000] {processor.py:183} INFO - Processing /opt/airflow/dags/dag_airflow.py took 0.130 seconds
[2025-02-20T22:37:31.388+0000] {processor.py:161} INFO - Started process (PID=2186) to work on /opt/airflow/dags/dag_airflow.py
[2025-02-20T22:37:31.390+0000] {processor.py:830} INFO - Processing file /opt/airflow/dags/dag_airflow.py for tasks to queue
[2025-02-20T22:37:31.392+0000] {logging_mixin.py:188} INFO - [2025-02-20T22:37:31.392+0000] {dagbag.py:545} INFO - Filling up the DagBag from /opt/airflow/dags/dag_airflow.py
[2025-02-20T22:37:31.421+0000] {processor.py:840} INFO - DAG(s) 'kafka_spark_postgres_pipeline' retrieved from /opt/airflow/dags/dag_airflow.py
[2025-02-20T22:37:31.460+0000] {logging_mixin.py:188} INFO - [2025-02-20T22:37:31.460+0000] {dag.py:3096} INFO - Sync 1 DAGs
[2025-02-20T22:37:31.489+0000] {logging_mixin.py:188} INFO - [2025-02-20T22:37:31.489+0000] {dag.py:3954} INFO - Setting next_dagrun for kafka_spark_postgres_pipeline to 2025-02-20 00:00:00+00:00, run_after=2025-02-21 00:00:00+00:00
[2025-02-20T22:37:31.511+0000] {processor.py:183} INFO - Processing /opt/airflow/dags/dag_airflow.py took 0.138 seconds
[2025-02-20T22:38:01.627+0000] {processor.py:161} INFO - Started process (PID=2191) to work on /opt/airflow/dags/dag_airflow.py
[2025-02-20T22:38:01.629+0000] {processor.py:830} INFO - Processing file /opt/airflow/dags/dag_airflow.py for tasks to queue
[2025-02-20T22:38:01.632+0000] {logging_mixin.py:188} INFO - [2025-02-20T22:38:01.632+0000] {dagbag.py:545} INFO - Filling up the DagBag from /opt/airflow/dags/dag_airflow.py
[2025-02-20T22:38:01.673+0000] {processor.py:840} INFO - DAG(s) 'kafka_spark_postgres_pipeline' retrieved from /opt/airflow/dags/dag_airflow.py
[2025-02-20T22:38:01.729+0000] {logging_mixin.py:188} INFO - [2025-02-20T22:38:01.729+0000] {dag.py:3096} INFO - Sync 1 DAGs
[2025-02-20T22:38:01.774+0000] {logging_mixin.py:188} INFO - [2025-02-20T22:38:01.774+0000] {dag.py:3954} INFO - Setting next_dagrun for kafka_spark_postgres_pipeline to 2025-02-20 00:00:00+00:00, run_after=2025-02-21 00:00:00+00:00
[2025-02-20T22:38:01.804+0000] {processor.py:183} INFO - Processing /opt/airflow/dags/dag_airflow.py took 0.190 seconds
[2025-02-20T23:47:52.498+0000] {processor.py:186} INFO - Started process (PID=207) to work on /opt/airflow/dags/dag_airflow.py
[2025-02-20T23:47:52.500+0000] {processor.py:914} INFO - Processing file /opt/airflow/dags/dag_airflow.py for tasks to queue
[2025-02-20T23:47:52.502+0000] {logging_mixin.py:190} INFO - [2025-02-20T23:47:52.502+0000] {dagbag.py:588} INFO - Filling up the DagBag from /opt/airflow/dags/dag_airflow.py
[2025-02-20T23:47:52.608+0000] {logging_mixin.py:190} INFO - [2025-02-20T23:47:52.590+0000] {dagbag.py:387} ERROR - Failed to import: /opt/airflow/dags/dag_airflow.py
Traceback (most recent call last):
  File "/home/airflow/.local/lib/python3.12/site-packages/airflow/models/dagbag.py", line 383, in parse
    loader.exec_module(new_module)
  File "<frozen importlib._bootstrap_external>", line 999, in exec_module
  File "<frozen importlib._bootstrap>", line 488, in _call_with_frames_removed
  File "/opt/airflow/dags/dag_airflow.py", line 4, in <module>
    from airflow.providers.postgres.operators.postgres import PostgresOperator
ModuleNotFoundError: No module named 'airflow.providers.postgres.operators'
[2025-02-20T23:47:52.612+0000] {processor.py:927} WARNING - No viable dags retrieved from /opt/airflow/dags/dag_airflow.py
[2025-02-20T23:47:52.657+0000] {processor.py:208} INFO - Processing /opt/airflow/dags/dag_airflow.py took 0.167 seconds
[2025-02-20T23:48:22.820+0000] {processor.py:186} INFO - Started process (PID=212) to work on /opt/airflow/dags/dag_airflow.py
[2025-02-20T23:48:22.822+0000] {processor.py:914} INFO - Processing file /opt/airflow/dags/dag_airflow.py for tasks to queue
[2025-02-20T23:48:22.825+0000] {logging_mixin.py:190} INFO - [2025-02-20T23:48:22.824+0000] {dagbag.py:588} INFO - Filling up the DagBag from /opt/airflow/dags/dag_airflow.py
[2025-02-20T23:48:22.842+0000] {logging_mixin.py:190} INFO - [2025-02-20T23:48:22.839+0000] {dagbag.py:387} ERROR - Failed to import: /opt/airflow/dags/dag_airflow.py
Traceback (most recent call last):
  File "/home/airflow/.local/lib/python3.12/site-packages/airflow/models/dagbag.py", line 383, in parse
    loader.exec_module(new_module)
  File "<frozen importlib._bootstrap_external>", line 999, in exec_module
  File "<frozen importlib._bootstrap>", line 488, in _call_with_frames_removed
  File "/opt/airflow/dags/dag_airflow.py", line 4, in <module>
    from airflow.providers.postgres.operators.postgres import PostgresOperator
ModuleNotFoundError: No module named 'airflow.providers.postgres.operators'
[2025-02-20T23:48:22.843+0000] {processor.py:927} WARNING - No viable dags retrieved from /opt/airflow/dags/dag_airflow.py
[2025-02-20T23:48:22.869+0000] {processor.py:208} INFO - Processing /opt/airflow/dags/dag_airflow.py took 0.056 seconds
[2025-02-20T23:48:53.283+0000] {processor.py:186} INFO - Started process (PID=217) to work on /opt/airflow/dags/dag_airflow.py
[2025-02-20T23:48:53.284+0000] {processor.py:914} INFO - Processing file /opt/airflow/dags/dag_airflow.py for tasks to queue
[2025-02-20T23:48:53.287+0000] {logging_mixin.py:190} INFO - [2025-02-20T23:48:53.287+0000] {dagbag.py:588} INFO - Filling up the DagBag from /opt/airflow/dags/dag_airflow.py
[2025-02-20T23:48:53.304+0000] {logging_mixin.py:190} INFO - [2025-02-20T23:48:53.300+0000] {dagbag.py:387} ERROR - Failed to import: /opt/airflow/dags/dag_airflow.py
Traceback (most recent call last):
  File "/home/airflow/.local/lib/python3.12/site-packages/airflow/models/dagbag.py", line 383, in parse
    loader.exec_module(new_module)
  File "<frozen importlib._bootstrap_external>", line 999, in exec_module
  File "<frozen importlib._bootstrap>", line 488, in _call_with_frames_removed
  File "/opt/airflow/dags/dag_airflow.py", line 4, in <module>
    from airflow.providers.postgres.operators.postgres import PostgresOperator
ModuleNotFoundError: No module named 'airflow.providers.postgres.operators'
[2025-02-20T23:48:53.305+0000] {processor.py:927} WARNING - No viable dags retrieved from /opt/airflow/dags/dag_airflow.py
[2025-02-20T23:48:53.327+0000] {processor.py:208} INFO - Processing /opt/airflow/dags/dag_airflow.py took 0.049 seconds
[2025-02-20T23:49:23.695+0000] {processor.py:186} INFO - Started process (PID=222) to work on /opt/airflow/dags/dag_airflow.py
[2025-02-20T23:49:23.696+0000] {processor.py:914} INFO - Processing file /opt/airflow/dags/dag_airflow.py for tasks to queue
[2025-02-20T23:49:23.701+0000] {logging_mixin.py:190} INFO - [2025-02-20T23:49:23.701+0000] {dagbag.py:588} INFO - Filling up the DagBag from /opt/airflow/dags/dag_airflow.py
[2025-02-20T23:49:23.720+0000] {logging_mixin.py:190} INFO - [2025-02-20T23:49:23.716+0000] {dagbag.py:387} ERROR - Failed to import: /opt/airflow/dags/dag_airflow.py
Traceback (most recent call last):
  File "/home/airflow/.local/lib/python3.12/site-packages/airflow/models/dagbag.py", line 383, in parse
    loader.exec_module(new_module)
  File "<frozen importlib._bootstrap_external>", line 999, in exec_module
  File "<frozen importlib._bootstrap>", line 488, in _call_with_frames_removed
  File "/opt/airflow/dags/dag_airflow.py", line 4, in <module>
    from airflow.providers.postgres.operators.postgres import PostgresOperator
ModuleNotFoundError: No module named 'airflow.providers.postgres.operators'
[2025-02-20T23:49:23.721+0000] {processor.py:927} WARNING - No viable dags retrieved from /opt/airflow/dags/dag_airflow.py
[2025-02-20T23:49:23.743+0000] {processor.py:208} INFO - Processing /opt/airflow/dags/dag_airflow.py took 0.054 seconds
[2025-02-20T23:49:54.142+0000] {processor.py:186} INFO - Started process (PID=227) to work on /opt/airflow/dags/dag_airflow.py
[2025-02-20T23:49:54.143+0000] {processor.py:914} INFO - Processing file /opt/airflow/dags/dag_airflow.py for tasks to queue
[2025-02-20T23:49:54.146+0000] {logging_mixin.py:190} INFO - [2025-02-20T23:49:54.146+0000] {dagbag.py:588} INFO - Filling up the DagBag from /opt/airflow/dags/dag_airflow.py
[2025-02-20T23:49:54.163+0000] {logging_mixin.py:190} INFO - [2025-02-20T23:49:54.160+0000] {dagbag.py:387} ERROR - Failed to import: /opt/airflow/dags/dag_airflow.py
Traceback (most recent call last):
  File "/home/airflow/.local/lib/python3.12/site-packages/airflow/models/dagbag.py", line 383, in parse
    loader.exec_module(new_module)
  File "<frozen importlib._bootstrap_external>", line 999, in exec_module
  File "<frozen importlib._bootstrap>", line 488, in _call_with_frames_removed
  File "/opt/airflow/dags/dag_airflow.py", line 4, in <module>
    from airflow.providers.postgres.operators.postgres import PostgresOperator
ModuleNotFoundError: No module named 'airflow.providers.postgres.operators'
[2025-02-20T23:49:54.164+0000] {processor.py:927} WARNING - No viable dags retrieved from /opt/airflow/dags/dag_airflow.py
[2025-02-20T23:49:54.187+0000] {processor.py:208} INFO - Processing /opt/airflow/dags/dag_airflow.py took 0.051 seconds
[2025-02-20T23:50:24.633+0000] {processor.py:186} INFO - Started process (PID=232) to work on /opt/airflow/dags/dag_airflow.py
[2025-02-20T23:50:24.634+0000] {processor.py:914} INFO - Processing file /opt/airflow/dags/dag_airflow.py for tasks to queue
[2025-02-20T23:50:24.637+0000] {logging_mixin.py:190} INFO - [2025-02-20T23:50:24.637+0000] {dagbag.py:588} INFO - Filling up the DagBag from /opt/airflow/dags/dag_airflow.py
[2025-02-20T23:50:24.661+0000] {logging_mixin.py:190} INFO - [2025-02-20T23:50:24.656+0000] {dagbag.py:387} ERROR - Failed to import: /opt/airflow/dags/dag_airflow.py
Traceback (most recent call last):
  File "/home/airflow/.local/lib/python3.12/site-packages/airflow/models/dagbag.py", line 383, in parse
    loader.exec_module(new_module)
  File "<frozen importlib._bootstrap_external>", line 999, in exec_module
  File "<frozen importlib._bootstrap>", line 488, in _call_with_frames_removed
  File "/opt/airflow/dags/dag_airflow.py", line 4, in <module>
    from airflow.providers.postgres.operators.postgres import PostgresOperator
ModuleNotFoundError: No module named 'airflow.providers.postgres.operators'
[2025-02-20T23:50:24.663+0000] {processor.py:927} WARNING - No viable dags retrieved from /opt/airflow/dags/dag_airflow.py
[2025-02-20T23:50:24.704+0000] {processor.py:208} INFO - Processing /opt/airflow/dags/dag_airflow.py took 0.082 seconds
[2025-02-20T23:50:55.011+0000] {processor.py:186} INFO - Started process (PID=237) to work on /opt/airflow/dags/dag_airflow.py
[2025-02-20T23:50:55.012+0000] {processor.py:914} INFO - Processing file /opt/airflow/dags/dag_airflow.py for tasks to queue
[2025-02-20T23:50:55.014+0000] {logging_mixin.py:190} INFO - [2025-02-20T23:50:55.014+0000] {dagbag.py:588} INFO - Filling up the DagBag from /opt/airflow/dags/dag_airflow.py
[2025-02-20T23:50:55.030+0000] {logging_mixin.py:190} INFO - [2025-02-20T23:50:55.027+0000] {dagbag.py:387} ERROR - Failed to import: /opt/airflow/dags/dag_airflow.py
Traceback (most recent call last):
  File "/home/airflow/.local/lib/python3.12/site-packages/airflow/models/dagbag.py", line 383, in parse
    loader.exec_module(new_module)
  File "<frozen importlib._bootstrap_external>", line 999, in exec_module
  File "<frozen importlib._bootstrap>", line 488, in _call_with_frames_removed
  File "/opt/airflow/dags/dag_airflow.py", line 4, in <module>
    from airflow.providers.postgres.operators.postgres import PostgresOperator
ModuleNotFoundError: No module named 'airflow.providers.postgres.operators'
[2025-02-20T23:50:55.031+0000] {processor.py:927} WARNING - No viable dags retrieved from /opt/airflow/dags/dag_airflow.py
[2025-02-20T23:50:55.061+0000] {processor.py:208} INFO - Processing /opt/airflow/dags/dag_airflow.py took 0.060 seconds
[2025-02-20T23:51:25.278+0000] {processor.py:186} INFO - Started process (PID=242) to work on /opt/airflow/dags/dag_airflow.py
[2025-02-20T23:51:25.279+0000] {processor.py:914} INFO - Processing file /opt/airflow/dags/dag_airflow.py for tasks to queue
[2025-02-20T23:51:25.284+0000] {logging_mixin.py:190} INFO - [2025-02-20T23:51:25.283+0000] {dagbag.py:588} INFO - Filling up the DagBag from /opt/airflow/dags/dag_airflow.py
[2025-02-20T23:51:25.311+0000] {logging_mixin.py:190} INFO - [2025-02-20T23:51:25.304+0000] {dagbag.py:387} ERROR - Failed to import: /opt/airflow/dags/dag_airflow.py
Traceback (most recent call last):
  File "/home/airflow/.local/lib/python3.12/site-packages/airflow/models/dagbag.py", line 383, in parse
    loader.exec_module(new_module)
  File "<frozen importlib._bootstrap_external>", line 999, in exec_module
  File "<frozen importlib._bootstrap>", line 488, in _call_with_frames_removed
  File "/opt/airflow/dags/dag_airflow.py", line 4, in <module>
    from airflow.providers.postgres.operators.postgres import PostgresOperator
ModuleNotFoundError: No module named 'airflow.providers.postgres.operators'
[2025-02-20T23:51:25.314+0000] {processor.py:927} WARNING - No viable dags retrieved from /opt/airflow/dags/dag_airflow.py
[2025-02-20T23:51:25.353+0000] {processor.py:208} INFO - Processing /opt/airflow/dags/dag_airflow.py took 0.084 seconds
[2025-02-20T23:51:55.547+0000] {processor.py:186} INFO - Started process (PID=247) to work on /opt/airflow/dags/dag_airflow.py
[2025-02-20T23:51:55.548+0000] {processor.py:914} INFO - Processing file /opt/airflow/dags/dag_airflow.py for tasks to queue
[2025-02-20T23:51:55.552+0000] {logging_mixin.py:190} INFO - [2025-02-20T23:51:55.551+0000] {dagbag.py:588} INFO - Filling up the DagBag from /opt/airflow/dags/dag_airflow.py
[2025-02-20T23:51:55.577+0000] {logging_mixin.py:190} INFO - [2025-02-20T23:51:55.572+0000] {dagbag.py:387} ERROR - Failed to import: /opt/airflow/dags/dag_airflow.py
Traceback (most recent call last):
  File "/home/airflow/.local/lib/python3.12/site-packages/airflow/models/dagbag.py", line 383, in parse
    loader.exec_module(new_module)
  File "<frozen importlib._bootstrap_external>", line 999, in exec_module
  File "<frozen importlib._bootstrap>", line 488, in _call_with_frames_removed
  File "/opt/airflow/dags/dag_airflow.py", line 4, in <module>
    from airflow.providers.postgres.operators.postgres import PostgresOperator
ModuleNotFoundError: No module named 'airflow.providers.postgres.operators'
[2025-02-20T23:51:55.578+0000] {processor.py:927} WARNING - No viable dags retrieved from /opt/airflow/dags/dag_airflow.py
[2025-02-20T23:51:55.605+0000] {processor.py:208} INFO - Processing /opt/airflow/dags/dag_airflow.py took 0.066 seconds
[2025-02-20T23:52:25.803+0000] {processor.py:186} INFO - Started process (PID=252) to work on /opt/airflow/dags/dag_airflow.py
[2025-02-20T23:52:25.804+0000] {processor.py:914} INFO - Processing file /opt/airflow/dags/dag_airflow.py for tasks to queue
[2025-02-20T23:52:25.809+0000] {logging_mixin.py:190} INFO - [2025-02-20T23:52:25.809+0000] {dagbag.py:588} INFO - Filling up the DagBag from /opt/airflow/dags/dag_airflow.py
[2025-02-20T23:52:25.833+0000] {logging_mixin.py:190} INFO - [2025-02-20T23:52:25.828+0000] {dagbag.py:387} ERROR - Failed to import: /opt/airflow/dags/dag_airflow.py
Traceback (most recent call last):
  File "/home/airflow/.local/lib/python3.12/site-packages/airflow/models/dagbag.py", line 383, in parse
    loader.exec_module(new_module)
  File "<frozen importlib._bootstrap_external>", line 999, in exec_module
  File "<frozen importlib._bootstrap>", line 488, in _call_with_frames_removed
  File "/opt/airflow/dags/dag_airflow.py", line 4, in <module>
    from airflow.providers.postgres.operators.postgres import PostgresOperator
ModuleNotFoundError: No module named 'airflow.providers.postgres.operators'
[2025-02-20T23:52:25.835+0000] {processor.py:927} WARNING - No viable dags retrieved from /opt/airflow/dags/dag_airflow.py
[2025-02-20T23:52:25.869+0000] {processor.py:208} INFO - Processing /opt/airflow/dags/dag_airflow.py took 0.084 seconds
[2025-02-20T23:52:56.188+0000] {processor.py:186} INFO - Started process (PID=257) to work on /opt/airflow/dags/dag_airflow.py
[2025-02-20T23:52:56.189+0000] {processor.py:914} INFO - Processing file /opt/airflow/dags/dag_airflow.py for tasks to queue
[2025-02-20T23:52:56.192+0000] {logging_mixin.py:190} INFO - [2025-02-20T23:52:56.192+0000] {dagbag.py:588} INFO - Filling up the DagBag from /opt/airflow/dags/dag_airflow.py
[2025-02-20T23:52:56.211+0000] {logging_mixin.py:190} INFO - [2025-02-20T23:52:56.207+0000] {dagbag.py:387} ERROR - Failed to import: /opt/airflow/dags/dag_airflow.py
Traceback (most recent call last):
  File "/home/airflow/.local/lib/python3.12/site-packages/airflow/models/dagbag.py", line 383, in parse
    loader.exec_module(new_module)
  File "<frozen importlib._bootstrap_external>", line 999, in exec_module
  File "<frozen importlib._bootstrap>", line 488, in _call_with_frames_removed
  File "/opt/airflow/dags/dag_airflow.py", line 4, in <module>
    from airflow.providers.postgres.operators.postgres import PostgresOperator
ModuleNotFoundError: No module named 'airflow.providers.postgres.operators'
[2025-02-20T23:52:56.212+0000] {processor.py:927} WARNING - No viable dags retrieved from /opt/airflow/dags/dag_airflow.py
[2025-02-20T23:52:56.239+0000] {processor.py:208} INFO - Processing /opt/airflow/dags/dag_airflow.py took 0.062 seconds
[2025-02-20T23:53:12.443+0000] {processor.py:186} INFO - Started process (PID=262) to work on /opt/airflow/dags/dag_airflow.py
[2025-02-20T23:53:12.444+0000] {processor.py:914} INFO - Processing file /opt/airflow/dags/dag_airflow.py for tasks to queue
[2025-02-20T23:53:12.447+0000] {logging_mixin.py:190} INFO - [2025-02-20T23:53:12.446+0000] {dagbag.py:588} INFO - Filling up the DagBag from /opt/airflow/dags/dag_airflow.py
[2025-02-20T23:53:12.491+0000] {logging_mixin.py:190} INFO - [2025-02-20T23:53:12.484+0000] {dagbag.py:387} ERROR - Failed to import: /opt/airflow/dags/dag_airflow.py
Traceback (most recent call last):
  File "/home/airflow/.local/lib/python3.12/site-packages/airflow/models/dagbag.py", line 383, in parse
    loader.exec_module(new_module)
  File "<frozen importlib._bootstrap_external>", line 999, in exec_module
  File "<frozen importlib._bootstrap>", line 488, in _call_with_frames_removed
  File "/opt/airflow/dags/dag_airflow.py", line 4, in <module>
    from airflow.providers.postgres.operators.postgres import PostgresOperator
ModuleNotFoundError: No module named 'airflow.providers.postgres.operators'
[2025-02-20T23:53:12.495+0000] {processor.py:927} WARNING - No viable dags retrieved from /opt/airflow/dags/dag_airflow.py
[2025-02-20T23:53:12.529+0000] {processor.py:208} INFO - Processing /opt/airflow/dags/dag_airflow.py took 0.093 seconds
[2025-02-20T23:53:26.802+0000] {processor.py:186} INFO - Started process (PID=267) to work on /opt/airflow/dags/dag_airflow.py
[2025-02-20T23:53:26.804+0000] {processor.py:914} INFO - Processing file /opt/airflow/dags/dag_airflow.py for tasks to queue
[2025-02-20T23:53:26.807+0000] {logging_mixin.py:190} INFO - [2025-02-20T23:53:26.806+0000] {dagbag.py:588} INFO - Filling up the DagBag from /opt/airflow/dags/dag_airflow.py
[2025-02-20T23:53:26.834+0000] {logging_mixin.py:190} INFO - [2025-02-20T23:53:26.830+0000] {dagbag.py:387} ERROR - Failed to import: /opt/airflow/dags/dag_airflow.py
Traceback (most recent call last):
  File "/home/airflow/.local/lib/python3.12/site-packages/airflow/models/dagbag.py", line 383, in parse
    loader.exec_module(new_module)
  File "<frozen importlib._bootstrap_external>", line 999, in exec_module
  File "<frozen importlib._bootstrap>", line 488, in _call_with_frames_removed
  File "/opt/airflow/dags/dag_airflow.py", line 4, in <module>
    from airflow.providers.postgres.operators.postgres import PostgresOperator
ModuleNotFoundError: No module named 'airflow.providers.postgres.operators'
[2025-02-20T23:53:26.836+0000] {processor.py:927} WARNING - No viable dags retrieved from /opt/airflow/dags/dag_airflow.py
[2025-02-20T23:53:26.861+0000] {processor.py:208} INFO - Processing /opt/airflow/dags/dag_airflow.py took 0.066 seconds
[2025-02-20T23:53:29.810+0000] {processor.py:186} INFO - Started process (PID=272) to work on /opt/airflow/dags/dag_airflow.py
[2025-02-20T23:53:29.812+0000] {processor.py:914} INFO - Processing file /opt/airflow/dags/dag_airflow.py for tasks to queue
[2025-02-20T23:53:29.815+0000] {logging_mixin.py:190} INFO - [2025-02-20T23:53:29.815+0000] {dagbag.py:588} INFO - Filling up the DagBag from /opt/airflow/dags/dag_airflow.py
[2025-02-20T23:53:29.844+0000] {logging_mixin.py:190} INFO - [2025-02-20T23:53:29.842+0000] {dagbag.py:387} ERROR - Failed to import: /opt/airflow/dags/dag_airflow.py
Traceback (most recent call last):
  File "/home/airflow/.local/lib/python3.12/site-packages/airflow/models/dagbag.py", line 383, in parse
    loader.exec_module(new_module)
  File "<frozen importlib._bootstrap_external>", line 995, in exec_module
  File "<frozen importlib._bootstrap_external>", line 1133, in get_code
  File "<frozen importlib._bootstrap_external>", line 1063, in source_to_code
  File "<frozen importlib._bootstrap>", line 488, in _call_with_frames_removed
  File "/opt/airflow/dags/dag_airflow.py", line 6
    from a
          ^
SyntaxError: invalid syntax
[2025-02-20T23:53:29.845+0000] {processor.py:927} WARNING - No viable dags retrieved from /opt/airflow/dags/dag_airflow.py
[2025-02-20T23:53:29.881+0000] {processor.py:208} INFO - Processing /opt/airflow/dags/dag_airflow.py took 0.078 seconds
[2025-02-20T23:53:31.881+0000] {processor.py:186} INFO - Started process (PID=277) to work on /opt/airflow/dags/dag_airflow.py
[2025-02-20T23:53:31.883+0000] {processor.py:914} INFO - Processing file /opt/airflow/dags/dag_airflow.py for tasks to queue
[2025-02-20T23:53:31.886+0000] {logging_mixin.py:190} INFO - [2025-02-20T23:53:31.885+0000] {dagbag.py:588} INFO - Filling up the DagBag from /opt/airflow/dags/dag_airflow.py
[2025-02-20T23:53:31.907+0000] {logging_mixin.py:190} INFO - [2025-02-20T23:53:31.905+0000] {dagbag.py:387} ERROR - Failed to import: /opt/airflow/dags/dag_airflow.py
Traceback (most recent call last):
  File "/home/airflow/.local/lib/python3.12/site-packages/airflow/models/dagbag.py", line 383, in parse
    loader.exec_module(new_module)
  File "<frozen importlib._bootstrap_external>", line 995, in exec_module
  File "<frozen importlib._bootstrap_external>", line 1133, in get_code
  File "<frozen importlib._bootstrap_external>", line 1063, in source_to_code
  File "<frozen importlib._bootstrap>", line 488, in _call_with_frames_removed
  File "/opt/airflow/dags/dag_airflow.py", line 6
    from airflow
                ^
SyntaxError: invalid syntax
[2025-02-20T23:53:31.908+0000] {processor.py:927} WARNING - No viable dags retrieved from /opt/airflow/dags/dag_airflow.py
[2025-02-20T23:53:31.962+0000] {processor.py:208} INFO - Processing /opt/airflow/dags/dag_airflow.py took 0.087 seconds
[2025-02-20T23:53:33.992+0000] {processor.py:186} INFO - Started process (PID=282) to work on /opt/airflow/dags/dag_airflow.py
[2025-02-20T23:53:33.994+0000] {processor.py:914} INFO - Processing file /opt/airflow/dags/dag_airflow.py for tasks to queue
[2025-02-20T23:53:33.997+0000] {logging_mixin.py:190} INFO - [2025-02-20T23:53:33.996+0000] {dagbag.py:588} INFO - Filling up the DagBag from /opt/airflow/dags/dag_airflow.py
[2025-02-20T23:53:34.017+0000] {logging_mixin.py:190} INFO - [2025-02-20T23:53:34.016+0000] {dagbag.py:387} ERROR - Failed to import: /opt/airflow/dags/dag_airflow.py
Traceback (most recent call last):
  File "/home/airflow/.local/lib/python3.12/site-packages/airflow/models/dagbag.py", line 383, in parse
    loader.exec_module(new_module)
  File "<frozen importlib._bootstrap_external>", line 995, in exec_module
  File "<frozen importlib._bootstrap_external>", line 1133, in get_code
  File "<frozen importlib._bootstrap_external>", line 1063, in source_to_code
  File "<frozen importlib._bootstrap>", line 488, in _call_with_frames_removed
  File "/opt/airflow/dags/dag_airflow.py", line 6
    from airflow.
                 ^
SyntaxError: invalid syntax
[2025-02-20T23:53:34.018+0000] {processor.py:927} WARNING - No viable dags retrieved from /opt/airflow/dags/dag_airflow.py
[2025-02-20T23:53:34.044+0000] {processor.py:208} INFO - Processing /opt/airflow/dags/dag_airflow.py took 0.058 seconds
[2025-02-20T23:53:38.158+0000] {processor.py:186} INFO - Started process (PID=287) to work on /opt/airflow/dags/dag_airflow.py
[2025-02-20T23:53:38.159+0000] {processor.py:914} INFO - Processing file /opt/airflow/dags/dag_airflow.py for tasks to queue
[2025-02-20T23:53:38.162+0000] {logging_mixin.py:190} INFO - [2025-02-20T23:53:38.162+0000] {dagbag.py:588} INFO - Filling up the DagBag from /opt/airflow/dags/dag_airflow.py
[2025-02-20T23:53:38.188+0000] {logging_mixin.py:190} INFO - [2025-02-20T23:53:38.186+0000] {dagbag.py:387} ERROR - Failed to import: /opt/airflow/dags/dag_airflow.py
Traceback (most recent call last):
  File "/home/airflow/.local/lib/python3.12/site-packages/airflow/models/dagbag.py", line 383, in parse
    loader.exec_module(new_module)
  File "<frozen importlib._bootstrap_external>", line 995, in exec_module
  File "<frozen importlib._bootstrap_external>", line 1133, in get_code
  File "<frozen importlib._bootstrap_external>", line 1063, in source_to_code
  File "<frozen importlib._bootstrap>", line 488, in _call_with_frames_removed
  File "/opt/airflow/dags/dag_airflow.py", line 6
    from airflow.operators
                          ^
SyntaxError: invalid syntax
[2025-02-20T23:53:38.189+0000] {processor.py:927} WARNING - No viable dags retrieved from /opt/airflow/dags/dag_airflow.py
[2025-02-20T23:53:38.223+0000] {processor.py:208} INFO - Processing /opt/airflow/dags/dag_airflow.py took 0.072 seconds
[2025-02-20T23:53:43.297+0000] {processor.py:186} INFO - Started process (PID=292) to work on /opt/airflow/dags/dag_airflow.py
[2025-02-20T23:53:43.298+0000] {processor.py:914} INFO - Processing file /opt/airflow/dags/dag_airflow.py for tasks to queue
[2025-02-20T23:53:43.300+0000] {logging_mixin.py:190} INFO - [2025-02-20T23:53:43.300+0000] {dagbag.py:588} INFO - Filling up the DagBag from /opt/airflow/dags/dag_airflow.py
[2025-02-20T23:53:43.317+0000] {logging_mixin.py:190} INFO - [2025-02-20T23:53:43.316+0000] {dagbag.py:387} ERROR - Failed to import: /opt/airflow/dags/dag_airflow.py
Traceback (most recent call last):
  File "/home/airflow/.local/lib/python3.12/site-packages/airflow/models/dagbag.py", line 383, in parse
    loader.exec_module(new_module)
  File "<frozen importlib._bootstrap_external>", line 995, in exec_module
  File "<frozen importlib._bootstrap_external>", line 1133, in get_code
  File "<frozen importlib._bootstrap_external>", line 1063, in source_to_code
  File "<frozen importlib._bootstrap>", line 488, in _call_with_frames_removed
  File "/opt/airflow/dags/dag_airflow.py", line 6
    from airflow.operators 
                           ^
SyntaxError: invalid syntax
[2025-02-20T23:53:43.318+0000] {processor.py:927} WARNING - No viable dags retrieved from /opt/airflow/dags/dag_airflow.py
[2025-02-20T23:53:43.405+0000] {processor.py:208} INFO - Processing /opt/airflow/dags/dag_airflow.py took 0.115 seconds
[2025-02-20T23:53:46.403+0000] {processor.py:186} INFO - Started process (PID=297) to work on /opt/airflow/dags/dag_airflow.py
[2025-02-20T23:53:46.413+0000] {processor.py:914} INFO - Processing file /opt/airflow/dags/dag_airflow.py for tasks to queue
[2025-02-20T23:53:46.525+0000] {logging_mixin.py:190} INFO - [2025-02-20T23:53:46.504+0000] {dagbag.py:588} INFO - Filling up the DagBag from /opt/airflow/dags/dag_airflow.py
[2025-02-20T23:53:46.599+0000] {logging_mixin.py:190} INFO - [2025-02-20T23:53:46.587+0000] {dagbag.py:387} ERROR - Failed to import: /opt/airflow/dags/dag_airflow.py
Traceback (most recent call last):
  File "/home/airflow/.local/lib/python3.12/site-packages/airflow/models/dagbag.py", line 383, in parse
    loader.exec_module(new_module)
  File "<frozen importlib._bootstrap_external>", line 995, in exec_module
  File "<frozen importlib._bootstrap_external>", line 1133, in get_code
  File "<frozen importlib._bootstrap_external>", line 1063, in source_to_code
  File "<frozen importlib._bootstrap>", line 488, in _call_with_frames_removed
  File "/opt/airflow/dags/dag_airflow.py", line 6
    from airflow.operators import 
                                  ^
SyntaxError: invalid syntax
[2025-02-20T23:53:46.601+0000] {processor.py:927} WARNING - No viable dags retrieved from /opt/airflow/dags/dag_airflow.py
[2025-02-20T23:53:46.758+0000] {processor.py:208} INFO - Processing /opt/airflow/dags/dag_airflow.py took 0.391 seconds
[2025-02-20T23:53:48.619+0000] {processor.py:186} INFO - Started process (PID=302) to work on /opt/airflow/dags/dag_airflow.py
[2025-02-20T23:53:48.623+0000] {processor.py:914} INFO - Processing file /opt/airflow/dags/dag_airflow.py for tasks to queue
[2025-02-20T23:53:48.626+0000] {logging_mixin.py:190} INFO - [2025-02-20T23:53:48.626+0000] {dagbag.py:588} INFO - Filling up the DagBag from /opt/airflow/dags/dag_airflow.py
[2025-02-20T23:53:48.655+0000] {logging_mixin.py:190} INFO - [2025-02-20T23:53:48.650+0000] {dagbag.py:387} ERROR - Failed to import: /opt/airflow/dags/dag_airflow.py
Traceback (most recent call last):
  File "/home/airflow/.local/lib/python3.12/site-packages/airflow/models/dagbag.py", line 383, in parse
    loader.exec_module(new_module)
  File "<frozen importlib._bootstrap_external>", line 999, in exec_module
  File "<frozen importlib._bootstrap>", line 488, in _call_with_frames_removed
  File "/opt/airflow/dags/dag_airflow.py", line 4, in <module>
    from airflow.providers.postgres.operators.postgres import PostgresOperator
ModuleNotFoundError: No module named 'airflow.providers.postgres.operators'
[2025-02-20T23:53:48.656+0000] {processor.py:927} WARNING - No viable dags retrieved from /opt/airflow/dags/dag_airflow.py
[2025-02-20T23:53:48.686+0000] {processor.py:208} INFO - Processing /opt/airflow/dags/dag_airflow.py took 0.120 seconds
[2025-02-20T23:53:52.621+0000] {processor.py:186} INFO - Started process (PID=307) to work on /opt/airflow/dags/dag_airflow.py
[2025-02-20T23:53:52.623+0000] {processor.py:914} INFO - Processing file /opt/airflow/dags/dag_airflow.py for tasks to queue
[2025-02-20T23:53:52.626+0000] {logging_mixin.py:190} INFO - [2025-02-20T23:53:52.625+0000] {dagbag.py:588} INFO - Filling up the DagBag from /opt/airflow/dags/dag_airflow.py
[2025-02-20T23:53:52.654+0000] {logging_mixin.py:190} INFO - [2025-02-20T23:53:52.652+0000] {dagbag.py:387} ERROR - Failed to import: /opt/airflow/dags/dag_airflow.py
Traceback (most recent call last):
  File "/home/airflow/.local/lib/python3.12/site-packages/airflow/models/dagbag.py", line 383, in parse
    loader.exec_module(new_module)
  File "<frozen importlib._bootstrap_external>", line 995, in exec_module
  File "<frozen importlib._bootstrap_external>", line 1133, in get_code
  File "<frozen importlib._bootstrap_external>", line 1063, in source_to_code
  File "<frozen importlib._bootstrap>", line 488, in _call_with_frames_removed
  File "/opt/airflow/dags/dag_airflow.py", line 6
    from airflow.operators 
                           ^
SyntaxError: invalid syntax
[2025-02-20T23:53:52.655+0000] {processor.py:927} WARNING - No viable dags retrieved from /opt/airflow/dags/dag_airflow.py
[2025-02-20T23:53:52.692+0000] {processor.py:208} INFO - Processing /opt/airflow/dags/dag_airflow.py took 0.077 seconds
[2025-02-20T23:53:54.708+0000] {processor.py:186} INFO - Started process (PID=312) to work on /opt/airflow/dags/dag_airflow.py
[2025-02-20T23:53:54.710+0000] {processor.py:914} INFO - Processing file /opt/airflow/dags/dag_airflow.py for tasks to queue
[2025-02-20T23:53:54.713+0000] {logging_mixin.py:190} INFO - [2025-02-20T23:53:54.713+0000] {dagbag.py:588} INFO - Filling up the DagBag from /opt/airflow/dags/dag_airflow.py
[2025-02-20T23:53:54.739+0000] {logging_mixin.py:190} INFO - [2025-02-20T23:53:54.738+0000] {dagbag.py:387} ERROR - Failed to import: /opt/airflow/dags/dag_airflow.py
Traceback (most recent call last):
  File "/home/airflow/.local/lib/python3.12/site-packages/airflow/models/dagbag.py", line 383, in parse
    loader.exec_module(new_module)
  File "<frozen importlib._bootstrap_external>", line 995, in exec_module
  File "<frozen importlib._bootstrap_external>", line 1133, in get_code
  File "<frozen importlib._bootstrap_external>", line 1063, in source_to_code
  File "<frozen importlib._bootstrap>", line 488, in _call_with_frames_removed
  File "/opt/airflow/dags/dag_airflow.py", line 6
    from airflow.operat
                       ^
SyntaxError: invalid syntax
[2025-02-20T23:53:54.740+0000] {processor.py:927} WARNING - No viable dags retrieved from /opt/airflow/dags/dag_airflow.py
[2025-02-20T23:53:54.767+0000] {processor.py:208} INFO - Processing /opt/airflow/dags/dag_airflow.py took 0.068 seconds
[2025-02-20T23:53:56.834+0000] {processor.py:186} INFO - Started process (PID=317) to work on /opt/airflow/dags/dag_airflow.py
[2025-02-20T23:53:56.835+0000] {processor.py:914} INFO - Processing file /opt/airflow/dags/dag_airflow.py for tasks to queue
[2025-02-20T23:53:56.838+0000] {logging_mixin.py:190} INFO - [2025-02-20T23:53:56.837+0000] {dagbag.py:588} INFO - Filling up the DagBag from /opt/airflow/dags/dag_airflow.py
[2025-02-20T23:53:56.857+0000] {logging_mixin.py:190} INFO - [2025-02-20T23:53:56.856+0000] {dagbag.py:387} ERROR - Failed to import: /opt/airflow/dags/dag_airflow.py
Traceback (most recent call last):
  File "/home/airflow/.local/lib/python3.12/site-packages/airflow/models/dagbag.py", line 383, in parse
    loader.exec_module(new_module)
  File "<frozen importlib._bootstrap_external>", line 995, in exec_module
  File "<frozen importlib._bootstrap_external>", line 1133, in get_code
  File "<frozen importlib._bootstrap_external>", line 1063, in source_to_code
  File "<frozen importlib._bootstrap>", line 488, in _call_with_frames_removed
  File "/opt/airflow/dags/dag_airflow.py", line 6
    from airflow.operator_
                          ^
SyntaxError: invalid syntax
[2025-02-20T23:53:56.858+0000] {processor.py:927} WARNING - No viable dags retrieved from /opt/airflow/dags/dag_airflow.py
[2025-02-20T23:53:56.881+0000] {processor.py:208} INFO - Processing /opt/airflow/dags/dag_airflow.py took 0.053 seconds
[2025-02-20T23:54:00.815+0000] {processor.py:186} INFO - Started process (PID=322) to work on /opt/airflow/dags/dag_airflow.py
[2025-02-20T23:54:00.816+0000] {processor.py:914} INFO - Processing file /opt/airflow/dags/dag_airflow.py for tasks to queue
[2025-02-20T23:54:00.819+0000] {logging_mixin.py:190} INFO - [2025-02-20T23:54:00.819+0000] {dagbag.py:588} INFO - Filling up the DagBag from /opt/airflow/dags/dag_airflow.py
[2025-02-20T23:54:00.844+0000] {logging_mixin.py:190} INFO - [2025-02-20T23:54:00.843+0000] {dagbag.py:387} ERROR - Failed to import: /opt/airflow/dags/dag_airflow.py
Traceback (most recent call last):
  File "/home/airflow/.local/lib/python3.12/site-packages/airflow/models/dagbag.py", line 383, in parse
    loader.exec_module(new_module)
  File "<frozen importlib._bootstrap_external>", line 995, in exec_module
  File "<frozen importlib._bootstrap_external>", line 1133, in get_code
  File "<frozen importlib._bootstrap_external>", line 1063, in source_to_code
  File "<frozen importlib._bootstrap>", line 488, in _call_with_frames_removed
  File "/opt/airflow/dags/dag_airflow.py", line 6
    from airflow.operator_oper
                              ^
SyntaxError: invalid syntax
[2025-02-20T23:54:00.844+0000] {processor.py:927} WARNING - No viable dags retrieved from /opt/airflow/dags/dag_airflow.py
[2025-02-20T23:54:00.868+0000] {processor.py:208} INFO - Processing /opt/airflow/dags/dag_airflow.py took 0.060 seconds
[2025-02-20T23:54:04.996+0000] {processor.py:186} INFO - Started process (PID=327) to work on /opt/airflow/dags/dag_airflow.py
[2025-02-20T23:54:04.998+0000] {processor.py:914} INFO - Processing file /opt/airflow/dags/dag_airflow.py for tasks to queue
[2025-02-20T23:54:05.002+0000] {logging_mixin.py:190} INFO - [2025-02-20T23:54:05.001+0000] {dagbag.py:588} INFO - Filling up the DagBag from /opt/airflow/dags/dag_airflow.py
[2025-02-20T23:54:05.024+0000] {logging_mixin.py:190} INFO - [2025-02-20T23:54:05.020+0000] {dagbag.py:387} ERROR - Failed to import: /opt/airflow/dags/dag_airflow.py
Traceback (most recent call last):
  File "/home/airflow/.local/lib/python3.12/site-packages/airflow/models/dagbag.py", line 383, in parse
    loader.exec_module(new_module)
  File "<frozen importlib._bootstrap_external>", line 999, in exec_module
  File "<frozen importlib._bootstrap>", line 488, in _call_with_frames_removed
  File "/opt/airflow/dags/dag_airflow.py", line 4, in <module>
    from airflow.providers.postgres.operators.postgres import PostgresOperator
ModuleNotFoundError: No module named 'airflow.providers.postgres.operators'
[2025-02-20T23:54:05.025+0000] {processor.py:927} WARNING - No viable dags retrieved from /opt/airflow/dags/dag_airflow.py
[2025-02-20T23:54:05.047+0000] {processor.py:208} INFO - Processing /opt/airflow/dags/dag_airflow.py took 0.058 seconds
[2025-02-20T23:54:06.030+0000] {processor.py:186} INFO - Started process (PID=332) to work on /opt/airflow/dags/dag_airflow.py
[2025-02-20T23:54:06.031+0000] {processor.py:914} INFO - Processing file /opt/airflow/dags/dag_airflow.py for tasks to queue
[2025-02-20T23:54:06.034+0000] {logging_mixin.py:190} INFO - [2025-02-20T23:54:06.034+0000] {dagbag.py:588} INFO - Filling up the DagBag from /opt/airflow/dags/dag_airflow.py
[2025-02-20T23:54:06.062+0000] {logging_mixin.py:190} INFO - [2025-02-20T23:54:06.059+0000] {dagbag.py:387} ERROR - Failed to import: /opt/airflow/dags/dag_airflow.py
Traceback (most recent call last):
  File "/home/airflow/.local/lib/python3.12/site-packages/airflow/models/dagbag.py", line 383, in parse
    loader.exec_module(new_module)
  File "<frozen importlib._bootstrap_external>", line 999, in exec_module
  File "<frozen importlib._bootstrap>", line 488, in _call_with_frames_removed
  File "/opt/airflow/dags/dag_airflow.py", line 4, in <module>
    from airflow.providers.postgres.operators.postgres import PostgresOperator
ModuleNotFoundError: No module named 'airflow.providers.postgres.operators'
[2025-02-20T23:54:06.064+0000] {processor.py:927} WARNING - No viable dags retrieved from /opt/airflow/dags/dag_airflow.py
[2025-02-20T23:54:06.092+0000] {processor.py:208} INFO - Processing /opt/airflow/dags/dag_airflow.py took 0.068 seconds
[2025-02-20T23:54:36.389+0000] {processor.py:186} INFO - Started process (PID=337) to work on /opt/airflow/dags/dag_airflow.py
[2025-02-20T23:54:36.391+0000] {processor.py:914} INFO - Processing file /opt/airflow/dags/dag_airflow.py for tasks to queue
[2025-02-20T23:54:36.393+0000] {logging_mixin.py:190} INFO - [2025-02-20T23:54:36.393+0000] {dagbag.py:588} INFO - Filling up the DagBag from /opt/airflow/dags/dag_airflow.py
[2025-02-20T23:54:36.412+0000] {logging_mixin.py:190} INFO - [2025-02-20T23:54:36.408+0000] {dagbag.py:387} ERROR - Failed to import: /opt/airflow/dags/dag_airflow.py
Traceback (most recent call last):
  File "/home/airflow/.local/lib/python3.12/site-packages/airflow/models/dagbag.py", line 383, in parse
    loader.exec_module(new_module)
  File "<frozen importlib._bootstrap_external>", line 999, in exec_module
  File "<frozen importlib._bootstrap>", line 488, in _call_with_frames_removed
  File "/opt/airflow/dags/dag_airflow.py", line 4, in <module>
    from airflow.providers.postgres.operators.postgres import PostgresOperator
ModuleNotFoundError: No module named 'airflow.providers.postgres.operators'
[2025-02-20T23:54:36.414+0000] {processor.py:927} WARNING - No viable dags retrieved from /opt/airflow/dags/dag_airflow.py
[2025-02-20T23:54:36.448+0000] {processor.py:208} INFO - Processing /opt/airflow/dags/dag_airflow.py took 0.066 seconds
[2025-02-20T23:55:06.662+0000] {processor.py:186} INFO - Started process (PID=342) to work on /opt/airflow/dags/dag_airflow.py
[2025-02-20T23:55:06.665+0000] {processor.py:914} INFO - Processing file /opt/airflow/dags/dag_airflow.py for tasks to queue
[2025-02-20T23:55:06.668+0000] {logging_mixin.py:190} INFO - [2025-02-20T23:55:06.668+0000] {dagbag.py:588} INFO - Filling up the DagBag from /opt/airflow/dags/dag_airflow.py
[2025-02-20T23:55:06.687+0000] {logging_mixin.py:190} INFO - [2025-02-20T23:55:06.682+0000] {dagbag.py:387} ERROR - Failed to import: /opt/airflow/dags/dag_airflow.py
Traceback (most recent call last):
  File "/home/airflow/.local/lib/python3.12/site-packages/airflow/models/dagbag.py", line 383, in parse
    loader.exec_module(new_module)
  File "<frozen importlib._bootstrap_external>", line 999, in exec_module
  File "<frozen importlib._bootstrap>", line 488, in _call_with_frames_removed
  File "/opt/airflow/dags/dag_airflow.py", line 4, in <module>
    from airflow.providers.postgres.operators.postgres import PostgresOperator
ModuleNotFoundError: No module named 'airflow.providers.postgres.operators'
[2025-02-20T23:55:06.688+0000] {processor.py:927} WARNING - No viable dags retrieved from /opt/airflow/dags/dag_airflow.py
[2025-02-20T23:55:06.915+0000] {processor.py:208} INFO - Processing /opt/airflow/dags/dag_airflow.py took 0.261 seconds
[2025-02-20T23:55:37.103+0000] {processor.py:186} INFO - Started process (PID=347) to work on /opt/airflow/dags/dag_airflow.py
[2025-02-20T23:55:37.104+0000] {processor.py:914} INFO - Processing file /opt/airflow/dags/dag_airflow.py for tasks to queue
[2025-02-20T23:55:37.132+0000] {logging_mixin.py:190} INFO - [2025-02-20T23:55:37.131+0000] {dagbag.py:588} INFO - Filling up the DagBag from /opt/airflow/dags/dag_airflow.py
[2025-02-20T23:55:37.153+0000] {logging_mixin.py:190} INFO - [2025-02-20T23:55:37.148+0000] {dagbag.py:387} ERROR - Failed to import: /opt/airflow/dags/dag_airflow.py
Traceback (most recent call last):
  File "/home/airflow/.local/lib/python3.12/site-packages/airflow/models/dagbag.py", line 383, in parse
    loader.exec_module(new_module)
  File "<frozen importlib._bootstrap_external>", line 999, in exec_module
  File "<frozen importlib._bootstrap>", line 488, in _call_with_frames_removed
  File "/opt/airflow/dags/dag_airflow.py", line 4, in <module>
    from airflow.providers.postgres.operators.postgres import PostgresOperator
ModuleNotFoundError: No module named 'airflow.providers.postgres.operators'
[2025-02-20T23:55:37.156+0000] {processor.py:927} WARNING - No viable dags retrieved from /opt/airflow/dags/dag_airflow.py
[2025-02-20T23:55:37.188+0000] {processor.py:208} INFO - Processing /opt/airflow/dags/dag_airflow.py took 0.093 seconds
[2025-02-20T23:56:07.470+0000] {processor.py:186} INFO - Started process (PID=352) to work on /opt/airflow/dags/dag_airflow.py
[2025-02-20T23:56:07.471+0000] {processor.py:914} INFO - Processing file /opt/airflow/dags/dag_airflow.py for tasks to queue
[2025-02-20T23:56:07.474+0000] {logging_mixin.py:190} INFO - [2025-02-20T23:56:07.473+0000] {dagbag.py:588} INFO - Filling up the DagBag from /opt/airflow/dags/dag_airflow.py
[2025-02-20T23:56:07.498+0000] {logging_mixin.py:190} INFO - [2025-02-20T23:56:07.494+0000] {dagbag.py:387} ERROR - Failed to import: /opt/airflow/dags/dag_airflow.py
Traceback (most recent call last):
  File "/home/airflow/.local/lib/python3.12/site-packages/airflow/models/dagbag.py", line 383, in parse
    loader.exec_module(new_module)
  File "<frozen importlib._bootstrap_external>", line 999, in exec_module
  File "<frozen importlib._bootstrap>", line 488, in _call_with_frames_removed
  File "/opt/airflow/dags/dag_airflow.py", line 4, in <module>
    from airflow.providers.postgres.operators.postgres import PostgresOperator
ModuleNotFoundError: No module named 'airflow.providers.postgres.operators'
[2025-02-20T23:56:07.499+0000] {processor.py:927} WARNING - No viable dags retrieved from /opt/airflow/dags/dag_airflow.py
[2025-02-20T23:56:07.524+0000] {processor.py:208} INFO - Processing /opt/airflow/dags/dag_airflow.py took 0.061 seconds
[2025-02-20T23:56:37.676+0000] {processor.py:186} INFO - Started process (PID=357) to work on /opt/airflow/dags/dag_airflow.py
[2025-02-20T23:56:37.677+0000] {processor.py:914} INFO - Processing file /opt/airflow/dags/dag_airflow.py for tasks to queue
[2025-02-20T23:56:37.683+0000] {logging_mixin.py:190} INFO - [2025-02-20T23:56:37.683+0000] {dagbag.py:588} INFO - Filling up the DagBag from /opt/airflow/dags/dag_airflow.py
[2025-02-20T23:56:37.706+0000] {logging_mixin.py:190} INFO - [2025-02-20T23:56:37.699+0000] {dagbag.py:387} ERROR - Failed to import: /opt/airflow/dags/dag_airflow.py
Traceback (most recent call last):
  File "/home/airflow/.local/lib/python3.12/site-packages/airflow/models/dagbag.py", line 383, in parse
    loader.exec_module(new_module)
  File "<frozen importlib._bootstrap_external>", line 999, in exec_module
  File "<frozen importlib._bootstrap>", line 488, in _call_with_frames_removed
  File "/opt/airflow/dags/dag_airflow.py", line 4, in <module>
    from airflow.providers.postgres.operators.postgres import PostgresOperator
ModuleNotFoundError: No module named 'airflow.providers.postgres.operators'
[2025-02-20T23:56:37.708+0000] {processor.py:927} WARNING - No viable dags retrieved from /opt/airflow/dags/dag_airflow.py
[2025-02-20T23:56:37.738+0000] {processor.py:208} INFO - Processing /opt/airflow/dags/dag_airflow.py took 0.073 seconds
[2025-02-20T23:57:07.950+0000] {processor.py:186} INFO - Started process (PID=362) to work on /opt/airflow/dags/dag_airflow.py
[2025-02-20T23:57:07.951+0000] {processor.py:914} INFO - Processing file /opt/airflow/dags/dag_airflow.py for tasks to queue
[2025-02-20T23:57:07.955+0000] {logging_mixin.py:190} INFO - [2025-02-20T23:57:07.954+0000] {dagbag.py:588} INFO - Filling up the DagBag from /opt/airflow/dags/dag_airflow.py
[2025-02-20T23:57:07.973+0000] {logging_mixin.py:190} INFO - [2025-02-20T23:57:07.969+0000] {dagbag.py:387} ERROR - Failed to import: /opt/airflow/dags/dag_airflow.py
Traceback (most recent call last):
  File "/home/airflow/.local/lib/python3.12/site-packages/airflow/models/dagbag.py", line 383, in parse
    loader.exec_module(new_module)
  File "<frozen importlib._bootstrap_external>", line 999, in exec_module
  File "<frozen importlib._bootstrap>", line 488, in _call_with_frames_removed
  File "/opt/airflow/dags/dag_airflow.py", line 4, in <module>
    from airflow.providers.postgres.operators.postgres import PostgresOperator
ModuleNotFoundError: No module named 'airflow.providers.postgres.operators'
[2025-02-20T23:57:07.975+0000] {processor.py:927} WARNING - No viable dags retrieved from /opt/airflow/dags/dag_airflow.py
[2025-02-20T23:57:08.003+0000] {processor.py:208} INFO - Processing /opt/airflow/dags/dag_airflow.py took 0.060 seconds
[2025-02-20T23:57:38.255+0000] {processor.py:186} INFO - Started process (PID=367) to work on /opt/airflow/dags/dag_airflow.py
[2025-02-20T23:57:38.256+0000] {processor.py:914} INFO - Processing file /opt/airflow/dags/dag_airflow.py for tasks to queue
[2025-02-20T23:57:38.259+0000] {logging_mixin.py:190} INFO - [2025-02-20T23:57:38.259+0000] {dagbag.py:588} INFO - Filling up the DagBag from /opt/airflow/dags/dag_airflow.py
[2025-02-20T23:57:38.274+0000] {logging_mixin.py:190} INFO - [2025-02-20T23:57:38.271+0000] {dagbag.py:387} ERROR - Failed to import: /opt/airflow/dags/dag_airflow.py
Traceback (most recent call last):
  File "/home/airflow/.local/lib/python3.12/site-packages/airflow/models/dagbag.py", line 383, in parse
    loader.exec_module(new_module)
  File "<frozen importlib._bootstrap_external>", line 999, in exec_module
  File "<frozen importlib._bootstrap>", line 488, in _call_with_frames_removed
  File "/opt/airflow/dags/dag_airflow.py", line 4, in <module>
    from airflow.providers.postgres.operators.postgres import PostgresOperator
ModuleNotFoundError: No module named 'airflow.providers.postgres.operators'
[2025-02-20T23:57:38.276+0000] {processor.py:927} WARNING - No viable dags retrieved from /opt/airflow/dags/dag_airflow.py
[2025-02-20T23:57:38.324+0000] {processor.py:208} INFO - Processing /opt/airflow/dags/dag_airflow.py took 0.075 seconds
[2025-02-20T23:58:08.561+0000] {processor.py:186} INFO - Started process (PID=372) to work on /opt/airflow/dags/dag_airflow.py
[2025-02-20T23:58:08.562+0000] {processor.py:914} INFO - Processing file /opt/airflow/dags/dag_airflow.py for tasks to queue
[2025-02-20T23:58:08.566+0000] {logging_mixin.py:190} INFO - [2025-02-20T23:58:08.565+0000] {dagbag.py:588} INFO - Filling up the DagBag from /opt/airflow/dags/dag_airflow.py
[2025-02-20T23:58:08.591+0000] {logging_mixin.py:190} INFO - [2025-02-20T23:58:08.585+0000] {dagbag.py:387} ERROR - Failed to import: /opt/airflow/dags/dag_airflow.py
Traceback (most recent call last):
  File "/home/airflow/.local/lib/python3.12/site-packages/airflow/models/dagbag.py", line 383, in parse
    loader.exec_module(new_module)
  File "<frozen importlib._bootstrap_external>", line 999, in exec_module
  File "<frozen importlib._bootstrap>", line 488, in _call_with_frames_removed
  File "/opt/airflow/dags/dag_airflow.py", line 4, in <module>
    from airflow.providers.postgres.operators.postgres import PostgresOperator
ModuleNotFoundError: No module named 'airflow.providers.postgres.operators'
[2025-02-20T23:58:08.593+0000] {processor.py:927} WARNING - No viable dags retrieved from /opt/airflow/dags/dag_airflow.py
[2025-02-20T23:58:08.617+0000] {processor.py:208} INFO - Processing /opt/airflow/dags/dag_airflow.py took 0.062 seconds
[2025-02-20T23:58:38.924+0000] {processor.py:186} INFO - Started process (PID=377) to work on /opt/airflow/dags/dag_airflow.py
[2025-02-20T23:58:38.925+0000] {processor.py:914} INFO - Processing file /opt/airflow/dags/dag_airflow.py for tasks to queue
[2025-02-20T23:58:38.931+0000] {logging_mixin.py:190} INFO - [2025-02-20T23:58:38.930+0000] {dagbag.py:588} INFO - Filling up the DagBag from /opt/airflow/dags/dag_airflow.py
[2025-02-20T23:58:38.952+0000] {logging_mixin.py:190} INFO - [2025-02-20T23:58:38.947+0000] {dagbag.py:387} ERROR - Failed to import: /opt/airflow/dags/dag_airflow.py
Traceback (most recent call last):
  File "/home/airflow/.local/lib/python3.12/site-packages/airflow/models/dagbag.py", line 383, in parse
    loader.exec_module(new_module)
  File "<frozen importlib._bootstrap_external>", line 999, in exec_module
  File "<frozen importlib._bootstrap>", line 488, in _call_with_frames_removed
  File "/opt/airflow/dags/dag_airflow.py", line 4, in <module>
    from airflow.providers.postgres.operators.postgres import PostgresOperator
ModuleNotFoundError: No module named 'airflow.providers.postgres.operators'
[2025-02-20T23:58:38.953+0000] {processor.py:927} WARNING - No viable dags retrieved from /opt/airflow/dags/dag_airflow.py
[2025-02-20T23:58:38.982+0000] {processor.py:208} INFO - Processing /opt/airflow/dags/dag_airflow.py took 0.067 seconds
[2025-02-20T23:59:09.307+0000] {processor.py:186} INFO - Started process (PID=382) to work on /opt/airflow/dags/dag_airflow.py
[2025-02-20T23:59:09.344+0000] {processor.py:914} INFO - Processing file /opt/airflow/dags/dag_airflow.py for tasks to queue
[2025-02-20T23:59:09.383+0000] {logging_mixin.py:190} INFO - [2025-02-20T23:59:09.371+0000] {dagbag.py:588} INFO - Filling up the DagBag from /opt/airflow/dags/dag_airflow.py
[2025-02-20T23:59:09.463+0000] {logging_mixin.py:190} INFO - [2025-02-20T23:59:09.438+0000] {dagbag.py:387} ERROR - Failed to import: /opt/airflow/dags/dag_airflow.py
Traceback (most recent call last):
  File "/home/airflow/.local/lib/python3.12/site-packages/airflow/models/dagbag.py", line 383, in parse
    loader.exec_module(new_module)
  File "<frozen importlib._bootstrap_external>", line 999, in exec_module
  File "<frozen importlib._bootstrap>", line 488, in _call_with_frames_removed
  File "/opt/airflow/dags/dag_airflow.py", line 4, in <module>
    from airflow.providers.postgres.operators.postgres import PostgresOperator
ModuleNotFoundError: No module named 'airflow.providers.postgres.operators'
[2025-02-20T23:59:09.467+0000] {processor.py:927} WARNING - No viable dags retrieved from /opt/airflow/dags/dag_airflow.py
[2025-02-20T23:59:09.505+0000] {processor.py:208} INFO - Processing /opt/airflow/dags/dag_airflow.py took 0.241 seconds
[2025-02-20T23:59:39.602+0000] {processor.py:186} INFO - Started process (PID=387) to work on /opt/airflow/dags/dag_airflow.py
[2025-02-20T23:59:39.603+0000] {processor.py:914} INFO - Processing file /opt/airflow/dags/dag_airflow.py for tasks to queue
[2025-02-20T23:59:39.610+0000] {logging_mixin.py:190} INFO - [2025-02-20T23:59:39.609+0000] {dagbag.py:588} INFO - Filling up the DagBag from /opt/airflow/dags/dag_airflow.py
[2025-02-20T23:59:39.632+0000] {logging_mixin.py:190} INFO - [2025-02-20T23:59:39.626+0000] {dagbag.py:387} ERROR - Failed to import: /opt/airflow/dags/dag_airflow.py
Traceback (most recent call last):
  File "/home/airflow/.local/lib/python3.12/site-packages/airflow/models/dagbag.py", line 383, in parse
    loader.exec_module(new_module)
  File "<frozen importlib._bootstrap_external>", line 999, in exec_module
  File "<frozen importlib._bootstrap>", line 488, in _call_with_frames_removed
  File "/opt/airflow/dags/dag_airflow.py", line 4, in <module>
    from airflow.providers.postgres.operators.postgres import PostgresOperator
ModuleNotFoundError: No module named 'airflow.providers.postgres.operators'
[2025-02-20T23:59:39.636+0000] {processor.py:927} WARNING - No viable dags retrieved from /opt/airflow/dags/dag_airflow.py
[2025-02-20T23:59:39.682+0000] {processor.py:208} INFO - Processing /opt/airflow/dags/dag_airflow.py took 0.093 seconds
