[2025-02-21T00:00:09.863+0000] {processor.py:186} INFO - Started process (PID=392) to work on /opt/airflow/dags/dag_airflow.py
[2025-02-21T00:00:09.865+0000] {processor.py:914} INFO - Processing file /opt/airflow/dags/dag_airflow.py for tasks to queue
[2025-02-21T00:00:09.869+0000] {logging_mixin.py:190} INFO - [2025-02-21T00:00:09.868+0000] {dagbag.py:588} INFO - Filling up the DagBag from /opt/airflow/dags/dag_airflow.py
[2025-02-21T00:00:09.907+0000] {logging_mixin.py:190} INFO - [2025-02-21T00:00:09.901+0000] {dagbag.py:387} ERROR - Failed to import: /opt/airflow/dags/dag_airflow.py
Traceback (most recent call last):
  File "/home/airflow/.local/lib/python3.12/site-packages/airflow/models/dagbag.py", line 383, in parse
    loader.exec_module(new_module)
  File "<frozen importlib._bootstrap_external>", line 999, in exec_module
  File "<frozen importlib._bootstrap>", line 488, in _call_with_frames_removed
  File "/opt/airflow/dags/dag_airflow.py", line 4, in <module>
    from airflow.providers.postgres.operators.postgres import PostgresOperator
ModuleNotFoundError: No module named 'airflow.providers.postgres.operators'
[2025-02-21T00:00:09.912+0000] {processor.py:927} WARNING - No viable dags retrieved from /opt/airflow/dags/dag_airflow.py
[2025-02-21T00:00:09.955+0000] {processor.py:208} INFO - Processing /opt/airflow/dags/dag_airflow.py took 0.106 seconds
[2025-02-21T00:00:40.371+0000] {processor.py:186} INFO - Started process (PID=397) to work on /opt/airflow/dags/dag_airflow.py
[2025-02-21T00:00:40.391+0000] {processor.py:914} INFO - Processing file /opt/airflow/dags/dag_airflow.py for tasks to queue
[2025-02-21T00:00:40.473+0000] {logging_mixin.py:190} INFO - [2025-02-21T00:00:40.467+0000] {dagbag.py:588} INFO - Filling up the DagBag from /opt/airflow/dags/dag_airflow.py
[2025-02-21T00:00:40.586+0000] {logging_mixin.py:190} INFO - [2025-02-21T00:00:40.563+0000] {dagbag.py:387} ERROR - Failed to import: /opt/airflow/dags/dag_airflow.py
Traceback (most recent call last):
  File "/home/airflow/.local/lib/python3.12/site-packages/airflow/models/dagbag.py", line 383, in parse
    loader.exec_module(new_module)
  File "<frozen importlib._bootstrap_external>", line 999, in exec_module
  File "<frozen importlib._bootstrap>", line 488, in _call_with_frames_removed
  File "/opt/airflow/dags/dag_airflow.py", line 4, in <module>
    from airflow.providers.postgres.operators.postgres import PostgresOperator
ModuleNotFoundError: No module named 'airflow.providers.postgres.operators'
[2025-02-21T00:00:40.595+0000] {processor.py:927} WARNING - No viable dags retrieved from /opt/airflow/dags/dag_airflow.py
[2025-02-21T00:00:40.843+0000] {processor.py:208} INFO - Processing /opt/airflow/dags/dag_airflow.py took 0.563 seconds
[2025-02-21T00:01:11.154+0000] {processor.py:186} INFO - Started process (PID=402) to work on /opt/airflow/dags/dag_airflow.py
[2025-02-21T00:01:11.156+0000] {processor.py:914} INFO - Processing file /opt/airflow/dags/dag_airflow.py for tasks to queue
[2025-02-21T00:01:11.160+0000] {logging_mixin.py:190} INFO - [2025-02-21T00:01:11.160+0000] {dagbag.py:588} INFO - Filling up the DagBag from /opt/airflow/dags/dag_airflow.py
[2025-02-21T00:01:11.185+0000] {logging_mixin.py:190} INFO - [2025-02-21T00:01:11.178+0000] {dagbag.py:387} ERROR - Failed to import: /opt/airflow/dags/dag_airflow.py
Traceback (most recent call last):
  File "/home/airflow/.local/lib/python3.12/site-packages/airflow/models/dagbag.py", line 383, in parse
    loader.exec_module(new_module)
  File "<frozen importlib._bootstrap_external>", line 999, in exec_module
  File "<frozen importlib._bootstrap>", line 488, in _call_with_frames_removed
  File "/opt/airflow/dags/dag_airflow.py", line 4, in <module>
    from airflow.providers.postgres.operators.postgres import PostgresOperator
ModuleNotFoundError: No module named 'airflow.providers.postgres.operators'
[2025-02-21T00:01:11.187+0000] {processor.py:927} WARNING - No viable dags retrieved from /opt/airflow/dags/dag_airflow.py
[2025-02-21T00:01:11.223+0000] {processor.py:208} INFO - Processing /opt/airflow/dags/dag_airflow.py took 0.081 seconds
[2025-02-21T00:01:41.328+0000] {processor.py:186} INFO - Started process (PID=407) to work on /opt/airflow/dags/dag_airflow.py
[2025-02-21T00:01:41.329+0000] {processor.py:914} INFO - Processing file /opt/airflow/dags/dag_airflow.py for tasks to queue
[2025-02-21T00:01:41.333+0000] {logging_mixin.py:190} INFO - [2025-02-21T00:01:41.332+0000] {dagbag.py:588} INFO - Filling up the DagBag from /opt/airflow/dags/dag_airflow.py
[2025-02-21T00:01:41.353+0000] {logging_mixin.py:190} INFO - [2025-02-21T00:01:41.346+0000] {dagbag.py:387} ERROR - Failed to import: /opt/airflow/dags/dag_airflow.py
Traceback (most recent call last):
  File "/home/airflow/.local/lib/python3.12/site-packages/airflow/models/dagbag.py", line 383, in parse
    loader.exec_module(new_module)
  File "<frozen importlib._bootstrap_external>", line 999, in exec_module
  File "<frozen importlib._bootstrap>", line 488, in _call_with_frames_removed
  File "/opt/airflow/dags/dag_airflow.py", line 4, in <module>
    from airflow.providers.postgres.operators.postgres import PostgresOperator
ModuleNotFoundError: No module named 'airflow.providers.postgres.operators'
[2025-02-21T00:01:41.355+0000] {processor.py:927} WARNING - No viable dags retrieved from /opt/airflow/dags/dag_airflow.py
[2025-02-21T00:01:41.387+0000] {processor.py:208} INFO - Processing /opt/airflow/dags/dag_airflow.py took 0.067 seconds
[2025-02-21T00:02:11.701+0000] {processor.py:186} INFO - Started process (PID=412) to work on /opt/airflow/dags/dag_airflow.py
[2025-02-21T00:02:11.702+0000] {processor.py:914} INFO - Processing file /opt/airflow/dags/dag_airflow.py for tasks to queue
[2025-02-21T00:02:11.706+0000] {logging_mixin.py:190} INFO - [2025-02-21T00:02:11.705+0000] {dagbag.py:588} INFO - Filling up the DagBag from /opt/airflow/dags/dag_airflow.py
[2025-02-21T00:02:11.722+0000] {logging_mixin.py:190} INFO - [2025-02-21T00:02:11.718+0000] {dagbag.py:387} ERROR - Failed to import: /opt/airflow/dags/dag_airflow.py
Traceback (most recent call last):
  File "/home/airflow/.local/lib/python3.12/site-packages/airflow/models/dagbag.py", line 383, in parse
    loader.exec_module(new_module)
  File "<frozen importlib._bootstrap_external>", line 999, in exec_module
  File "<frozen importlib._bootstrap>", line 488, in _call_with_frames_removed
  File "/opt/airflow/dags/dag_airflow.py", line 4, in <module>
    from airflow.providers.postgres.operators.postgres import PostgresOperator
ModuleNotFoundError: No module named 'airflow.providers.postgres.operators'
[2025-02-21T00:02:11.724+0000] {processor.py:927} WARNING - No viable dags retrieved from /opt/airflow/dags/dag_airflow.py
[2025-02-21T00:02:11.748+0000] {processor.py:208} INFO - Processing /opt/airflow/dags/dag_airflow.py took 0.053 seconds
[2025-02-21T00:02:42.207+0000] {processor.py:186} INFO - Started process (PID=417) to work on /opt/airflow/dags/dag_airflow.py
[2025-02-21T00:02:42.208+0000] {processor.py:914} INFO - Processing file /opt/airflow/dags/dag_airflow.py for tasks to queue
[2025-02-21T00:02:42.212+0000] {logging_mixin.py:190} INFO - [2025-02-21T00:02:42.212+0000] {dagbag.py:588} INFO - Filling up the DagBag from /opt/airflow/dags/dag_airflow.py
[2025-02-21T00:02:42.232+0000] {logging_mixin.py:190} INFO - [2025-02-21T00:02:42.228+0000] {dagbag.py:387} ERROR - Failed to import: /opt/airflow/dags/dag_airflow.py
Traceback (most recent call last):
  File "/home/airflow/.local/lib/python3.12/site-packages/airflow/models/dagbag.py", line 383, in parse
    loader.exec_module(new_module)
  File "<frozen importlib._bootstrap_external>", line 999, in exec_module
  File "<frozen importlib._bootstrap>", line 488, in _call_with_frames_removed
  File "/opt/airflow/dags/dag_airflow.py", line 4, in <module>
    from airflow.providers.postgres.operators.postgres import PostgresOperator
ModuleNotFoundError: No module named 'airflow.providers.postgres.operators'
[2025-02-21T00:02:42.233+0000] {processor.py:927} WARNING - No viable dags retrieved from /opt/airflow/dags/dag_airflow.py
[2025-02-21T00:02:42.255+0000] {processor.py:208} INFO - Processing /opt/airflow/dags/dag_airflow.py took 0.064 seconds
[2025-02-21T00:03:12.603+0000] {processor.py:186} INFO - Started process (PID=422) to work on /opt/airflow/dags/dag_airflow.py
[2025-02-21T00:03:12.604+0000] {processor.py:914} INFO - Processing file /opt/airflow/dags/dag_airflow.py for tasks to queue
[2025-02-21T00:03:12.609+0000] {logging_mixin.py:190} INFO - [2025-02-21T00:03:12.609+0000] {dagbag.py:588} INFO - Filling up the DagBag from /opt/airflow/dags/dag_airflow.py
[2025-02-21T00:03:12.631+0000] {logging_mixin.py:190} INFO - [2025-02-21T00:03:12.627+0000] {dagbag.py:387} ERROR - Failed to import: /opt/airflow/dags/dag_airflow.py
Traceback (most recent call last):
  File "/home/airflow/.local/lib/python3.12/site-packages/airflow/models/dagbag.py", line 383, in parse
    loader.exec_module(new_module)
  File "<frozen importlib._bootstrap_external>", line 999, in exec_module
  File "<frozen importlib._bootstrap>", line 488, in _call_with_frames_removed
  File "/opt/airflow/dags/dag_airflow.py", line 4, in <module>
    from airflow.providers.postgres.operators.postgres import PostgresOperator
ModuleNotFoundError: No module named 'airflow.providers.postgres.operators'
[2025-02-21T00:03:12.632+0000] {processor.py:927} WARNING - No viable dags retrieved from /opt/airflow/dags/dag_airflow.py
[2025-02-21T00:03:12.655+0000] {processor.py:208} INFO - Processing /opt/airflow/dags/dag_airflow.py took 0.058 seconds
[2025-02-21T00:03:43.027+0000] {processor.py:186} INFO - Started process (PID=427) to work on /opt/airflow/dags/dag_airflow.py
[2025-02-21T00:03:43.028+0000] {processor.py:914} INFO - Processing file /opt/airflow/dags/dag_airflow.py for tasks to queue
[2025-02-21T00:03:43.031+0000] {logging_mixin.py:190} INFO - [2025-02-21T00:03:43.031+0000] {dagbag.py:588} INFO - Filling up the DagBag from /opt/airflow/dags/dag_airflow.py
[2025-02-21T00:03:43.053+0000] {logging_mixin.py:190} INFO - [2025-02-21T00:03:43.048+0000] {dagbag.py:387} ERROR - Failed to import: /opt/airflow/dags/dag_airflow.py
Traceback (most recent call last):
  File "/home/airflow/.local/lib/python3.12/site-packages/airflow/models/dagbag.py", line 383, in parse
    loader.exec_module(new_module)
  File "<frozen importlib._bootstrap_external>", line 999, in exec_module
  File "<frozen importlib._bootstrap>", line 488, in _call_with_frames_removed
  File "/opt/airflow/dags/dag_airflow.py", line 4, in <module>
    from airflow.providers.postgres.operators.postgres import PostgresOperator
ModuleNotFoundError: No module named 'airflow.providers.postgres.operators'
[2025-02-21T00:03:43.055+0000] {processor.py:927} WARNING - No viable dags retrieved from /opt/airflow/dags/dag_airflow.py
[2025-02-21T00:03:43.080+0000] {processor.py:208} INFO - Processing /opt/airflow/dags/dag_airflow.py took 0.060 seconds
[2025-02-21T00:04:13.286+0000] {processor.py:186} INFO - Started process (PID=432) to work on /opt/airflow/dags/dag_airflow.py
[2025-02-21T00:04:13.287+0000] {processor.py:914} INFO - Processing file /opt/airflow/dags/dag_airflow.py for tasks to queue
[2025-02-21T00:04:13.291+0000] {logging_mixin.py:190} INFO - [2025-02-21T00:04:13.291+0000] {dagbag.py:588} INFO - Filling up the DagBag from /opt/airflow/dags/dag_airflow.py
[2025-02-21T00:04:13.309+0000] {logging_mixin.py:190} INFO - [2025-02-21T00:04:13.304+0000] {dagbag.py:387} ERROR - Failed to import: /opt/airflow/dags/dag_airflow.py
Traceback (most recent call last):
  File "/home/airflow/.local/lib/python3.12/site-packages/airflow/models/dagbag.py", line 383, in parse
    loader.exec_module(new_module)
  File "<frozen importlib._bootstrap_external>", line 999, in exec_module
  File "<frozen importlib._bootstrap>", line 488, in _call_with_frames_removed
  File "/opt/airflow/dags/dag_airflow.py", line 4, in <module>
    from airflow.providers.postgres.operators.postgres import PostgresOperator
ModuleNotFoundError: No module named 'airflow.providers.postgres.operators'
[2025-02-21T00:04:13.310+0000] {processor.py:927} WARNING - No viable dags retrieved from /opt/airflow/dags/dag_airflow.py
[2025-02-21T00:04:13.335+0000] {processor.py:208} INFO - Processing /opt/airflow/dags/dag_airflow.py took 0.056 seconds
[2025-02-21T00:04:43.444+0000] {processor.py:186} INFO - Started process (PID=437) to work on /opt/airflow/dags/dag_airflow.py
[2025-02-21T00:04:43.445+0000] {processor.py:914} INFO - Processing file /opt/airflow/dags/dag_airflow.py for tasks to queue
[2025-02-21T00:04:43.451+0000] {logging_mixin.py:190} INFO - [2025-02-21T00:04:43.451+0000] {dagbag.py:588} INFO - Filling up the DagBag from /opt/airflow/dags/dag_airflow.py
[2025-02-21T00:04:43.482+0000] {logging_mixin.py:190} INFO - [2025-02-21T00:04:43.476+0000] {dagbag.py:387} ERROR - Failed to import: /opt/airflow/dags/dag_airflow.py
Traceback (most recent call last):
  File "/home/airflow/.local/lib/python3.12/site-packages/airflow/models/dagbag.py", line 383, in parse
    loader.exec_module(new_module)
  File "<frozen importlib._bootstrap_external>", line 999, in exec_module
  File "<frozen importlib._bootstrap>", line 488, in _call_with_frames_removed
  File "/opt/airflow/dags/dag_airflow.py", line 4, in <module>
    from airflow.providers.postgres.operators.postgres import PostgresOperator
ModuleNotFoundError: No module named 'airflow.providers.postgres.operators'
[2025-02-21T00:04:43.485+0000] {processor.py:927} WARNING - No viable dags retrieved from /opt/airflow/dags/dag_airflow.py
[2025-02-21T00:04:43.518+0000] {processor.py:208} INFO - Processing /opt/airflow/dags/dag_airflow.py took 0.091 seconds
[2025-02-21T00:05:13.669+0000] {processor.py:186} INFO - Started process (PID=442) to work on /opt/airflow/dags/dag_airflow.py
[2025-02-21T00:05:13.670+0000] {processor.py:914} INFO - Processing file /opt/airflow/dags/dag_airflow.py for tasks to queue
[2025-02-21T00:05:13.675+0000] {logging_mixin.py:190} INFO - [2025-02-21T00:05:13.674+0000] {dagbag.py:588} INFO - Filling up the DagBag from /opt/airflow/dags/dag_airflow.py
[2025-02-21T00:05:13.694+0000] {logging_mixin.py:190} INFO - [2025-02-21T00:05:13.689+0000] {dagbag.py:387} ERROR - Failed to import: /opt/airflow/dags/dag_airflow.py
Traceback (most recent call last):
  File "/home/airflow/.local/lib/python3.12/site-packages/airflow/models/dagbag.py", line 383, in parse
    loader.exec_module(new_module)
  File "<frozen importlib._bootstrap_external>", line 999, in exec_module
  File "<frozen importlib._bootstrap>", line 488, in _call_with_frames_removed
  File "/opt/airflow/dags/dag_airflow.py", line 4, in <module>
    from airflow.providers.postgres.operators.postgres import PostgresOperator
ModuleNotFoundError: No module named 'airflow.providers.postgres.operators'
[2025-02-21T00:05:13.696+0000] {processor.py:927} WARNING - No viable dags retrieved from /opt/airflow/dags/dag_airflow.py
[2025-02-21T00:05:13.730+0000] {processor.py:208} INFO - Processing /opt/airflow/dags/dag_airflow.py took 0.070 seconds
[2025-02-21T00:05:43.872+0000] {processor.py:186} INFO - Started process (PID=447) to work on /opt/airflow/dags/dag_airflow.py
[2025-02-21T00:05:43.873+0000] {processor.py:914} INFO - Processing file /opt/airflow/dags/dag_airflow.py for tasks to queue
[2025-02-21T00:05:43.877+0000] {logging_mixin.py:190} INFO - [2025-02-21T00:05:43.876+0000] {dagbag.py:588} INFO - Filling up the DagBag from /opt/airflow/dags/dag_airflow.py
[2025-02-21T00:05:43.894+0000] {logging_mixin.py:190} INFO - [2025-02-21T00:05:43.890+0000] {dagbag.py:387} ERROR - Failed to import: /opt/airflow/dags/dag_airflow.py
Traceback (most recent call last):
  File "/home/airflow/.local/lib/python3.12/site-packages/airflow/models/dagbag.py", line 383, in parse
    loader.exec_module(new_module)
  File "<frozen importlib._bootstrap_external>", line 999, in exec_module
  File "<frozen importlib._bootstrap>", line 488, in _call_with_frames_removed
  File "/opt/airflow/dags/dag_airflow.py", line 4, in <module>
    from airflow.providers.postgres.operators.postgres import PostgresOperator
ModuleNotFoundError: No module named 'airflow.providers.postgres.operators'
[2025-02-21T00:05:43.896+0000] {processor.py:927} WARNING - No viable dags retrieved from /opt/airflow/dags/dag_airflow.py
[2025-02-21T00:05:43.941+0000] {processor.py:208} INFO - Processing /opt/airflow/dags/dag_airflow.py took 0.075 seconds
[2025-02-21T00:06:14.177+0000] {processor.py:186} INFO - Started process (PID=452) to work on /opt/airflow/dags/dag_airflow.py
[2025-02-21T00:06:14.178+0000] {processor.py:914} INFO - Processing file /opt/airflow/dags/dag_airflow.py for tasks to queue
[2025-02-21T00:06:14.184+0000] {logging_mixin.py:190} INFO - [2025-02-21T00:06:14.184+0000] {dagbag.py:588} INFO - Filling up the DagBag from /opt/airflow/dags/dag_airflow.py
[2025-02-21T00:06:14.213+0000] {logging_mixin.py:190} INFO - [2025-02-21T00:06:14.209+0000] {dagbag.py:387} ERROR - Failed to import: /opt/airflow/dags/dag_airflow.py
Traceback (most recent call last):
  File "/home/airflow/.local/lib/python3.12/site-packages/airflow/models/dagbag.py", line 383, in parse
    loader.exec_module(new_module)
  File "<frozen importlib._bootstrap_external>", line 999, in exec_module
  File "<frozen importlib._bootstrap>", line 488, in _call_with_frames_removed
  File "/opt/airflow/dags/dag_airflow.py", line 4, in <module>
    from airflow.providers.postgres.operators.postgres import PostgresOperator
ModuleNotFoundError: No module named 'airflow.providers.postgres.operators'
[2025-02-21T00:06:14.214+0000] {processor.py:927} WARNING - No viable dags retrieved from /opt/airflow/dags/dag_airflow.py
[2025-02-21T00:06:14.557+0000] {processor.py:208} INFO - Processing /opt/airflow/dags/dag_airflow.py took 0.391 seconds
[2025-02-21T00:06:44.949+0000] {processor.py:186} INFO - Started process (PID=457) to work on /opt/airflow/dags/dag_airflow.py
[2025-02-21T00:06:44.950+0000] {processor.py:914} INFO - Processing file /opt/airflow/dags/dag_airflow.py for tasks to queue
[2025-02-21T00:06:44.953+0000] {logging_mixin.py:190} INFO - [2025-02-21T00:06:44.953+0000] {dagbag.py:588} INFO - Filling up the DagBag from /opt/airflow/dags/dag_airflow.py
[2025-02-21T00:06:44.980+0000] {logging_mixin.py:190} INFO - [2025-02-21T00:06:44.973+0000] {dagbag.py:387} ERROR - Failed to import: /opt/airflow/dags/dag_airflow.py
Traceback (most recent call last):
  File "/home/airflow/.local/lib/python3.12/site-packages/airflow/models/dagbag.py", line 383, in parse
    loader.exec_module(new_module)
  File "<frozen importlib._bootstrap_external>", line 999, in exec_module
  File "<frozen importlib._bootstrap>", line 488, in _call_with_frames_removed
  File "/opt/airflow/dags/dag_airflow.py", line 4, in <module>
    from airflow.providers.postgres.operators.postgres import PostgresOperator
ModuleNotFoundError: No module named 'airflow.providers.postgres.operators'
[2025-02-21T00:06:44.982+0000] {processor.py:927} WARNING - No viable dags retrieved from /opt/airflow/dags/dag_airflow.py
[2025-02-21T00:06:45.007+0000] {processor.py:208} INFO - Processing /opt/airflow/dags/dag_airflow.py took 0.067 seconds
[2025-02-21T00:07:15.324+0000] {processor.py:186} INFO - Started process (PID=462) to work on /opt/airflow/dags/dag_airflow.py
[2025-02-21T00:07:15.325+0000] {processor.py:914} INFO - Processing file /opt/airflow/dags/dag_airflow.py for tasks to queue
[2025-02-21T00:07:15.328+0000] {logging_mixin.py:190} INFO - [2025-02-21T00:07:15.328+0000] {dagbag.py:588} INFO - Filling up the DagBag from /opt/airflow/dags/dag_airflow.py
[2025-02-21T00:07:15.357+0000] {logging_mixin.py:190} INFO - [2025-02-21T00:07:15.351+0000] {dagbag.py:387} ERROR - Failed to import: /opt/airflow/dags/dag_airflow.py
Traceback (most recent call last):
  File "/home/airflow/.local/lib/python3.12/site-packages/airflow/models/dagbag.py", line 383, in parse
    loader.exec_module(new_module)
  File "<frozen importlib._bootstrap_external>", line 999, in exec_module
  File "<frozen importlib._bootstrap>", line 488, in _call_with_frames_removed
  File "/opt/airflow/dags/dag_airflow.py", line 4, in <module>
    from airflow.providers.postgres.operators.postgres import PostgresOperator
ModuleNotFoundError: No module named 'airflow.providers.postgres.operators'
[2025-02-21T00:07:15.360+0000] {processor.py:927} WARNING - No viable dags retrieved from /opt/airflow/dags/dag_airflow.py
[2025-02-21T00:07:15.383+0000] {processor.py:208} INFO - Processing /opt/airflow/dags/dag_airflow.py took 0.065 seconds
[2025-02-21T00:07:45.641+0000] {processor.py:186} INFO - Started process (PID=467) to work on /opt/airflow/dags/dag_airflow.py
[2025-02-21T00:07:45.642+0000] {processor.py:914} INFO - Processing file /opt/airflow/dags/dag_airflow.py for tasks to queue
[2025-02-21T00:07:45.646+0000] {logging_mixin.py:190} INFO - [2025-02-21T00:07:45.646+0000] {dagbag.py:588} INFO - Filling up the DagBag from /opt/airflow/dags/dag_airflow.py
[2025-02-21T00:07:45.665+0000] {logging_mixin.py:190} INFO - [2025-02-21T00:07:45.660+0000] {dagbag.py:387} ERROR - Failed to import: /opt/airflow/dags/dag_airflow.py
Traceback (most recent call last):
  File "/home/airflow/.local/lib/python3.12/site-packages/airflow/models/dagbag.py", line 383, in parse
    loader.exec_module(new_module)
  File "<frozen importlib._bootstrap_external>", line 999, in exec_module
  File "<frozen importlib._bootstrap>", line 488, in _call_with_frames_removed
  File "/opt/airflow/dags/dag_airflow.py", line 4, in <module>
    from airflow.providers.postgres.operators.postgres import PostgresOperator
ModuleNotFoundError: No module named 'airflow.providers.postgres.operators'
[2025-02-21T00:07:45.666+0000] {processor.py:927} WARNING - No viable dags retrieved from /opt/airflow/dags/dag_airflow.py
[2025-02-21T00:07:45.697+0000] {processor.py:208} INFO - Processing /opt/airflow/dags/dag_airflow.py took 0.066 seconds
[2025-02-21T00:08:16.082+0000] {processor.py:186} INFO - Started process (PID=472) to work on /opt/airflow/dags/dag_airflow.py
[2025-02-21T00:08:16.084+0000] {processor.py:914} INFO - Processing file /opt/airflow/dags/dag_airflow.py for tasks to queue
[2025-02-21T00:08:16.088+0000] {logging_mixin.py:190} INFO - [2025-02-21T00:08:16.088+0000] {dagbag.py:588} INFO - Filling up the DagBag from /opt/airflow/dags/dag_airflow.py
[2025-02-21T00:08:16.115+0000] {logging_mixin.py:190} INFO - [2025-02-21T00:08:16.108+0000] {dagbag.py:387} ERROR - Failed to import: /opt/airflow/dags/dag_airflow.py
Traceback (most recent call last):
  File "/home/airflow/.local/lib/python3.12/site-packages/airflow/models/dagbag.py", line 383, in parse
    loader.exec_module(new_module)
  File "<frozen importlib._bootstrap_external>", line 999, in exec_module
  File "<frozen importlib._bootstrap>", line 488, in _call_with_frames_removed
  File "/opt/airflow/dags/dag_airflow.py", line 4, in <module>
    from airflow.providers.postgres.operators.postgres import PostgresOperator
ModuleNotFoundError: No module named 'airflow.providers.postgres.operators'
[2025-02-21T00:08:16.117+0000] {processor.py:927} WARNING - No viable dags retrieved from /opt/airflow/dags/dag_airflow.py
[2025-02-21T00:08:16.150+0000] {processor.py:208} INFO - Processing /opt/airflow/dags/dag_airflow.py took 0.079 seconds
[2025-02-21T22:14:11.954+0000] {processor.py:157} INFO - Started process (PID=1464) to work on /opt/airflow/dags/dag_airflow.py
[2025-02-21T22:14:11.955+0000] {processor.py:829} INFO - Processing file /opt/airflow/dags/dag_airflow.py for tasks to queue
[2025-02-21T22:14:11.958+0000] {logging_mixin.py:151} INFO - [2025-02-21T22:14:11.957+0000] {dagbag.py:539} INFO - Filling up the DagBag from /opt/airflow/dags/dag_airflow.py
[2025-02-21T22:14:12.032+0000] {logging_mixin.py:151} INFO - [2025-02-21T22:14:12.020+0000] {dagbag.py:347} ERROR - Failed to import: /opt/airflow/dags/dag_airflow.py
Traceback (most recent call last):
  File "/home/airflow/.local/lib/python3.8/site-packages/airflow/models/dagbag.py", line 343, in parse
    loader.exec_module(new_module)
  File "<frozen importlib._bootstrap_external>", line 843, in exec_module
  File "<frozen importlib._bootstrap>", line 219, in _call_with_frames_removed
  File "/opt/airflow/dags/dag_airflow.py", line 81, in <module>
    create_kafka_topic >> check_kafka >> start_producer >> start_consumer >> verify_postgres
  File "/home/airflow/.local/lib/python3.8/site-packages/airflow/models/taskmixin.py", line 103, in __rshift__
    self.set_downstream(other)
  File "/home/airflow/.local/lib/python3.8/site-packages/airflow/models/taskmixin.py", line 261, in set_downstream
    self._set_relatives(task_or_task_list, upstream=False, edge_modifier=edge_modifier)
  File "/home/airflow/.local/lib/python3.8/site-packages/airflow/models/taskmixin.py", line 213, in _set_relatives
    task_object.update_relative(self, not upstream, edge_modifier=edge_modifier)
AttributeError: 'function' object has no attribute 'update_relative'
[2025-02-21T22:14:12.034+0000] {processor.py:841} WARNING - No viable dags retrieved from /opt/airflow/dags/dag_airflow.py
[2025-02-21T22:14:12.149+0000] {processor.py:179} INFO - Processing /opt/airflow/dags/dag_airflow.py took 0.200 seconds
[2025-02-21T22:14:42.379+0000] {processor.py:157} INFO - Started process (PID=1469) to work on /opt/airflow/dags/dag_airflow.py
[2025-02-21T22:14:42.382+0000] {processor.py:829} INFO - Processing file /opt/airflow/dags/dag_airflow.py for tasks to queue
[2025-02-21T22:14:42.384+0000] {logging_mixin.py:151} INFO - [2025-02-21T22:14:42.383+0000] {dagbag.py:539} INFO - Filling up the DagBag from /opt/airflow/dags/dag_airflow.py
[2025-02-21T22:14:42.433+0000] {logging_mixin.py:151} INFO - [2025-02-21T22:14:42.427+0000] {dagbag.py:347} ERROR - Failed to import: /opt/airflow/dags/dag_airflow.py
Traceback (most recent call last):
  File "/home/airflow/.local/lib/python3.8/site-packages/airflow/models/dagbag.py", line 343, in parse
    loader.exec_module(new_module)
  File "<frozen importlib._bootstrap_external>", line 843, in exec_module
  File "<frozen importlib._bootstrap>", line 219, in _call_with_frames_removed
  File "/opt/airflow/dags/dag_airflow.py", line 81, in <module>
    create_kafka_topic >> check_kafka >> start_producer >> start_consumer >> verify_postgres
  File "/home/airflow/.local/lib/python3.8/site-packages/airflow/models/taskmixin.py", line 103, in __rshift__
    self.set_downstream(other)
  File "/home/airflow/.local/lib/python3.8/site-packages/airflow/models/taskmixin.py", line 261, in set_downstream
    self._set_relatives(task_or_task_list, upstream=False, edge_modifier=edge_modifier)
  File "/home/airflow/.local/lib/python3.8/site-packages/airflow/models/taskmixin.py", line 213, in _set_relatives
    task_object.update_relative(self, not upstream, edge_modifier=edge_modifier)
AttributeError: 'function' object has no attribute 'update_relative'
[2025-02-21T22:14:42.434+0000] {processor.py:841} WARNING - No viable dags retrieved from /opt/airflow/dags/dag_airflow.py
[2025-02-21T22:14:42.487+0000] {processor.py:179} INFO - Processing /opt/airflow/dags/dag_airflow.py took 0.115 seconds
[2025-02-21T22:15:12.601+0000] {processor.py:157} INFO - Started process (PID=1474) to work on /opt/airflow/dags/dag_airflow.py
[2025-02-21T22:15:12.603+0000] {processor.py:829} INFO - Processing file /opt/airflow/dags/dag_airflow.py for tasks to queue
[2025-02-21T22:15:12.605+0000] {logging_mixin.py:151} INFO - [2025-02-21T22:15:12.604+0000] {dagbag.py:539} INFO - Filling up the DagBag from /opt/airflow/dags/dag_airflow.py
[2025-02-21T22:15:12.649+0000] {logging_mixin.py:151} INFO - [2025-02-21T22:15:12.636+0000] {dagbag.py:347} ERROR - Failed to import: /opt/airflow/dags/dag_airflow.py
Traceback (most recent call last):
  File "/home/airflow/.local/lib/python3.8/site-packages/airflow/models/dagbag.py", line 343, in parse
    loader.exec_module(new_module)
  File "<frozen importlib._bootstrap_external>", line 843, in exec_module
  File "<frozen importlib._bootstrap>", line 219, in _call_with_frames_removed
  File "/opt/airflow/dags/dag_airflow.py", line 81, in <module>
    create_kafka_topic >> check_kafka >> start_producer >> start_consumer >> verify_postgres
  File "/home/airflow/.local/lib/python3.8/site-packages/airflow/models/taskmixin.py", line 103, in __rshift__
    self.set_downstream(other)
  File "/home/airflow/.local/lib/python3.8/site-packages/airflow/models/taskmixin.py", line 261, in set_downstream
    self._set_relatives(task_or_task_list, upstream=False, edge_modifier=edge_modifier)
  File "/home/airflow/.local/lib/python3.8/site-packages/airflow/models/taskmixin.py", line 213, in _set_relatives
    task_object.update_relative(self, not upstream, edge_modifier=edge_modifier)
AttributeError: 'function' object has no attribute 'update_relative'
[2025-02-21T22:15:12.650+0000] {processor.py:841} WARNING - No viable dags retrieved from /opt/airflow/dags/dag_airflow.py
[2025-02-21T22:15:12.722+0000] {processor.py:179} INFO - Processing /opt/airflow/dags/dag_airflow.py took 0.128 seconds
[2025-02-21T22:15:42.819+0000] {processor.py:157} INFO - Started process (PID=1479) to work on /opt/airflow/dags/dag_airflow.py
[2025-02-21T22:15:42.821+0000] {processor.py:829} INFO - Processing file /opt/airflow/dags/dag_airflow.py for tasks to queue
[2025-02-21T22:15:42.823+0000] {logging_mixin.py:151} INFO - [2025-02-21T22:15:42.822+0000] {dagbag.py:539} INFO - Filling up the DagBag from /opt/airflow/dags/dag_airflow.py
[2025-02-21T22:15:42.876+0000] {logging_mixin.py:151} INFO - [2025-02-21T22:15:42.866+0000] {dagbag.py:347} ERROR - Failed to import: /opt/airflow/dags/dag_airflow.py
Traceback (most recent call last):
  File "/home/airflow/.local/lib/python3.8/site-packages/airflow/models/dagbag.py", line 343, in parse
    loader.exec_module(new_module)
  File "<frozen importlib._bootstrap_external>", line 843, in exec_module
  File "<frozen importlib._bootstrap>", line 219, in _call_with_frames_removed
  File "/opt/airflow/dags/dag_airflow.py", line 81, in <module>
    create_kafka_topic >> check_kafka >> start_producer >> start_consumer >> verify_postgres
  File "/home/airflow/.local/lib/python3.8/site-packages/airflow/models/taskmixin.py", line 103, in __rshift__
    self.set_downstream(other)
  File "/home/airflow/.local/lib/python3.8/site-packages/airflow/models/taskmixin.py", line 261, in set_downstream
    self._set_relatives(task_or_task_list, upstream=False, edge_modifier=edge_modifier)
  File "/home/airflow/.local/lib/python3.8/site-packages/airflow/models/taskmixin.py", line 213, in _set_relatives
    task_object.update_relative(self, not upstream, edge_modifier=edge_modifier)
AttributeError: 'function' object has no attribute 'update_relative'
[2025-02-21T22:15:42.877+0000] {processor.py:841} WARNING - No viable dags retrieved from /opt/airflow/dags/dag_airflow.py
[2025-02-21T22:15:42.921+0000] {processor.py:179} INFO - Processing /opt/airflow/dags/dag_airflow.py took 0.108 seconds
[2025-02-21T22:16:13.134+0000] {processor.py:157} INFO - Started process (PID=1484) to work on /opt/airflow/dags/dag_airflow.py
[2025-02-21T22:16:13.136+0000] {processor.py:829} INFO - Processing file /opt/airflow/dags/dag_airflow.py for tasks to queue
[2025-02-21T22:16:13.139+0000] {logging_mixin.py:151} INFO - [2025-02-21T22:16:13.139+0000] {dagbag.py:539} INFO - Filling up the DagBag from /opt/airflow/dags/dag_airflow.py
[2025-02-21T22:16:13.190+0000] {logging_mixin.py:151} INFO - [2025-02-21T22:16:13.182+0000] {dagbag.py:347} ERROR - Failed to import: /opt/airflow/dags/dag_airflow.py
Traceback (most recent call last):
  File "/home/airflow/.local/lib/python3.8/site-packages/airflow/models/dagbag.py", line 343, in parse
    loader.exec_module(new_module)
  File "<frozen importlib._bootstrap_external>", line 843, in exec_module
  File "<frozen importlib._bootstrap>", line 219, in _call_with_frames_removed
  File "/opt/airflow/dags/dag_airflow.py", line 81, in <module>
    create_kafka_topic >> check_kafka >> start_producer >> start_consumer >> verify_postgres
  File "/home/airflow/.local/lib/python3.8/site-packages/airflow/models/taskmixin.py", line 103, in __rshift__
    self.set_downstream(other)
  File "/home/airflow/.local/lib/python3.8/site-packages/airflow/models/taskmixin.py", line 261, in set_downstream
    self._set_relatives(task_or_task_list, upstream=False, edge_modifier=edge_modifier)
  File "/home/airflow/.local/lib/python3.8/site-packages/airflow/models/taskmixin.py", line 213, in _set_relatives
    task_object.update_relative(self, not upstream, edge_modifier=edge_modifier)
AttributeError: 'function' object has no attribute 'update_relative'
[2025-02-21T22:16:13.191+0000] {processor.py:841} WARNING - No viable dags retrieved from /opt/airflow/dags/dag_airflow.py
[2025-02-21T22:16:13.244+0000] {processor.py:179} INFO - Processing /opt/airflow/dags/dag_airflow.py took 0.115 seconds
[2025-02-21T22:16:43.409+0000] {processor.py:157} INFO - Started process (PID=1489) to work on /opt/airflow/dags/dag_airflow.py
[2025-02-21T22:16:43.410+0000] {processor.py:829} INFO - Processing file /opt/airflow/dags/dag_airflow.py for tasks to queue
[2025-02-21T22:16:43.412+0000] {logging_mixin.py:151} INFO - [2025-02-21T22:16:43.411+0000] {dagbag.py:539} INFO - Filling up the DagBag from /opt/airflow/dags/dag_airflow.py
[2025-02-21T22:16:43.441+0000] {logging_mixin.py:151} INFO - [2025-02-21T22:16:43.435+0000] {dagbag.py:347} ERROR - Failed to import: /opt/airflow/dags/dag_airflow.py
Traceback (most recent call last):
  File "/home/airflow/.local/lib/python3.8/site-packages/airflow/models/dagbag.py", line 343, in parse
    loader.exec_module(new_module)
  File "<frozen importlib._bootstrap_external>", line 843, in exec_module
  File "<frozen importlib._bootstrap>", line 219, in _call_with_frames_removed
  File "/opt/airflow/dags/dag_airflow.py", line 81, in <module>
    create_kafka_topic >> check_kafka >> start_producer >> start_consumer >> verify_postgres
  File "/home/airflow/.local/lib/python3.8/site-packages/airflow/models/taskmixin.py", line 103, in __rshift__
    self.set_downstream(other)
  File "/home/airflow/.local/lib/python3.8/site-packages/airflow/models/taskmixin.py", line 261, in set_downstream
    self._set_relatives(task_or_task_list, upstream=False, edge_modifier=edge_modifier)
  File "/home/airflow/.local/lib/python3.8/site-packages/airflow/models/taskmixin.py", line 213, in _set_relatives
    task_object.update_relative(self, not upstream, edge_modifier=edge_modifier)
AttributeError: 'function' object has no attribute 'update_relative'
[2025-02-21T22:16:43.441+0000] {processor.py:841} WARNING - No viable dags retrieved from /opt/airflow/dags/dag_airflow.py
[2025-02-21T22:16:43.476+0000] {processor.py:179} INFO - Processing /opt/airflow/dags/dag_airflow.py took 0.071 seconds
[2025-02-21T22:17:13.584+0000] {processor.py:157} INFO - Started process (PID=1494) to work on /opt/airflow/dags/dag_airflow.py
[2025-02-21T22:17:13.585+0000] {processor.py:829} INFO - Processing file /opt/airflow/dags/dag_airflow.py for tasks to queue
[2025-02-21T22:17:13.586+0000] {logging_mixin.py:151} INFO - [2025-02-21T22:17:13.586+0000] {dagbag.py:539} INFO - Filling up the DagBag from /opt/airflow/dags/dag_airflow.py
[2025-02-21T22:17:13.612+0000] {logging_mixin.py:151} INFO - [2025-02-21T22:17:13.606+0000] {dagbag.py:347} ERROR - Failed to import: /opt/airflow/dags/dag_airflow.py
Traceback (most recent call last):
  File "/home/airflow/.local/lib/python3.8/site-packages/airflow/models/dagbag.py", line 343, in parse
    loader.exec_module(new_module)
  File "<frozen importlib._bootstrap_external>", line 843, in exec_module
  File "<frozen importlib._bootstrap>", line 219, in _call_with_frames_removed
  File "/opt/airflow/dags/dag_airflow.py", line 81, in <module>
    create_kafka_topic >> check_kafka >> start_producer >> start_consumer >> verify_postgres
  File "/home/airflow/.local/lib/python3.8/site-packages/airflow/models/taskmixin.py", line 103, in __rshift__
    self.set_downstream(other)
  File "/home/airflow/.local/lib/python3.8/site-packages/airflow/models/taskmixin.py", line 261, in set_downstream
    self._set_relatives(task_or_task_list, upstream=False, edge_modifier=edge_modifier)
  File "/home/airflow/.local/lib/python3.8/site-packages/airflow/models/taskmixin.py", line 213, in _set_relatives
    task_object.update_relative(self, not upstream, edge_modifier=edge_modifier)
AttributeError: 'function' object has no attribute 'update_relative'
[2025-02-21T22:17:13.612+0000] {processor.py:841} WARNING - No viable dags retrieved from /opt/airflow/dags/dag_airflow.py
[2025-02-21T22:17:13.638+0000] {processor.py:179} INFO - Processing /opt/airflow/dags/dag_airflow.py took 0.058 seconds
[2025-02-21T22:17:43.760+0000] {processor.py:157} INFO - Started process (PID=1499) to work on /opt/airflow/dags/dag_airflow.py
[2025-02-21T22:17:43.761+0000] {processor.py:829} INFO - Processing file /opt/airflow/dags/dag_airflow.py for tasks to queue
[2025-02-21T22:17:43.762+0000] {logging_mixin.py:151} INFO - [2025-02-21T22:17:43.762+0000] {dagbag.py:539} INFO - Filling up the DagBag from /opt/airflow/dags/dag_airflow.py
[2025-02-21T22:17:43.793+0000] {logging_mixin.py:151} INFO - [2025-02-21T22:17:43.788+0000] {dagbag.py:347} ERROR - Failed to import: /opt/airflow/dags/dag_airflow.py
Traceback (most recent call last):
  File "/home/airflow/.local/lib/python3.8/site-packages/airflow/models/dagbag.py", line 343, in parse
    loader.exec_module(new_module)
  File "<frozen importlib._bootstrap_external>", line 843, in exec_module
  File "<frozen importlib._bootstrap>", line 219, in _call_with_frames_removed
  File "/opt/airflow/dags/dag_airflow.py", line 81, in <module>
    create_kafka_topic >> check_kafka >> start_producer >> start_consumer >> verify_postgres
  File "/home/airflow/.local/lib/python3.8/site-packages/airflow/models/taskmixin.py", line 103, in __rshift__
    self.set_downstream(other)
  File "/home/airflow/.local/lib/python3.8/site-packages/airflow/models/taskmixin.py", line 261, in set_downstream
    self._set_relatives(task_or_task_list, upstream=False, edge_modifier=edge_modifier)
  File "/home/airflow/.local/lib/python3.8/site-packages/airflow/models/taskmixin.py", line 213, in _set_relatives
    task_object.update_relative(self, not upstream, edge_modifier=edge_modifier)
AttributeError: 'function' object has no attribute 'update_relative'
[2025-02-21T22:17:43.794+0000] {processor.py:841} WARNING - No viable dags retrieved from /opt/airflow/dags/dag_airflow.py
[2025-02-21T22:17:43.826+0000] {processor.py:179} INFO - Processing /opt/airflow/dags/dag_airflow.py took 0.070 seconds
[2025-02-21T22:18:13.925+0000] {processor.py:157} INFO - Started process (PID=1504) to work on /opt/airflow/dags/dag_airflow.py
[2025-02-21T22:18:13.926+0000] {processor.py:829} INFO - Processing file /opt/airflow/dags/dag_airflow.py for tasks to queue
[2025-02-21T22:18:13.927+0000] {logging_mixin.py:151} INFO - [2025-02-21T22:18:13.927+0000] {dagbag.py:539} INFO - Filling up the DagBag from /opt/airflow/dags/dag_airflow.py
[2025-02-21T22:18:13.961+0000] {logging_mixin.py:151} INFO - [2025-02-21T22:18:13.954+0000] {dagbag.py:347} ERROR - Failed to import: /opt/airflow/dags/dag_airflow.py
Traceback (most recent call last):
  File "/home/airflow/.local/lib/python3.8/site-packages/airflow/models/dagbag.py", line 343, in parse
    loader.exec_module(new_module)
  File "<frozen importlib._bootstrap_external>", line 843, in exec_module
  File "<frozen importlib._bootstrap>", line 219, in _call_with_frames_removed
  File "/opt/airflow/dags/dag_airflow.py", line 81, in <module>
    create_kafka_topic >> check_kafka >> start_producer >> start_consumer >> verify_postgres
  File "/home/airflow/.local/lib/python3.8/site-packages/airflow/models/taskmixin.py", line 103, in __rshift__
    self.set_downstream(other)
  File "/home/airflow/.local/lib/python3.8/site-packages/airflow/models/taskmixin.py", line 261, in set_downstream
    self._set_relatives(task_or_task_list, upstream=False, edge_modifier=edge_modifier)
  File "/home/airflow/.local/lib/python3.8/site-packages/airflow/models/taskmixin.py", line 213, in _set_relatives
    task_object.update_relative(self, not upstream, edge_modifier=edge_modifier)
AttributeError: 'function' object has no attribute 'update_relative'
[2025-02-21T22:18:13.962+0000] {processor.py:841} WARNING - No viable dags retrieved from /opt/airflow/dags/dag_airflow.py
[2025-02-21T22:18:13.990+0000] {processor.py:179} INFO - Processing /opt/airflow/dags/dag_airflow.py took 0.069 seconds
[2025-02-21T22:18:45.111+0000] {processor.py:157} INFO - Started process (PID=1509) to work on /opt/airflow/dags/dag_airflow.py
[2025-02-21T22:18:45.117+0000] {processor.py:829} INFO - Processing file /opt/airflow/dags/dag_airflow.py for tasks to queue
[2025-02-21T22:18:45.130+0000] {logging_mixin.py:151} INFO - [2025-02-21T22:18:45.125+0000] {dagbag.py:539} INFO - Filling up the DagBag from /opt/airflow/dags/dag_airflow.py
[2025-02-21T22:18:45.202+0000] {logging_mixin.py:151} INFO - [2025-02-21T22:18:45.189+0000] {dagbag.py:347} ERROR - Failed to import: /opt/airflow/dags/dag_airflow.py
Traceback (most recent call last):
  File "/home/airflow/.local/lib/python3.8/site-packages/airflow/models/dagbag.py", line 343, in parse
    loader.exec_module(new_module)
  File "<frozen importlib._bootstrap_external>", line 843, in exec_module
  File "<frozen importlib._bootstrap>", line 219, in _call_with_frames_removed
  File "/opt/airflow/dags/dag_airflow.py", line 81, in <module>
    create_kafka_topic >> check_kafka >> start_producer >> start_consumer >> verify_postgres
  File "/home/airflow/.local/lib/python3.8/site-packages/airflow/models/taskmixin.py", line 103, in __rshift__
    self.set_downstream(other)
  File "/home/airflow/.local/lib/python3.8/site-packages/airflow/models/taskmixin.py", line 261, in set_downstream
    self._set_relatives(task_or_task_list, upstream=False, edge_modifier=edge_modifier)
  File "/home/airflow/.local/lib/python3.8/site-packages/airflow/models/taskmixin.py", line 213, in _set_relatives
    task_object.update_relative(self, not upstream, edge_modifier=edge_modifier)
AttributeError: 'function' object has no attribute 'update_relative'
[2025-02-21T22:18:45.204+0000] {processor.py:841} WARNING - No viable dags retrieved from /opt/airflow/dags/dag_airflow.py
[2025-02-21T22:18:45.338+0000] {processor.py:179} INFO - Processing /opt/airflow/dags/dag_airflow.py took 0.243 seconds
[2025-02-21T22:19:16.303+0000] {processor.py:157} INFO - Started process (PID=1514) to work on /opt/airflow/dags/dag_airflow.py
[2025-02-21T22:19:16.305+0000] {processor.py:829} INFO - Processing file /opt/airflow/dags/dag_airflow.py for tasks to queue
[2025-02-21T22:19:16.306+0000] {logging_mixin.py:151} INFO - [2025-02-21T22:19:16.306+0000] {dagbag.py:539} INFO - Filling up the DagBag from /opt/airflow/dags/dag_airflow.py
[2025-02-21T22:19:16.335+0000] {logging_mixin.py:151} INFO - [2025-02-21T22:19:16.329+0000] {dagbag.py:347} ERROR - Failed to import: /opt/airflow/dags/dag_airflow.py
Traceback (most recent call last):
  File "/home/airflow/.local/lib/python3.8/site-packages/airflow/models/dagbag.py", line 343, in parse
    loader.exec_module(new_module)
  File "<frozen importlib._bootstrap_external>", line 843, in exec_module
  File "<frozen importlib._bootstrap>", line 219, in _call_with_frames_removed
  File "/opt/airflow/dags/dag_airflow.py", line 81, in <module>
    create_kafka_topic >> check_kafka >> start_producer >> start_consumer >> verify_postgres
  File "/home/airflow/.local/lib/python3.8/site-packages/airflow/models/taskmixin.py", line 103, in __rshift__
    self.set_downstream(other)
  File "/home/airflow/.local/lib/python3.8/site-packages/airflow/models/taskmixin.py", line 261, in set_downstream
    self._set_relatives(task_or_task_list, upstream=False, edge_modifier=edge_modifier)
  File "/home/airflow/.local/lib/python3.8/site-packages/airflow/models/taskmixin.py", line 213, in _set_relatives
    task_object.update_relative(self, not upstream, edge_modifier=edge_modifier)
AttributeError: 'function' object has no attribute 'update_relative'
[2025-02-21T22:19:16.335+0000] {processor.py:841} WARNING - No viable dags retrieved from /opt/airflow/dags/dag_airflow.py
[2025-02-21T22:19:16.365+0000] {processor.py:179} INFO - Processing /opt/airflow/dags/dag_airflow.py took 0.065 seconds
[2025-02-21T22:19:48.411+0000] {processor.py:157} INFO - Started process (PID=1519) to work on /opt/airflow/dags/dag_airflow.py
[2025-02-21T22:19:48.413+0000] {processor.py:829} INFO - Processing file /opt/airflow/dags/dag_airflow.py for tasks to queue
[2025-02-21T22:19:48.416+0000] {logging_mixin.py:151} INFO - [2025-02-21T22:19:48.416+0000] {dagbag.py:539} INFO - Filling up the DagBag from /opt/airflow/dags/dag_airflow.py
[2025-02-21T22:19:48.447+0000] {logging_mixin.py:151} INFO - [2025-02-21T22:19:48.441+0000] {dagbag.py:347} ERROR - Failed to import: /opt/airflow/dags/dag_airflow.py
Traceback (most recent call last):
  File "/home/airflow/.local/lib/python3.8/site-packages/airflow/models/dagbag.py", line 343, in parse
    loader.exec_module(new_module)
  File "<frozen importlib._bootstrap_external>", line 843, in exec_module
  File "<frozen importlib._bootstrap>", line 219, in _call_with_frames_removed
  File "/opt/airflow/dags/dag_airflow.py", line 81, in <module>
    create_kafka_topic >> check_kafka >> start_producer >> start_consumer >> verify_postgres
  File "/home/airflow/.local/lib/python3.8/site-packages/airflow/models/taskmixin.py", line 103, in __rshift__
    self.set_downstream(other)
  File "/home/airflow/.local/lib/python3.8/site-packages/airflow/models/taskmixin.py", line 261, in set_downstream
    self._set_relatives(task_or_task_list, upstream=False, edge_modifier=edge_modifier)
  File "/home/airflow/.local/lib/python3.8/site-packages/airflow/models/taskmixin.py", line 213, in _set_relatives
    task_object.update_relative(self, not upstream, edge_modifier=edge_modifier)
AttributeError: 'function' object has no attribute 'update_relative'
[2025-02-21T22:19:48.448+0000] {processor.py:841} WARNING - No viable dags retrieved from /opt/airflow/dags/dag_airflow.py
[2025-02-21T22:19:48.475+0000] {processor.py:179} INFO - Processing /opt/airflow/dags/dag_airflow.py took 0.087 seconds
[2025-02-21T22:20:20.626+0000] {processor.py:157} INFO - Started process (PID=1524) to work on /opt/airflow/dags/dag_airflow.py
[2025-02-21T22:20:20.627+0000] {processor.py:829} INFO - Processing file /opt/airflow/dags/dag_airflow.py for tasks to queue
[2025-02-21T22:20:20.629+0000] {logging_mixin.py:151} INFO - [2025-02-21T22:20:20.628+0000] {dagbag.py:539} INFO - Filling up the DagBag from /opt/airflow/dags/dag_airflow.py
[2025-02-21T22:20:20.662+0000] {logging_mixin.py:151} INFO - [2025-02-21T22:20:20.655+0000] {dagbag.py:347} ERROR - Failed to import: /opt/airflow/dags/dag_airflow.py
Traceback (most recent call last):
  File "/home/airflow/.local/lib/python3.8/site-packages/airflow/models/dagbag.py", line 343, in parse
    loader.exec_module(new_module)
  File "<frozen importlib._bootstrap_external>", line 843, in exec_module
  File "<frozen importlib._bootstrap>", line 219, in _call_with_frames_removed
  File "/opt/airflow/dags/dag_airflow.py", line 81, in <module>
    create_kafka_topic >> check_kafka >> start_producer >> start_consumer >> verify_postgres
  File "/home/airflow/.local/lib/python3.8/site-packages/airflow/models/taskmixin.py", line 103, in __rshift__
    self.set_downstream(other)
  File "/home/airflow/.local/lib/python3.8/site-packages/airflow/models/taskmixin.py", line 261, in set_downstream
    self._set_relatives(task_or_task_list, upstream=False, edge_modifier=edge_modifier)
  File "/home/airflow/.local/lib/python3.8/site-packages/airflow/models/taskmixin.py", line 213, in _set_relatives
    task_object.update_relative(self, not upstream, edge_modifier=edge_modifier)
AttributeError: 'function' object has no attribute 'update_relative'
[2025-02-21T22:20:20.663+0000] {processor.py:841} WARNING - No viable dags retrieved from /opt/airflow/dags/dag_airflow.py
[2025-02-21T22:20:20.691+0000] {processor.py:179} INFO - Processing /opt/airflow/dags/dag_airflow.py took 0.068 seconds
[2025-02-21T22:20:52.822+0000] {processor.py:157} INFO - Started process (PID=1529) to work on /opt/airflow/dags/dag_airflow.py
[2025-02-21T22:20:52.823+0000] {processor.py:829} INFO - Processing file /opt/airflow/dags/dag_airflow.py for tasks to queue
[2025-02-21T22:20:52.824+0000] {logging_mixin.py:151} INFO - [2025-02-21T22:20:52.824+0000] {dagbag.py:539} INFO - Filling up the DagBag from /opt/airflow/dags/dag_airflow.py
[2025-02-21T22:20:52.855+0000] {logging_mixin.py:151} INFO - [2025-02-21T22:20:52.849+0000] {dagbag.py:347} ERROR - Failed to import: /opt/airflow/dags/dag_airflow.py
Traceback (most recent call last):
  File "/home/airflow/.local/lib/python3.8/site-packages/airflow/models/dagbag.py", line 343, in parse
    loader.exec_module(new_module)
  File "<frozen importlib._bootstrap_external>", line 843, in exec_module
  File "<frozen importlib._bootstrap>", line 219, in _call_with_frames_removed
  File "/opt/airflow/dags/dag_airflow.py", line 81, in <module>
    create_kafka_topic >> check_kafka >> start_producer >> start_consumer >> verify_postgres
  File "/home/airflow/.local/lib/python3.8/site-packages/airflow/models/taskmixin.py", line 103, in __rshift__
    self.set_downstream(other)
  File "/home/airflow/.local/lib/python3.8/site-packages/airflow/models/taskmixin.py", line 261, in set_downstream
    self._set_relatives(task_or_task_list, upstream=False, edge_modifier=edge_modifier)
  File "/home/airflow/.local/lib/python3.8/site-packages/airflow/models/taskmixin.py", line 213, in _set_relatives
    task_object.update_relative(self, not upstream, edge_modifier=edge_modifier)
AttributeError: 'function' object has no attribute 'update_relative'
[2025-02-21T22:20:52.855+0000] {processor.py:841} WARNING - No viable dags retrieved from /opt/airflow/dags/dag_airflow.py
[2025-02-21T22:20:52.884+0000] {processor.py:179} INFO - Processing /opt/airflow/dags/dag_airflow.py took 0.066 seconds
[2025-02-21T22:21:24.025+0000] {processor.py:157} INFO - Started process (PID=1534) to work on /opt/airflow/dags/dag_airflow.py
[2025-02-21T22:21:24.025+0000] {processor.py:829} INFO - Processing file /opt/airflow/dags/dag_airflow.py for tasks to queue
[2025-02-21T22:21:24.027+0000] {logging_mixin.py:151} INFO - [2025-02-21T22:21:24.026+0000] {dagbag.py:539} INFO - Filling up the DagBag from /opt/airflow/dags/dag_airflow.py
[2025-02-21T22:21:24.055+0000] {logging_mixin.py:151} INFO - [2025-02-21T22:21:24.048+0000] {dagbag.py:347} ERROR - Failed to import: /opt/airflow/dags/dag_airflow.py
Traceback (most recent call last):
  File "/home/airflow/.local/lib/python3.8/site-packages/airflow/models/dagbag.py", line 343, in parse
    loader.exec_module(new_module)
  File "<frozen importlib._bootstrap_external>", line 843, in exec_module
  File "<frozen importlib._bootstrap>", line 219, in _call_with_frames_removed
  File "/opt/airflow/dags/dag_airflow.py", line 81, in <module>
    create_kafka_topic >> check_kafka >> start_producer >> start_consumer >> verify_postgres
  File "/home/airflow/.local/lib/python3.8/site-packages/airflow/models/taskmixin.py", line 103, in __rshift__
    self.set_downstream(other)
  File "/home/airflow/.local/lib/python3.8/site-packages/airflow/models/taskmixin.py", line 261, in set_downstream
    self._set_relatives(task_or_task_list, upstream=False, edge_modifier=edge_modifier)
  File "/home/airflow/.local/lib/python3.8/site-packages/airflow/models/taskmixin.py", line 213, in _set_relatives
    task_object.update_relative(self, not upstream, edge_modifier=edge_modifier)
AttributeError: 'function' object has no attribute 'update_relative'
[2025-02-21T22:21:24.055+0000] {processor.py:841} WARNING - No viable dags retrieved from /opt/airflow/dags/dag_airflow.py
[2025-02-21T22:21:24.092+0000] {processor.py:179} INFO - Processing /opt/airflow/dags/dag_airflow.py took 0.070 seconds
[2025-02-21T22:21:56.323+0000] {processor.py:157} INFO - Started process (PID=1539) to work on /opt/airflow/dags/dag_airflow.py
[2025-02-21T22:21:56.325+0000] {processor.py:829} INFO - Processing file /opt/airflow/dags/dag_airflow.py for tasks to queue
[2025-02-21T22:21:56.327+0000] {logging_mixin.py:151} INFO - [2025-02-21T22:21:56.327+0000] {dagbag.py:539} INFO - Filling up the DagBag from /opt/airflow/dags/dag_airflow.py
[2025-02-21T22:21:56.382+0000] {logging_mixin.py:151} INFO - [2025-02-21T22:21:56.367+0000] {dagbag.py:347} ERROR - Failed to import: /opt/airflow/dags/dag_airflow.py
Traceback (most recent call last):
  File "/home/airflow/.local/lib/python3.8/site-packages/airflow/models/dagbag.py", line 343, in parse
    loader.exec_module(new_module)
  File "<frozen importlib._bootstrap_external>", line 843, in exec_module
  File "<frozen importlib._bootstrap>", line 219, in _call_with_frames_removed
  File "/opt/airflow/dags/dag_airflow.py", line 81, in <module>
    create_kafka_topic >> check_kafka >> start_producer >> start_consumer >> verify_postgres
  File "/home/airflow/.local/lib/python3.8/site-packages/airflow/models/taskmixin.py", line 103, in __rshift__
    self.set_downstream(other)
  File "/home/airflow/.local/lib/python3.8/site-packages/airflow/models/taskmixin.py", line 261, in set_downstream
    self._set_relatives(task_or_task_list, upstream=False, edge_modifier=edge_modifier)
  File "/home/airflow/.local/lib/python3.8/site-packages/airflow/models/taskmixin.py", line 213, in _set_relatives
    task_object.update_relative(self, not upstream, edge_modifier=edge_modifier)
AttributeError: 'function' object has no attribute 'update_relative'
[2025-02-21T22:21:56.383+0000] {processor.py:841} WARNING - No viable dags retrieved from /opt/airflow/dags/dag_airflow.py
[2025-02-21T22:21:56.446+0000] {processor.py:179} INFO - Processing /opt/airflow/dags/dag_airflow.py took 0.129 seconds
[2025-02-21T22:22:28.584+0000] {processor.py:157} INFO - Started process (PID=1544) to work on /opt/airflow/dags/dag_airflow.py
[2025-02-21T22:22:28.585+0000] {processor.py:829} INFO - Processing file /opt/airflow/dags/dag_airflow.py for tasks to queue
[2025-02-21T22:22:28.586+0000] {logging_mixin.py:151} INFO - [2025-02-21T22:22:28.585+0000] {dagbag.py:539} INFO - Filling up the DagBag from /opt/airflow/dags/dag_airflow.py
[2025-02-21T22:22:28.614+0000] {logging_mixin.py:151} INFO - [2025-02-21T22:22:28.608+0000] {dagbag.py:347} ERROR - Failed to import: /opt/airflow/dags/dag_airflow.py
Traceback (most recent call last):
  File "/home/airflow/.local/lib/python3.8/site-packages/airflow/models/dagbag.py", line 343, in parse
    loader.exec_module(new_module)
  File "<frozen importlib._bootstrap_external>", line 843, in exec_module
  File "<frozen importlib._bootstrap>", line 219, in _call_with_frames_removed
  File "/opt/airflow/dags/dag_airflow.py", line 81, in <module>
    create_kafka_topic >> check_kafka >> start_producer >> start_consumer >> verify_postgres
  File "/home/airflow/.local/lib/python3.8/site-packages/airflow/models/taskmixin.py", line 103, in __rshift__
    self.set_downstream(other)
  File "/home/airflow/.local/lib/python3.8/site-packages/airflow/models/taskmixin.py", line 261, in set_downstream
    self._set_relatives(task_or_task_list, upstream=False, edge_modifier=edge_modifier)
  File "/home/airflow/.local/lib/python3.8/site-packages/airflow/models/taskmixin.py", line 213, in _set_relatives
    task_object.update_relative(self, not upstream, edge_modifier=edge_modifier)
AttributeError: 'function' object has no attribute 'update_relative'
[2025-02-21T22:22:28.615+0000] {processor.py:841} WARNING - No viable dags retrieved from /opt/airflow/dags/dag_airflow.py
[2025-02-21T22:22:28.640+0000] {processor.py:179} INFO - Processing /opt/airflow/dags/dag_airflow.py took 0.060 seconds
[2025-02-21T22:23:00.729+0000] {processor.py:157} INFO - Started process (PID=1549) to work on /opt/airflow/dags/dag_airflow.py
[2025-02-21T22:23:00.730+0000] {processor.py:829} INFO - Processing file /opt/airflow/dags/dag_airflow.py for tasks to queue
[2025-02-21T22:23:00.731+0000] {logging_mixin.py:151} INFO - [2025-02-21T22:23:00.731+0000] {dagbag.py:539} INFO - Filling up the DagBag from /opt/airflow/dags/dag_airflow.py
[2025-02-21T22:23:00.759+0000] {logging_mixin.py:151} INFO - [2025-02-21T22:23:00.753+0000] {dagbag.py:347} ERROR - Failed to import: /opt/airflow/dags/dag_airflow.py
Traceback (most recent call last):
  File "/home/airflow/.local/lib/python3.8/site-packages/airflow/models/dagbag.py", line 343, in parse
    loader.exec_module(new_module)
  File "<frozen importlib._bootstrap_external>", line 843, in exec_module
  File "<frozen importlib._bootstrap>", line 219, in _call_with_frames_removed
  File "/opt/airflow/dags/dag_airflow.py", line 81, in <module>
    create_kafka_topic >> check_kafka >> start_producer >> start_consumer >> verify_postgres
  File "/home/airflow/.local/lib/python3.8/site-packages/airflow/models/taskmixin.py", line 103, in __rshift__
    self.set_downstream(other)
  File "/home/airflow/.local/lib/python3.8/site-packages/airflow/models/taskmixin.py", line 261, in set_downstream
    self._set_relatives(task_or_task_list, upstream=False, edge_modifier=edge_modifier)
  File "/home/airflow/.local/lib/python3.8/site-packages/airflow/models/taskmixin.py", line 213, in _set_relatives
    task_object.update_relative(self, not upstream, edge_modifier=edge_modifier)
AttributeError: 'function' object has no attribute 'update_relative'
[2025-02-21T22:23:00.760+0000] {processor.py:841} WARNING - No viable dags retrieved from /opt/airflow/dags/dag_airflow.py
[2025-02-21T22:23:00.787+0000] {processor.py:179} INFO - Processing /opt/airflow/dags/dag_airflow.py took 0.062 seconds
[2025-02-21T22:23:31.916+0000] {processor.py:157} INFO - Started process (PID=1554) to work on /opt/airflow/dags/dag_airflow.py
[2025-02-21T22:23:31.917+0000] {processor.py:829} INFO - Processing file /opt/airflow/dags/dag_airflow.py for tasks to queue
[2025-02-21T22:23:31.919+0000] {logging_mixin.py:151} INFO - [2025-02-21T22:23:31.918+0000] {dagbag.py:539} INFO - Filling up the DagBag from /opt/airflow/dags/dag_airflow.py
[2025-02-21T22:23:31.951+0000] {logging_mixin.py:151} INFO - [2025-02-21T22:23:31.944+0000] {dagbag.py:347} ERROR - Failed to import: /opt/airflow/dags/dag_airflow.py
Traceback (most recent call last):
  File "/home/airflow/.local/lib/python3.8/site-packages/airflow/models/dagbag.py", line 343, in parse
    loader.exec_module(new_module)
  File "<frozen importlib._bootstrap_external>", line 843, in exec_module
  File "<frozen importlib._bootstrap>", line 219, in _call_with_frames_removed
  File "/opt/airflow/dags/dag_airflow.py", line 81, in <module>
    create_kafka_topic >> check_kafka >> start_producer >> start_consumer >> verify_postgres
  File "/home/airflow/.local/lib/python3.8/site-packages/airflow/models/taskmixin.py", line 103, in __rshift__
    self.set_downstream(other)
  File "/home/airflow/.local/lib/python3.8/site-packages/airflow/models/taskmixin.py", line 261, in set_downstream
    self._set_relatives(task_or_task_list, upstream=False, edge_modifier=edge_modifier)
  File "/home/airflow/.local/lib/python3.8/site-packages/airflow/models/taskmixin.py", line 213, in _set_relatives
    task_object.update_relative(self, not upstream, edge_modifier=edge_modifier)
AttributeError: 'function' object has no attribute 'update_relative'
[2025-02-21T22:23:31.952+0000] {processor.py:841} WARNING - No viable dags retrieved from /opt/airflow/dags/dag_airflow.py
[2025-02-21T22:23:31.979+0000] {processor.py:179} INFO - Processing /opt/airflow/dags/dag_airflow.py took 0.067 seconds
[2025-02-21T22:24:04.426+0000] {processor.py:157} INFO - Started process (PID=1559) to work on /opt/airflow/dags/dag_airflow.py
[2025-02-21T22:24:04.427+0000] {processor.py:829} INFO - Processing file /opt/airflow/dags/dag_airflow.py for tasks to queue
[2025-02-21T22:24:04.430+0000] {logging_mixin.py:151} INFO - [2025-02-21T22:24:04.429+0000] {dagbag.py:539} INFO - Filling up the DagBag from /opt/airflow/dags/dag_airflow.py
[2025-02-21T22:24:04.512+0000] {logging_mixin.py:151} INFO - [2025-02-21T22:24:04.488+0000] {dagbag.py:347} ERROR - Failed to import: /opt/airflow/dags/dag_airflow.py
Traceback (most recent call last):
  File "/home/airflow/.local/lib/python3.8/site-packages/airflow/models/dagbag.py", line 343, in parse
    loader.exec_module(new_module)
  File "<frozen importlib._bootstrap_external>", line 843, in exec_module
  File "<frozen importlib._bootstrap>", line 219, in _call_with_frames_removed
  File "/opt/airflow/dags/dag_airflow.py", line 81, in <module>
    create_kafka_topic >> check_kafka >> start_producer >> start_consumer >> verify_postgres
  File "/home/airflow/.local/lib/python3.8/site-packages/airflow/models/taskmixin.py", line 103, in __rshift__
    self.set_downstream(other)
  File "/home/airflow/.local/lib/python3.8/site-packages/airflow/models/taskmixin.py", line 261, in set_downstream
    self._set_relatives(task_or_task_list, upstream=False, edge_modifier=edge_modifier)
  File "/home/airflow/.local/lib/python3.8/site-packages/airflow/models/taskmixin.py", line 213, in _set_relatives
    task_object.update_relative(self, not upstream, edge_modifier=edge_modifier)
AttributeError: 'function' object has no attribute 'update_relative'
[2025-02-21T22:24:04.513+0000] {processor.py:841} WARNING - No viable dags retrieved from /opt/airflow/dags/dag_airflow.py
[2025-02-21T22:24:04.682+0000] {processor.py:179} INFO - Processing /opt/airflow/dags/dag_airflow.py took 0.271 seconds
[2025-02-21T22:24:36.009+0000] {processor.py:157} INFO - Started process (PID=1564) to work on /opt/airflow/dags/dag_airflow.py
[2025-02-21T22:24:36.010+0000] {processor.py:829} INFO - Processing file /opt/airflow/dags/dag_airflow.py for tasks to queue
[2025-02-21T22:24:36.013+0000] {logging_mixin.py:151} INFO - [2025-02-21T22:24:36.013+0000] {dagbag.py:539} INFO - Filling up the DagBag from /opt/airflow/dags/dag_airflow.py
[2025-02-21T22:24:36.071+0000] {logging_mixin.py:151} INFO - [2025-02-21T22:24:36.057+0000] {dagbag.py:347} ERROR - Failed to import: /opt/airflow/dags/dag_airflow.py
Traceback (most recent call last):
  File "/home/airflow/.local/lib/python3.8/site-packages/airflow/models/dagbag.py", line 343, in parse
    loader.exec_module(new_module)
  File "<frozen importlib._bootstrap_external>", line 843, in exec_module
  File "<frozen importlib._bootstrap>", line 219, in _call_with_frames_removed
  File "/opt/airflow/dags/dag_airflow.py", line 81, in <module>
    create_kafka_topic >> check_kafka >> start_producer >> start_consumer >> verify_postgres
  File "/home/airflow/.local/lib/python3.8/site-packages/airflow/models/taskmixin.py", line 103, in __rshift__
    self.set_downstream(other)
  File "/home/airflow/.local/lib/python3.8/site-packages/airflow/models/taskmixin.py", line 261, in set_downstream
    self._set_relatives(task_or_task_list, upstream=False, edge_modifier=edge_modifier)
  File "/home/airflow/.local/lib/python3.8/site-packages/airflow/models/taskmixin.py", line 213, in _set_relatives
    task_object.update_relative(self, not upstream, edge_modifier=edge_modifier)
AttributeError: 'function' object has no attribute 'update_relative'
[2025-02-21T22:24:36.072+0000] {processor.py:841} WARNING - No viable dags retrieved from /opt/airflow/dags/dag_airflow.py
[2025-02-21T22:24:36.124+0000] {processor.py:179} INFO - Processing /opt/airflow/dags/dag_airflow.py took 0.122 seconds
[2025-02-21T22:25:08.081+0000] {processor.py:157} INFO - Started process (PID=1569) to work on /opt/airflow/dags/dag_airflow.py
[2025-02-21T22:25:08.082+0000] {processor.py:829} INFO - Processing file /opt/airflow/dags/dag_airflow.py for tasks to queue
[2025-02-21T22:25:08.084+0000] {logging_mixin.py:151} INFO - [2025-02-21T22:25:08.084+0000] {dagbag.py:539} INFO - Filling up the DagBag from /opt/airflow/dags/dag_airflow.py
[2025-02-21T22:25:08.114+0000] {logging_mixin.py:151} INFO - [2025-02-21T22:25:08.107+0000] {dagbag.py:347} ERROR - Failed to import: /opt/airflow/dags/dag_airflow.py
Traceback (most recent call last):
  File "/home/airflow/.local/lib/python3.8/site-packages/airflow/models/dagbag.py", line 343, in parse
    loader.exec_module(new_module)
  File "<frozen importlib._bootstrap_external>", line 843, in exec_module
  File "<frozen importlib._bootstrap>", line 219, in _call_with_frames_removed
  File "/opt/airflow/dags/dag_airflow.py", line 81, in <module>
    create_kafka_topic >> check_kafka >> start_producer >> start_consumer >> verify_postgres
  File "/home/airflow/.local/lib/python3.8/site-packages/airflow/models/taskmixin.py", line 103, in __rshift__
    self.set_downstream(other)
  File "/home/airflow/.local/lib/python3.8/site-packages/airflow/models/taskmixin.py", line 261, in set_downstream
    self._set_relatives(task_or_task_list, upstream=False, edge_modifier=edge_modifier)
  File "/home/airflow/.local/lib/python3.8/site-packages/airflow/models/taskmixin.py", line 213, in _set_relatives
    task_object.update_relative(self, not upstream, edge_modifier=edge_modifier)
AttributeError: 'function' object has no attribute 'update_relative'
[2025-02-21T22:25:08.114+0000] {processor.py:841} WARNING - No viable dags retrieved from /opt/airflow/dags/dag_airflow.py
[2025-02-21T22:25:08.143+0000] {processor.py:179} INFO - Processing /opt/airflow/dags/dag_airflow.py took 0.065 seconds
[2025-02-21T22:25:40.241+0000] {processor.py:157} INFO - Started process (PID=1574) to work on /opt/airflow/dags/dag_airflow.py
[2025-02-21T22:25:40.242+0000] {processor.py:829} INFO - Processing file /opt/airflow/dags/dag_airflow.py for tasks to queue
[2025-02-21T22:25:40.244+0000] {logging_mixin.py:151} INFO - [2025-02-21T22:25:40.244+0000] {dagbag.py:539} INFO - Filling up the DagBag from /opt/airflow/dags/dag_airflow.py
[2025-02-21T22:25:40.277+0000] {logging_mixin.py:151} INFO - [2025-02-21T22:25:40.270+0000] {dagbag.py:347} ERROR - Failed to import: /opt/airflow/dags/dag_airflow.py
Traceback (most recent call last):
  File "/home/airflow/.local/lib/python3.8/site-packages/airflow/models/dagbag.py", line 343, in parse
    loader.exec_module(new_module)
  File "<frozen importlib._bootstrap_external>", line 843, in exec_module
  File "<frozen importlib._bootstrap>", line 219, in _call_with_frames_removed
  File "/opt/airflow/dags/dag_airflow.py", line 81, in <module>
    create_kafka_topic >> check_kafka >> start_producer >> start_consumer >> verify_postgres
  File "/home/airflow/.local/lib/python3.8/site-packages/airflow/models/taskmixin.py", line 103, in __rshift__
    self.set_downstream(other)
  File "/home/airflow/.local/lib/python3.8/site-packages/airflow/models/taskmixin.py", line 261, in set_downstream
    self._set_relatives(task_or_task_list, upstream=False, edge_modifier=edge_modifier)
  File "/home/airflow/.local/lib/python3.8/site-packages/airflow/models/taskmixin.py", line 213, in _set_relatives
    task_object.update_relative(self, not upstream, edge_modifier=edge_modifier)
AttributeError: 'function' object has no attribute 'update_relative'
[2025-02-21T22:25:40.278+0000] {processor.py:841} WARNING - No viable dags retrieved from /opt/airflow/dags/dag_airflow.py
[2025-02-21T22:25:40.306+0000] {processor.py:179} INFO - Processing /opt/airflow/dags/dag_airflow.py took 0.069 seconds
[2025-02-21T22:26:12.542+0000] {processor.py:157} INFO - Started process (PID=1579) to work on /opt/airflow/dags/dag_airflow.py
[2025-02-21T22:26:12.543+0000] {processor.py:829} INFO - Processing file /opt/airflow/dags/dag_airflow.py for tasks to queue
[2025-02-21T22:26:12.544+0000] {logging_mixin.py:151} INFO - [2025-02-21T22:26:12.544+0000] {dagbag.py:539} INFO - Filling up the DagBag from /opt/airflow/dags/dag_airflow.py
[2025-02-21T22:26:12.576+0000] {logging_mixin.py:151} INFO - [2025-02-21T22:26:12.569+0000] {dagbag.py:347} ERROR - Failed to import: /opt/airflow/dags/dag_airflow.py
Traceback (most recent call last):
  File "/home/airflow/.local/lib/python3.8/site-packages/airflow/models/dagbag.py", line 343, in parse
    loader.exec_module(new_module)
  File "<frozen importlib._bootstrap_external>", line 843, in exec_module
  File "<frozen importlib._bootstrap>", line 219, in _call_with_frames_removed
  File "/opt/airflow/dags/dag_airflow.py", line 81, in <module>
    create_kafka_topic >> check_kafka >> start_producer >> start_consumer >> verify_postgres
  File "/home/airflow/.local/lib/python3.8/site-packages/airflow/models/taskmixin.py", line 103, in __rshift__
    self.set_downstream(other)
  File "/home/airflow/.local/lib/python3.8/site-packages/airflow/models/taskmixin.py", line 261, in set_downstream
    self._set_relatives(task_or_task_list, upstream=False, edge_modifier=edge_modifier)
  File "/home/airflow/.local/lib/python3.8/site-packages/airflow/models/taskmixin.py", line 213, in _set_relatives
    task_object.update_relative(self, not upstream, edge_modifier=edge_modifier)
AttributeError: 'function' object has no attribute 'update_relative'
[2025-02-21T22:26:12.576+0000] {processor.py:841} WARNING - No viable dags retrieved from /opt/airflow/dags/dag_airflow.py
[2025-02-21T22:26:12.603+0000] {processor.py:179} INFO - Processing /opt/airflow/dags/dag_airflow.py took 0.064 seconds
[2025-02-21T22:26:43.841+0000] {processor.py:157} INFO - Started process (PID=1584) to work on /opt/airflow/dags/dag_airflow.py
[2025-02-21T22:26:43.842+0000] {processor.py:829} INFO - Processing file /opt/airflow/dags/dag_airflow.py for tasks to queue
[2025-02-21T22:26:43.844+0000] {logging_mixin.py:151} INFO - [2025-02-21T22:26:43.843+0000] {dagbag.py:539} INFO - Filling up the DagBag from /opt/airflow/dags/dag_airflow.py
[2025-02-21T22:26:43.887+0000] {logging_mixin.py:151} INFO - [2025-02-21T22:26:43.880+0000] {dagbag.py:347} ERROR - Failed to import: /opt/airflow/dags/dag_airflow.py
Traceback (most recent call last):
  File "/home/airflow/.local/lib/python3.8/site-packages/airflow/models/dagbag.py", line 343, in parse
    loader.exec_module(new_module)
  File "<frozen importlib._bootstrap_external>", line 843, in exec_module
  File "<frozen importlib._bootstrap>", line 219, in _call_with_frames_removed
  File "/opt/airflow/dags/dag_airflow.py", line 81, in <module>
    create_kafka_topic >> check_kafka >> start_producer >> start_consumer >> verify_postgres
  File "/home/airflow/.local/lib/python3.8/site-packages/airflow/models/taskmixin.py", line 103, in __rshift__
    self.set_downstream(other)
  File "/home/airflow/.local/lib/python3.8/site-packages/airflow/models/taskmixin.py", line 261, in set_downstream
    self._set_relatives(task_or_task_list, upstream=False, edge_modifier=edge_modifier)
  File "/home/airflow/.local/lib/python3.8/site-packages/airflow/models/taskmixin.py", line 213, in _set_relatives
    task_object.update_relative(self, not upstream, edge_modifier=edge_modifier)
AttributeError: 'function' object has no attribute 'update_relative'
[2025-02-21T22:26:43.888+0000] {processor.py:841} WARNING - No viable dags retrieved from /opt/airflow/dags/dag_airflow.py
[2025-02-21T22:26:43.938+0000] {processor.py:179} INFO - Processing /opt/airflow/dags/dag_airflow.py took 0.104 seconds
[2025-02-21T22:27:15.977+0000] {processor.py:157} INFO - Started process (PID=1589) to work on /opt/airflow/dags/dag_airflow.py
[2025-02-21T22:27:15.978+0000] {processor.py:829} INFO - Processing file /opt/airflow/dags/dag_airflow.py for tasks to queue
[2025-02-21T22:27:15.979+0000] {logging_mixin.py:151} INFO - [2025-02-21T22:27:15.978+0000] {dagbag.py:539} INFO - Filling up the DagBag from /opt/airflow/dags/dag_airflow.py
[2025-02-21T22:27:16.008+0000] {logging_mixin.py:151} INFO - [2025-02-21T22:27:16.002+0000] {dagbag.py:347} ERROR - Failed to import: /opt/airflow/dags/dag_airflow.py
Traceback (most recent call last):
  File "/home/airflow/.local/lib/python3.8/site-packages/airflow/models/dagbag.py", line 343, in parse
    loader.exec_module(new_module)
  File "<frozen importlib._bootstrap_external>", line 843, in exec_module
  File "<frozen importlib._bootstrap>", line 219, in _call_with_frames_removed
  File "/opt/airflow/dags/dag_airflow.py", line 81, in <module>
    create_kafka_topic >> check_kafka >> start_producer >> start_consumer >> verify_postgres
  File "/home/airflow/.local/lib/python3.8/site-packages/airflow/models/taskmixin.py", line 103, in __rshift__
    self.set_downstream(other)
  File "/home/airflow/.local/lib/python3.8/site-packages/airflow/models/taskmixin.py", line 261, in set_downstream
    self._set_relatives(task_or_task_list, upstream=False, edge_modifier=edge_modifier)
  File "/home/airflow/.local/lib/python3.8/site-packages/airflow/models/taskmixin.py", line 213, in _set_relatives
    task_object.update_relative(self, not upstream, edge_modifier=edge_modifier)
AttributeError: 'function' object has no attribute 'update_relative'
[2025-02-21T22:27:16.009+0000] {processor.py:841} WARNING - No viable dags retrieved from /opt/airflow/dags/dag_airflow.py
[2025-02-21T22:27:16.039+0000] {processor.py:179} INFO - Processing /opt/airflow/dags/dag_airflow.py took 0.067 seconds
[2025-02-21T22:27:48.287+0000] {processor.py:157} INFO - Started process (PID=1594) to work on /opt/airflow/dags/dag_airflow.py
[2025-02-21T22:27:48.288+0000] {processor.py:829} INFO - Processing file /opt/airflow/dags/dag_airflow.py for tasks to queue
[2025-02-21T22:27:48.290+0000] {logging_mixin.py:151} INFO - [2025-02-21T22:27:48.290+0000] {dagbag.py:539} INFO - Filling up the DagBag from /opt/airflow/dags/dag_airflow.py
[2025-02-21T22:27:48.327+0000] {logging_mixin.py:151} INFO - [2025-02-21T22:27:48.320+0000] {dagbag.py:347} ERROR - Failed to import: /opt/airflow/dags/dag_airflow.py
Traceback (most recent call last):
  File "/home/airflow/.local/lib/python3.8/site-packages/airflow/models/dagbag.py", line 343, in parse
    loader.exec_module(new_module)
  File "<frozen importlib._bootstrap_external>", line 843, in exec_module
  File "<frozen importlib._bootstrap>", line 219, in _call_with_frames_removed
  File "/opt/airflow/dags/dag_airflow.py", line 81, in <module>
    create_kafka_topic >> check_kafka >> start_producer >> start_consumer >> verify_postgres
  File "/home/airflow/.local/lib/python3.8/site-packages/airflow/models/taskmixin.py", line 103, in __rshift__
    self.set_downstream(other)
  File "/home/airflow/.local/lib/python3.8/site-packages/airflow/models/taskmixin.py", line 261, in set_downstream
    self._set_relatives(task_or_task_list, upstream=False, edge_modifier=edge_modifier)
  File "/home/airflow/.local/lib/python3.8/site-packages/airflow/models/taskmixin.py", line 213, in _set_relatives
    task_object.update_relative(self, not upstream, edge_modifier=edge_modifier)
AttributeError: 'function' object has no attribute 'update_relative'
[2025-02-21T22:27:48.329+0000] {processor.py:841} WARNING - No viable dags retrieved from /opt/airflow/dags/dag_airflow.py
[2025-02-21T22:27:48.364+0000] {processor.py:179} INFO - Processing /opt/airflow/dags/dag_airflow.py took 0.079 seconds
[2025-02-21T22:28:20.495+0000] {processor.py:157} INFO - Started process (PID=1599) to work on /opt/airflow/dags/dag_airflow.py
[2025-02-21T22:28:20.496+0000] {processor.py:829} INFO - Processing file /opt/airflow/dags/dag_airflow.py for tasks to queue
[2025-02-21T22:28:20.498+0000] {logging_mixin.py:151} INFO - [2025-02-21T22:28:20.497+0000] {dagbag.py:539} INFO - Filling up the DagBag from /opt/airflow/dags/dag_airflow.py
[2025-02-21T22:28:20.524+0000] {logging_mixin.py:151} INFO - [2025-02-21T22:28:20.519+0000] {dagbag.py:347} ERROR - Failed to import: /opt/airflow/dags/dag_airflow.py
Traceback (most recent call last):
  File "/home/airflow/.local/lib/python3.8/site-packages/airflow/models/dagbag.py", line 343, in parse
    loader.exec_module(new_module)
  File "<frozen importlib._bootstrap_external>", line 843, in exec_module
  File "<frozen importlib._bootstrap>", line 219, in _call_with_frames_removed
  File "/opt/airflow/dags/dag_airflow.py", line 81, in <module>
    create_kafka_topic >> check_kafka >> start_producer >> start_consumer >> verify_postgres
  File "/home/airflow/.local/lib/python3.8/site-packages/airflow/models/taskmixin.py", line 103, in __rshift__
    self.set_downstream(other)
  File "/home/airflow/.local/lib/python3.8/site-packages/airflow/models/taskmixin.py", line 261, in set_downstream
    self._set_relatives(task_or_task_list, upstream=False, edge_modifier=edge_modifier)
  File "/home/airflow/.local/lib/python3.8/site-packages/airflow/models/taskmixin.py", line 213, in _set_relatives
    task_object.update_relative(self, not upstream, edge_modifier=edge_modifier)
AttributeError: 'function' object has no attribute 'update_relative'
[2025-02-21T22:28:20.525+0000] {processor.py:841} WARNING - No viable dags retrieved from /opt/airflow/dags/dag_airflow.py
[2025-02-21T22:28:20.555+0000] {processor.py:179} INFO - Processing /opt/airflow/dags/dag_airflow.py took 0.065 seconds
[2025-02-21T22:28:50.694+0000] {processor.py:157} INFO - Started process (PID=1604) to work on /opt/airflow/dags/dag_airflow.py
[2025-02-21T22:28:50.696+0000] {processor.py:829} INFO - Processing file /opt/airflow/dags/dag_airflow.py for tasks to queue
[2025-02-21T22:28:50.697+0000] {logging_mixin.py:151} INFO - [2025-02-21T22:28:50.696+0000] {dagbag.py:539} INFO - Filling up the DagBag from /opt/airflow/dags/dag_airflow.py
[2025-02-21T22:28:50.728+0000] {logging_mixin.py:151} INFO - [2025-02-21T22:28:50.721+0000] {dagbag.py:347} ERROR - Failed to import: /opt/airflow/dags/dag_airflow.py
Traceback (most recent call last):
  File "/home/airflow/.local/lib/python3.8/site-packages/airflow/models/dagbag.py", line 343, in parse
    loader.exec_module(new_module)
  File "<frozen importlib._bootstrap_external>", line 843, in exec_module
  File "<frozen importlib._bootstrap>", line 219, in _call_with_frames_removed
  File "/opt/airflow/dags/dag_airflow.py", line 81, in <module>
    create_kafka_topic >> check_kafka >> start_producer >> start_consumer >> verify_postgres
  File "/home/airflow/.local/lib/python3.8/site-packages/airflow/models/taskmixin.py", line 103, in __rshift__
    self.set_downstream(other)
  File "/home/airflow/.local/lib/python3.8/site-packages/airflow/models/taskmixin.py", line 261, in set_downstream
    self._set_relatives(task_or_task_list, upstream=False, edge_modifier=edge_modifier)
  File "/home/airflow/.local/lib/python3.8/site-packages/airflow/models/taskmixin.py", line 213, in _set_relatives
    task_object.update_relative(self, not upstream, edge_modifier=edge_modifier)
AttributeError: 'function' object has no attribute 'update_relative'
[2025-02-21T22:28:50.728+0000] {processor.py:841} WARNING - No viable dags retrieved from /opt/airflow/dags/dag_airflow.py
[2025-02-21T22:28:51.795+0000] {processor.py:179} INFO - Processing /opt/airflow/dags/dag_airflow.py took 0.065 seconds
[2025-02-21T22:29:23.940+0000] {processor.py:157} INFO - Started process (PID=1609) to work on /opt/airflow/dags/dag_airflow.py
[2025-02-21T22:29:23.941+0000] {processor.py:829} INFO - Processing file /opt/airflow/dags/dag_airflow.py for tasks to queue
[2025-02-21T22:29:23.943+0000] {logging_mixin.py:151} INFO - [2025-02-21T22:29:23.943+0000] {dagbag.py:539} INFO - Filling up the DagBag from /opt/airflow/dags/dag_airflow.py
[2025-02-21T22:29:23.979+0000] {logging_mixin.py:151} INFO - [2025-02-21T22:29:23.974+0000] {dagbag.py:347} ERROR - Failed to import: /opt/airflow/dags/dag_airflow.py
Traceback (most recent call last):
  File "/home/airflow/.local/lib/python3.8/site-packages/airflow/models/dagbag.py", line 343, in parse
    loader.exec_module(new_module)
  File "<frozen importlib._bootstrap_external>", line 843, in exec_module
  File "<frozen importlib._bootstrap>", line 219, in _call_with_frames_removed
  File "/opt/airflow/dags/dag_airflow.py", line 81, in <module>
    create_kafka_topic >> check_kafka >> start_producer >> start_consumer >> verify_postgres
  File "/home/airflow/.local/lib/python3.8/site-packages/airflow/models/taskmixin.py", line 103, in __rshift__
    self.set_downstream(other)
  File "/home/airflow/.local/lib/python3.8/site-packages/airflow/models/taskmixin.py", line 261, in set_downstream
    self._set_relatives(task_or_task_list, upstream=False, edge_modifier=edge_modifier)
  File "/home/airflow/.local/lib/python3.8/site-packages/airflow/models/taskmixin.py", line 213, in _set_relatives
    task_object.update_relative(self, not upstream, edge_modifier=edge_modifier)
AttributeError: 'function' object has no attribute 'update_relative'
[2025-02-21T22:29:23.980+0000] {processor.py:841} WARNING - No viable dags retrieved from /opt/airflow/dags/dag_airflow.py
[2025-02-21T22:29:24.020+0000] {processor.py:179} INFO - Processing /opt/airflow/dags/dag_airflow.py took 0.085 seconds
[2025-02-21T22:29:56.200+0000] {processor.py:157} INFO - Started process (PID=1614) to work on /opt/airflow/dags/dag_airflow.py
[2025-02-21T22:29:56.202+0000] {processor.py:829} INFO - Processing file /opt/airflow/dags/dag_airflow.py for tasks to queue
[2025-02-21T22:29:56.203+0000] {logging_mixin.py:151} INFO - [2025-02-21T22:29:56.203+0000] {dagbag.py:539} INFO - Filling up the DagBag from /opt/airflow/dags/dag_airflow.py
[2025-02-21T22:29:56.233+0000] {logging_mixin.py:151} INFO - [2025-02-21T22:29:56.227+0000] {dagbag.py:347} ERROR - Failed to import: /opt/airflow/dags/dag_airflow.py
Traceback (most recent call last):
  File "/home/airflow/.local/lib/python3.8/site-packages/airflow/models/dagbag.py", line 343, in parse
    loader.exec_module(new_module)
  File "<frozen importlib._bootstrap_external>", line 843, in exec_module
  File "<frozen importlib._bootstrap>", line 219, in _call_with_frames_removed
  File "/opt/airflow/dags/dag_airflow.py", line 81, in <module>
    create_kafka_topic >> check_kafka >> start_producer >> start_consumer >> verify_postgres
  File "/home/airflow/.local/lib/python3.8/site-packages/airflow/models/taskmixin.py", line 103, in __rshift__
    self.set_downstream(other)
  File "/home/airflow/.local/lib/python3.8/site-packages/airflow/models/taskmixin.py", line 261, in set_downstream
    self._set_relatives(task_or_task_list, upstream=False, edge_modifier=edge_modifier)
  File "/home/airflow/.local/lib/python3.8/site-packages/airflow/models/taskmixin.py", line 213, in _set_relatives
    task_object.update_relative(self, not upstream, edge_modifier=edge_modifier)
AttributeError: 'function' object has no attribute 'update_relative'
[2025-02-21T22:29:56.234+0000] {processor.py:841} WARNING - No viable dags retrieved from /opt/airflow/dags/dag_airflow.py
[2025-02-21T22:29:56.260+0000] {processor.py:179} INFO - Processing /opt/airflow/dags/dag_airflow.py took 0.084 seconds
[2025-02-21T22:30:28.375+0000] {processor.py:157} INFO - Started process (PID=1619) to work on /opt/airflow/dags/dag_airflow.py
[2025-02-21T22:30:28.376+0000] {processor.py:829} INFO - Processing file /opt/airflow/dags/dag_airflow.py for tasks to queue
[2025-02-21T22:30:28.377+0000] {logging_mixin.py:151} INFO - [2025-02-21T22:30:28.377+0000] {dagbag.py:539} INFO - Filling up the DagBag from /opt/airflow/dags/dag_airflow.py
[2025-02-21T22:30:28.405+0000] {logging_mixin.py:151} INFO - [2025-02-21T22:30:28.399+0000] {dagbag.py:347} ERROR - Failed to import: /opt/airflow/dags/dag_airflow.py
Traceback (most recent call last):
  File "/home/airflow/.local/lib/python3.8/site-packages/airflow/models/dagbag.py", line 343, in parse
    loader.exec_module(new_module)
  File "<frozen importlib._bootstrap_external>", line 843, in exec_module
  File "<frozen importlib._bootstrap>", line 219, in _call_with_frames_removed
  File "/opt/airflow/dags/dag_airflow.py", line 81, in <module>
    create_kafka_topic >> check_kafka >> start_producer >> start_consumer >> verify_postgres
  File "/home/airflow/.local/lib/python3.8/site-packages/airflow/models/taskmixin.py", line 103, in __rshift__
    self.set_downstream(other)
  File "/home/airflow/.local/lib/python3.8/site-packages/airflow/models/taskmixin.py", line 261, in set_downstream
    self._set_relatives(task_or_task_list, upstream=False, edge_modifier=edge_modifier)
  File "/home/airflow/.local/lib/python3.8/site-packages/airflow/models/taskmixin.py", line 213, in _set_relatives
    task_object.update_relative(self, not upstream, edge_modifier=edge_modifier)
AttributeError: 'function' object has no attribute 'update_relative'
[2025-02-21T22:30:28.406+0000] {processor.py:841} WARNING - No viable dags retrieved from /opt/airflow/dags/dag_airflow.py
[2025-02-21T22:30:28.444+0000] {processor.py:179} INFO - Processing /opt/airflow/dags/dag_airflow.py took 0.073 seconds
[2025-02-21T22:30:59.713+0000] {processor.py:157} INFO - Started process (PID=1624) to work on /opt/airflow/dags/dag_airflow.py
[2025-02-21T22:30:59.714+0000] {processor.py:829} INFO - Processing file /opt/airflow/dags/dag_airflow.py for tasks to queue
[2025-02-21T22:30:59.715+0000] {logging_mixin.py:151} INFO - [2025-02-21T22:30:59.715+0000] {dagbag.py:539} INFO - Filling up the DagBag from /opt/airflow/dags/dag_airflow.py
[2025-02-21T22:30:59.743+0000] {logging_mixin.py:151} INFO - [2025-02-21T22:30:59.738+0000] {dagbag.py:347} ERROR - Failed to import: /opt/airflow/dags/dag_airflow.py
Traceback (most recent call last):
  File "/home/airflow/.local/lib/python3.8/site-packages/airflow/models/dagbag.py", line 343, in parse
    loader.exec_module(new_module)
  File "<frozen importlib._bootstrap_external>", line 843, in exec_module
  File "<frozen importlib._bootstrap>", line 219, in _call_with_frames_removed
  File "/opt/airflow/dags/dag_airflow.py", line 81, in <module>
    create_kafka_topic >> check_kafka >> start_producer >> start_consumer >> verify_postgres
  File "/home/airflow/.local/lib/python3.8/site-packages/airflow/models/taskmixin.py", line 103, in __rshift__
    self.set_downstream(other)
  File "/home/airflow/.local/lib/python3.8/site-packages/airflow/models/taskmixin.py", line 261, in set_downstream
    self._set_relatives(task_or_task_list, upstream=False, edge_modifier=edge_modifier)
  File "/home/airflow/.local/lib/python3.8/site-packages/airflow/models/taskmixin.py", line 213, in _set_relatives
    task_object.update_relative(self, not upstream, edge_modifier=edge_modifier)
AttributeError: 'function' object has no attribute 'update_relative'
[2025-02-21T22:30:59.744+0000] {processor.py:841} WARNING - No viable dags retrieved from /opt/airflow/dags/dag_airflow.py
[2025-02-21T22:30:59.767+0000] {processor.py:179} INFO - Processing /opt/airflow/dags/dag_airflow.py took 0.057 seconds
[2025-02-21T22:31:31.871+0000] {processor.py:157} INFO - Started process (PID=1629) to work on /opt/airflow/dags/dag_airflow.py
[2025-02-21T22:31:31.873+0000] {processor.py:829} INFO - Processing file /opt/airflow/dags/dag_airflow.py for tasks to queue
[2025-02-21T22:31:31.874+0000] {logging_mixin.py:151} INFO - [2025-02-21T22:31:31.874+0000] {dagbag.py:539} INFO - Filling up the DagBag from /opt/airflow/dags/dag_airflow.py
[2025-02-21T22:31:31.905+0000] {logging_mixin.py:151} INFO - [2025-02-21T22:31:31.899+0000] {dagbag.py:347} ERROR - Failed to import: /opt/airflow/dags/dag_airflow.py
Traceback (most recent call last):
  File "/home/airflow/.local/lib/python3.8/site-packages/airflow/models/dagbag.py", line 343, in parse
    loader.exec_module(new_module)
  File "<frozen importlib._bootstrap_external>", line 843, in exec_module
  File "<frozen importlib._bootstrap>", line 219, in _call_with_frames_removed
  File "/opt/airflow/dags/dag_airflow.py", line 81, in <module>
    create_kafka_topic >> check_kafka >> start_producer >> start_consumer >> verify_postgres
  File "/home/airflow/.local/lib/python3.8/site-packages/airflow/models/taskmixin.py", line 103, in __rshift__
    self.set_downstream(other)
  File "/home/airflow/.local/lib/python3.8/site-packages/airflow/models/taskmixin.py", line 261, in set_downstream
    self._set_relatives(task_or_task_list, upstream=False, edge_modifier=edge_modifier)
  File "/home/airflow/.local/lib/python3.8/site-packages/airflow/models/taskmixin.py", line 213, in _set_relatives
    task_object.update_relative(self, not upstream, edge_modifier=edge_modifier)
AttributeError: 'function' object has no attribute 'update_relative'
[2025-02-21T22:31:31.906+0000] {processor.py:841} WARNING - No viable dags retrieved from /opt/airflow/dags/dag_airflow.py
[2025-02-21T22:31:31.935+0000] {processor.py:179} INFO - Processing /opt/airflow/dags/dag_airflow.py took 0.067 seconds
[2025-02-21T22:32:04.070+0000] {processor.py:157} INFO - Started process (PID=1634) to work on /opt/airflow/dags/dag_airflow.py
[2025-02-21T22:32:04.072+0000] {processor.py:829} INFO - Processing file /opt/airflow/dags/dag_airflow.py for tasks to queue
[2025-02-21T22:32:04.074+0000] {logging_mixin.py:151} INFO - [2025-02-21T22:32:04.073+0000] {dagbag.py:539} INFO - Filling up the DagBag from /opt/airflow/dags/dag_airflow.py
[2025-02-21T22:32:04.111+0000] {logging_mixin.py:151} INFO - [2025-02-21T22:32:04.106+0000] {dagbag.py:347} ERROR - Failed to import: /opt/airflow/dags/dag_airflow.py
Traceback (most recent call last):
  File "/home/airflow/.local/lib/python3.8/site-packages/airflow/models/dagbag.py", line 343, in parse
    loader.exec_module(new_module)
  File "<frozen importlib._bootstrap_external>", line 843, in exec_module
  File "<frozen importlib._bootstrap>", line 219, in _call_with_frames_removed
  File "/opt/airflow/dags/dag_airflow.py", line 81, in <module>
    create_kafka_topic >> check_kafka >> start_producer >> start_consumer >> verify_postgres
  File "/home/airflow/.local/lib/python3.8/site-packages/airflow/models/taskmixin.py", line 103, in __rshift__
    self.set_downstream(other)
  File "/home/airflow/.local/lib/python3.8/site-packages/airflow/models/taskmixin.py", line 261, in set_downstream
    self._set_relatives(task_or_task_list, upstream=False, edge_modifier=edge_modifier)
  File "/home/airflow/.local/lib/python3.8/site-packages/airflow/models/taskmixin.py", line 213, in _set_relatives
    task_object.update_relative(self, not upstream, edge_modifier=edge_modifier)
AttributeError: 'function' object has no attribute 'update_relative'
[2025-02-21T22:32:04.112+0000] {processor.py:841} WARNING - No viable dags retrieved from /opt/airflow/dags/dag_airflow.py
[2025-02-21T22:32:04.150+0000] {processor.py:179} INFO - Processing /opt/airflow/dags/dag_airflow.py took 0.085 seconds
[2025-02-21T22:32:36.308+0000] {processor.py:157} INFO - Started process (PID=1639) to work on /opt/airflow/dags/dag_airflow.py
[2025-02-21T22:32:36.309+0000] {processor.py:829} INFO - Processing file /opt/airflow/dags/dag_airflow.py for tasks to queue
[2025-02-21T22:32:36.317+0000] {logging_mixin.py:151} INFO - [2025-02-21T22:32:36.314+0000] {dagbag.py:539} INFO - Filling up the DagBag from /opt/airflow/dags/dag_airflow.py
[2025-02-21T22:32:36.349+0000] {logging_mixin.py:151} INFO - [2025-02-21T22:32:36.342+0000] {dagbag.py:347} ERROR - Failed to import: /opt/airflow/dags/dag_airflow.py
Traceback (most recent call last):
  File "/home/airflow/.local/lib/python3.8/site-packages/airflow/models/dagbag.py", line 343, in parse
    loader.exec_module(new_module)
  File "<frozen importlib._bootstrap_external>", line 843, in exec_module
  File "<frozen importlib._bootstrap>", line 219, in _call_with_frames_removed
  File "/opt/airflow/dags/dag_airflow.py", line 81, in <module>
    create_kafka_topic >> check_kafka >> start_producer >> start_consumer >> verify_postgres
  File "/home/airflow/.local/lib/python3.8/site-packages/airflow/models/taskmixin.py", line 103, in __rshift__
    self.set_downstream(other)
  File "/home/airflow/.local/lib/python3.8/site-packages/airflow/models/taskmixin.py", line 261, in set_downstream
    self._set_relatives(task_or_task_list, upstream=False, edge_modifier=edge_modifier)
  File "/home/airflow/.local/lib/python3.8/site-packages/airflow/models/taskmixin.py", line 213, in _set_relatives
    task_object.update_relative(self, not upstream, edge_modifier=edge_modifier)
AttributeError: 'function' object has no attribute 'update_relative'
[2025-02-21T22:32:36.350+0000] {processor.py:841} WARNING - No viable dags retrieved from /opt/airflow/dags/dag_airflow.py
[2025-02-21T22:32:36.431+0000] {processor.py:179} INFO - Processing /opt/airflow/dags/dag_airflow.py took 0.129 seconds
[2025-02-21T22:33:07.615+0000] {processor.py:157} INFO - Started process (PID=1644) to work on /opt/airflow/dags/dag_airflow.py
[2025-02-21T22:33:07.616+0000] {processor.py:829} INFO - Processing file /opt/airflow/dags/dag_airflow.py for tasks to queue
[2025-02-21T22:33:07.617+0000] {logging_mixin.py:151} INFO - [2025-02-21T22:33:07.617+0000] {dagbag.py:539} INFO - Filling up the DagBag from /opt/airflow/dags/dag_airflow.py
[2025-02-21T22:33:07.646+0000] {logging_mixin.py:151} INFO - [2025-02-21T22:33:07.641+0000] {dagbag.py:347} ERROR - Failed to import: /opt/airflow/dags/dag_airflow.py
Traceback (most recent call last):
  File "/home/airflow/.local/lib/python3.8/site-packages/airflow/models/dagbag.py", line 343, in parse
    loader.exec_module(new_module)
  File "<frozen importlib._bootstrap_external>", line 843, in exec_module
  File "<frozen importlib._bootstrap>", line 219, in _call_with_frames_removed
  File "/opt/airflow/dags/dag_airflow.py", line 81, in <module>
    create_kafka_topic >> check_kafka >> start_producer >> start_consumer >> verify_postgres
  File "/home/airflow/.local/lib/python3.8/site-packages/airflow/models/taskmixin.py", line 103, in __rshift__
    self.set_downstream(other)
  File "/home/airflow/.local/lib/python3.8/site-packages/airflow/models/taskmixin.py", line 261, in set_downstream
    self._set_relatives(task_or_task_list, upstream=False, edge_modifier=edge_modifier)
  File "/home/airflow/.local/lib/python3.8/site-packages/airflow/models/taskmixin.py", line 213, in _set_relatives
    task_object.update_relative(self, not upstream, edge_modifier=edge_modifier)
AttributeError: 'function' object has no attribute 'update_relative'
[2025-02-21T22:33:07.647+0000] {processor.py:841} WARNING - No viable dags retrieved from /opt/airflow/dags/dag_airflow.py
[2025-02-21T22:33:07.674+0000] {processor.py:179} INFO - Processing /opt/airflow/dags/dag_airflow.py took 0.062 seconds
[2025-02-21T22:33:39.838+0000] {processor.py:157} INFO - Started process (PID=1649) to work on /opt/airflow/dags/dag_airflow.py
[2025-02-21T22:33:39.839+0000] {processor.py:829} INFO - Processing file /opt/airflow/dags/dag_airflow.py for tasks to queue
[2025-02-21T22:33:39.841+0000] {logging_mixin.py:151} INFO - [2025-02-21T22:33:39.841+0000] {dagbag.py:539} INFO - Filling up the DagBag from /opt/airflow/dags/dag_airflow.py
[2025-02-21T22:33:39.873+0000] {logging_mixin.py:151} INFO - [2025-02-21T22:33:39.867+0000] {dagbag.py:347} ERROR - Failed to import: /opt/airflow/dags/dag_airflow.py
Traceback (most recent call last):
  File "/home/airflow/.local/lib/python3.8/site-packages/airflow/models/dagbag.py", line 343, in parse
    loader.exec_module(new_module)
  File "<frozen importlib._bootstrap_external>", line 843, in exec_module
  File "<frozen importlib._bootstrap>", line 219, in _call_with_frames_removed
  File "/opt/airflow/dags/dag_airflow.py", line 81, in <module>
    create_kafka_topic >> check_kafka >> start_producer >> start_consumer >> verify_postgres
  File "/home/airflow/.local/lib/python3.8/site-packages/airflow/models/taskmixin.py", line 103, in __rshift__
    self.set_downstream(other)
  File "/home/airflow/.local/lib/python3.8/site-packages/airflow/models/taskmixin.py", line 261, in set_downstream
    self._set_relatives(task_or_task_list, upstream=False, edge_modifier=edge_modifier)
  File "/home/airflow/.local/lib/python3.8/site-packages/airflow/models/taskmixin.py", line 213, in _set_relatives
    task_object.update_relative(self, not upstream, edge_modifier=edge_modifier)
AttributeError: 'function' object has no attribute 'update_relative'
[2025-02-21T22:33:39.874+0000] {processor.py:841} WARNING - No viable dags retrieved from /opt/airflow/dags/dag_airflow.py
[2025-02-21T22:33:39.918+0000] {processor.py:179} INFO - Processing /opt/airflow/dags/dag_airflow.py took 0.083 seconds
[2025-02-21T22:34:12.027+0000] {processor.py:157} INFO - Started process (PID=1654) to work on /opt/airflow/dags/dag_airflow.py
[2025-02-21T22:34:12.028+0000] {processor.py:829} INFO - Processing file /opt/airflow/dags/dag_airflow.py for tasks to queue
[2025-02-21T22:34:12.030+0000] {logging_mixin.py:151} INFO - [2025-02-21T22:34:12.029+0000] {dagbag.py:539} INFO - Filling up the DagBag from /opt/airflow/dags/dag_airflow.py
[2025-02-21T22:34:12.060+0000] {logging_mixin.py:151} INFO - [2025-02-21T22:34:12.053+0000] {dagbag.py:347} ERROR - Failed to import: /opt/airflow/dags/dag_airflow.py
Traceback (most recent call last):
  File "/home/airflow/.local/lib/python3.8/site-packages/airflow/models/dagbag.py", line 343, in parse
    loader.exec_module(new_module)
  File "<frozen importlib._bootstrap_external>", line 843, in exec_module
  File "<frozen importlib._bootstrap>", line 219, in _call_with_frames_removed
  File "/opt/airflow/dags/dag_airflow.py", line 81, in <module>
    create_kafka_topic >> check_kafka >> start_producer >> start_consumer >> verify_postgres
  File "/home/airflow/.local/lib/python3.8/site-packages/airflow/models/taskmixin.py", line 103, in __rshift__
    self.set_downstream(other)
  File "/home/airflow/.local/lib/python3.8/site-packages/airflow/models/taskmixin.py", line 261, in set_downstream
    self._set_relatives(task_or_task_list, upstream=False, edge_modifier=edge_modifier)
  File "/home/airflow/.local/lib/python3.8/site-packages/airflow/models/taskmixin.py", line 213, in _set_relatives
    task_object.update_relative(self, not upstream, edge_modifier=edge_modifier)
AttributeError: 'function' object has no attribute 'update_relative'
[2025-02-21T22:34:12.061+0000] {processor.py:841} WARNING - No viable dags retrieved from /opt/airflow/dags/dag_airflow.py
[2025-02-21T22:34:12.087+0000] {processor.py:179} INFO - Processing /opt/airflow/dags/dag_airflow.py took 0.064 seconds
[2025-02-21T22:34:44.266+0000] {processor.py:157} INFO - Started process (PID=1659) to work on /opt/airflow/dags/dag_airflow.py
[2025-02-21T22:34:44.267+0000] {processor.py:829} INFO - Processing file /opt/airflow/dags/dag_airflow.py for tasks to queue
[2025-02-21T22:34:44.268+0000] {logging_mixin.py:151} INFO - [2025-02-21T22:34:44.268+0000] {dagbag.py:539} INFO - Filling up the DagBag from /opt/airflow/dags/dag_airflow.py
[2025-02-21T22:34:44.291+0000] {logging_mixin.py:151} INFO - [2025-02-21T22:34:44.287+0000] {dagbag.py:347} ERROR - Failed to import: /opt/airflow/dags/dag_airflow.py
Traceback (most recent call last):
  File "/home/airflow/.local/lib/python3.8/site-packages/airflow/models/dagbag.py", line 343, in parse
    loader.exec_module(new_module)
  File "<frozen importlib._bootstrap_external>", line 843, in exec_module
  File "<frozen importlib._bootstrap>", line 219, in _call_with_frames_removed
  File "/opt/airflow/dags/dag_airflow.py", line 81, in <module>
    create_kafka_topic >> check_kafka >> start_producer >> start_consumer >> verify_postgres
  File "/home/airflow/.local/lib/python3.8/site-packages/airflow/models/taskmixin.py", line 103, in __rshift__
    self.set_downstream(other)
  File "/home/airflow/.local/lib/python3.8/site-packages/airflow/models/taskmixin.py", line 261, in set_downstream
    self._set_relatives(task_or_task_list, upstream=False, edge_modifier=edge_modifier)
  File "/home/airflow/.local/lib/python3.8/site-packages/airflow/models/taskmixin.py", line 213, in _set_relatives
    task_object.update_relative(self, not upstream, edge_modifier=edge_modifier)
AttributeError: 'function' object has no attribute 'update_relative'
[2025-02-21T22:34:44.292+0000] {processor.py:841} WARNING - No viable dags retrieved from /opt/airflow/dags/dag_airflow.py
[2025-02-21T22:34:44.317+0000] {processor.py:179} INFO - Processing /opt/airflow/dags/dag_airflow.py took 0.055 seconds
[2025-02-21T22:35:15.546+0000] {processor.py:157} INFO - Started process (PID=1664) to work on /opt/airflow/dags/dag_airflow.py
[2025-02-21T22:35:15.547+0000] {processor.py:829} INFO - Processing file /opt/airflow/dags/dag_airflow.py for tasks to queue
[2025-02-21T22:35:15.548+0000] {logging_mixin.py:151} INFO - [2025-02-21T22:35:15.548+0000] {dagbag.py:539} INFO - Filling up the DagBag from /opt/airflow/dags/dag_airflow.py
[2025-02-21T22:35:15.585+0000] {logging_mixin.py:151} INFO - [2025-02-21T22:35:15.578+0000] {dagbag.py:347} ERROR - Failed to import: /opt/airflow/dags/dag_airflow.py
Traceback (most recent call last):
  File "/home/airflow/.local/lib/python3.8/site-packages/airflow/models/dagbag.py", line 343, in parse
    loader.exec_module(new_module)
  File "<frozen importlib._bootstrap_external>", line 843, in exec_module
  File "<frozen importlib._bootstrap>", line 219, in _call_with_frames_removed
  File "/opt/airflow/dags/dag_airflow.py", line 81, in <module>
    create_kafka_topic >> check_kafka >> start_producer >> start_consumer >> verify_postgres
  File "/home/airflow/.local/lib/python3.8/site-packages/airflow/models/taskmixin.py", line 103, in __rshift__
    self.set_downstream(other)
  File "/home/airflow/.local/lib/python3.8/site-packages/airflow/models/taskmixin.py", line 261, in set_downstream
    self._set_relatives(task_or_task_list, upstream=False, edge_modifier=edge_modifier)
  File "/home/airflow/.local/lib/python3.8/site-packages/airflow/models/taskmixin.py", line 213, in _set_relatives
    task_object.update_relative(self, not upstream, edge_modifier=edge_modifier)
AttributeError: 'function' object has no attribute 'update_relative'
[2025-02-21T22:35:15.586+0000] {processor.py:841} WARNING - No viable dags retrieved from /opt/airflow/dags/dag_airflow.py
[2025-02-21T22:35:15.609+0000] {processor.py:179} INFO - Processing /opt/airflow/dags/dag_airflow.py took 0.066 seconds
[2025-02-21T22:35:47.769+0000] {processor.py:157} INFO - Started process (PID=1669) to work on /opt/airflow/dags/dag_airflow.py
[2025-02-21T22:35:47.770+0000] {processor.py:829} INFO - Processing file /opt/airflow/dags/dag_airflow.py for tasks to queue
[2025-02-21T22:35:47.771+0000] {logging_mixin.py:151} INFO - [2025-02-21T22:35:47.771+0000] {dagbag.py:539} INFO - Filling up the DagBag from /opt/airflow/dags/dag_airflow.py
[2025-02-21T22:35:47.813+0000] {logging_mixin.py:151} INFO - [2025-02-21T22:35:47.809+0000] {dagbag.py:347} ERROR - Failed to import: /opt/airflow/dags/dag_airflow.py
Traceback (most recent call last):
  File "/home/airflow/.local/lib/python3.8/site-packages/airflow/models/dagbag.py", line 343, in parse
    loader.exec_module(new_module)
  File "<frozen importlib._bootstrap_external>", line 843, in exec_module
  File "<frozen importlib._bootstrap>", line 219, in _call_with_frames_removed
  File "/opt/airflow/dags/dag_airflow.py", line 81, in <module>
    create_kafka_topic >> check_kafka >> start_producer >> start_consumer >> verify_postgres
  File "/home/airflow/.local/lib/python3.8/site-packages/airflow/models/taskmixin.py", line 103, in __rshift__
    self.set_downstream(other)
  File "/home/airflow/.local/lib/python3.8/site-packages/airflow/models/taskmixin.py", line 261, in set_downstream
    self._set_relatives(task_or_task_list, upstream=False, edge_modifier=edge_modifier)
  File "/home/airflow/.local/lib/python3.8/site-packages/airflow/models/taskmixin.py", line 213, in _set_relatives
    task_object.update_relative(self, not upstream, edge_modifier=edge_modifier)
AttributeError: 'function' object has no attribute 'update_relative'
[2025-02-21T22:35:47.814+0000] {processor.py:841} WARNING - No viable dags retrieved from /opt/airflow/dags/dag_airflow.py
[2025-02-21T22:35:47.842+0000] {processor.py:179} INFO - Processing /opt/airflow/dags/dag_airflow.py took 0.078 seconds
[2025-02-21T22:36:19.925+0000] {processor.py:157} INFO - Started process (PID=1674) to work on /opt/airflow/dags/dag_airflow.py
[2025-02-21T22:36:19.926+0000] {processor.py:829} INFO - Processing file /opt/airflow/dags/dag_airflow.py for tasks to queue
[2025-02-21T22:36:19.927+0000] {logging_mixin.py:151} INFO - [2025-02-21T22:36:19.927+0000] {dagbag.py:539} INFO - Filling up the DagBag from /opt/airflow/dags/dag_airflow.py
[2025-02-21T22:36:19.957+0000] {logging_mixin.py:151} INFO - [2025-02-21T22:36:19.951+0000] {dagbag.py:347} ERROR - Failed to import: /opt/airflow/dags/dag_airflow.py
Traceback (most recent call last):
  File "/home/airflow/.local/lib/python3.8/site-packages/airflow/models/dagbag.py", line 343, in parse
    loader.exec_module(new_module)
  File "<frozen importlib._bootstrap_external>", line 843, in exec_module
  File "<frozen importlib._bootstrap>", line 219, in _call_with_frames_removed
  File "/opt/airflow/dags/dag_airflow.py", line 81, in <module>
    create_kafka_topic >> check_kafka >> start_producer >> start_consumer >> verify_postgres
  File "/home/airflow/.local/lib/python3.8/site-packages/airflow/models/taskmixin.py", line 103, in __rshift__
    self.set_downstream(other)
  File "/home/airflow/.local/lib/python3.8/site-packages/airflow/models/taskmixin.py", line 261, in set_downstream
    self._set_relatives(task_or_task_list, upstream=False, edge_modifier=edge_modifier)
  File "/home/airflow/.local/lib/python3.8/site-packages/airflow/models/taskmixin.py", line 213, in _set_relatives
    task_object.update_relative(self, not upstream, edge_modifier=edge_modifier)
AttributeError: 'function' object has no attribute 'update_relative'
[2025-02-21T22:36:19.958+0000] {processor.py:841} WARNING - No viable dags retrieved from /opt/airflow/dags/dag_airflow.py
[2025-02-21T22:36:19.983+0000] {processor.py:179} INFO - Processing /opt/airflow/dags/dag_airflow.py took 0.062 seconds
[2025-02-21T22:36:52.178+0000] {processor.py:157} INFO - Started process (PID=1679) to work on /opt/airflow/dags/dag_airflow.py
[2025-02-21T22:36:52.179+0000] {processor.py:829} INFO - Processing file /opt/airflow/dags/dag_airflow.py for tasks to queue
[2025-02-21T22:36:52.180+0000] {logging_mixin.py:151} INFO - [2025-02-21T22:36:52.180+0000] {dagbag.py:539} INFO - Filling up the DagBag from /opt/airflow/dags/dag_airflow.py
[2025-02-21T22:36:52.214+0000] {logging_mixin.py:151} INFO - [2025-02-21T22:36:52.207+0000] {dagbag.py:347} ERROR - Failed to import: /opt/airflow/dags/dag_airflow.py
Traceback (most recent call last):
  File "/home/airflow/.local/lib/python3.8/site-packages/airflow/models/dagbag.py", line 343, in parse
    loader.exec_module(new_module)
  File "<frozen importlib._bootstrap_external>", line 843, in exec_module
  File "<frozen importlib._bootstrap>", line 219, in _call_with_frames_removed
  File "/opt/airflow/dags/dag_airflow.py", line 81, in <module>
    create_kafka_topic >> check_kafka >> start_producer >> start_consumer >> verify_postgres
  File "/home/airflow/.local/lib/python3.8/site-packages/airflow/models/taskmixin.py", line 103, in __rshift__
    self.set_downstream(other)
  File "/home/airflow/.local/lib/python3.8/site-packages/airflow/models/taskmixin.py", line 261, in set_downstream
    self._set_relatives(task_or_task_list, upstream=False, edge_modifier=edge_modifier)
  File "/home/airflow/.local/lib/python3.8/site-packages/airflow/models/taskmixin.py", line 213, in _set_relatives
    task_object.update_relative(self, not upstream, edge_modifier=edge_modifier)
AttributeError: 'function' object has no attribute 'update_relative'
[2025-02-21T22:36:52.215+0000] {processor.py:841} WARNING - No viable dags retrieved from /opt/airflow/dags/dag_airflow.py
[2025-02-21T22:36:52.243+0000] {processor.py:179} INFO - Processing /opt/airflow/dags/dag_airflow.py took 0.068 seconds
[2025-02-21T22:37:23.389+0000] {processor.py:157} INFO - Started process (PID=1684) to work on /opt/airflow/dags/dag_airflow.py
[2025-02-21T22:37:23.390+0000] {processor.py:829} INFO - Processing file /opt/airflow/dags/dag_airflow.py for tasks to queue
[2025-02-21T22:37:23.391+0000] {logging_mixin.py:151} INFO - [2025-02-21T22:37:23.391+0000] {dagbag.py:539} INFO - Filling up the DagBag from /opt/airflow/dags/dag_airflow.py
[2025-02-21T22:37:23.418+0000] {logging_mixin.py:151} INFO - [2025-02-21T22:37:23.413+0000] {dagbag.py:347} ERROR - Failed to import: /opt/airflow/dags/dag_airflow.py
Traceback (most recent call last):
  File "/home/airflow/.local/lib/python3.8/site-packages/airflow/models/dagbag.py", line 343, in parse
    loader.exec_module(new_module)
  File "<frozen importlib._bootstrap_external>", line 843, in exec_module
  File "<frozen importlib._bootstrap>", line 219, in _call_with_frames_removed
  File "/opt/airflow/dags/dag_airflow.py", line 81, in <module>
    create_kafka_topic >> check_kafka >> start_producer >> start_consumer >> verify_postgres
  File "/home/airflow/.local/lib/python3.8/site-packages/airflow/models/taskmixin.py", line 103, in __rshift__
    self.set_downstream(other)
  File "/home/airflow/.local/lib/python3.8/site-packages/airflow/models/taskmixin.py", line 261, in set_downstream
    self._set_relatives(task_or_task_list, upstream=False, edge_modifier=edge_modifier)
  File "/home/airflow/.local/lib/python3.8/site-packages/airflow/models/taskmixin.py", line 213, in _set_relatives
    task_object.update_relative(self, not upstream, edge_modifier=edge_modifier)
AttributeError: 'function' object has no attribute 'update_relative'
[2025-02-21T22:37:23.419+0000] {processor.py:841} WARNING - No viable dags retrieved from /opt/airflow/dags/dag_airflow.py
[2025-02-21T22:37:23.447+0000] {processor.py:179} INFO - Processing /opt/airflow/dags/dag_airflow.py took 0.061 seconds
[2025-02-21T22:37:55.623+0000] {processor.py:157} INFO - Started process (PID=1689) to work on /opt/airflow/dags/dag_airflow.py
[2025-02-21T22:37:55.624+0000] {processor.py:829} INFO - Processing file /opt/airflow/dags/dag_airflow.py for tasks to queue
[2025-02-21T22:37:55.625+0000] {logging_mixin.py:151} INFO - [2025-02-21T22:37:55.625+0000] {dagbag.py:539} INFO - Filling up the DagBag from /opt/airflow/dags/dag_airflow.py
[2025-02-21T22:37:55.653+0000] {logging_mixin.py:151} INFO - [2025-02-21T22:37:55.648+0000] {dagbag.py:347} ERROR - Failed to import: /opt/airflow/dags/dag_airflow.py
Traceback (most recent call last):
  File "/home/airflow/.local/lib/python3.8/site-packages/airflow/models/dagbag.py", line 343, in parse
    loader.exec_module(new_module)
  File "<frozen importlib._bootstrap_external>", line 843, in exec_module
  File "<frozen importlib._bootstrap>", line 219, in _call_with_frames_removed
  File "/opt/airflow/dags/dag_airflow.py", line 81, in <module>
    create_kafka_topic >> check_kafka >> start_producer >> start_consumer >> verify_postgres
  File "/home/airflow/.local/lib/python3.8/site-packages/airflow/models/taskmixin.py", line 103, in __rshift__
    self.set_downstream(other)
  File "/home/airflow/.local/lib/python3.8/site-packages/airflow/models/taskmixin.py", line 261, in set_downstream
    self._set_relatives(task_or_task_list, upstream=False, edge_modifier=edge_modifier)
  File "/home/airflow/.local/lib/python3.8/site-packages/airflow/models/taskmixin.py", line 213, in _set_relatives
    task_object.update_relative(self, not upstream, edge_modifier=edge_modifier)
AttributeError: 'function' object has no attribute 'update_relative'
[2025-02-21T22:37:55.653+0000] {processor.py:841} WARNING - No viable dags retrieved from /opt/airflow/dags/dag_airflow.py
[2025-02-21T22:37:55.676+0000] {processor.py:179} INFO - Processing /opt/airflow/dags/dag_airflow.py took 0.057 seconds
[2025-02-21T22:38:27.839+0000] {processor.py:157} INFO - Started process (PID=1694) to work on /opt/airflow/dags/dag_airflow.py
[2025-02-21T22:38:27.842+0000] {processor.py:829} INFO - Processing file /opt/airflow/dags/dag_airflow.py for tasks to queue
[2025-02-21T22:38:27.844+0000] {logging_mixin.py:151} INFO - [2025-02-21T22:38:27.843+0000] {dagbag.py:539} INFO - Filling up the DagBag from /opt/airflow/dags/dag_airflow.py
[2025-02-21T22:38:27.877+0000] {logging_mixin.py:151} INFO - [2025-02-21T22:38:27.869+0000] {dagbag.py:347} ERROR - Failed to import: /opt/airflow/dags/dag_airflow.py
Traceback (most recent call last):
  File "/home/airflow/.local/lib/python3.8/site-packages/airflow/models/dagbag.py", line 343, in parse
    loader.exec_module(new_module)
  File "<frozen importlib._bootstrap_external>", line 843, in exec_module
  File "<frozen importlib._bootstrap>", line 219, in _call_with_frames_removed
  File "/opt/airflow/dags/dag_airflow.py", line 81, in <module>
    create_kafka_topic >> check_kafka >> start_producer >> start_consumer >> verify_postgres
  File "/home/airflow/.local/lib/python3.8/site-packages/airflow/models/taskmixin.py", line 103, in __rshift__
    self.set_downstream(other)
  File "/home/airflow/.local/lib/python3.8/site-packages/airflow/models/taskmixin.py", line 261, in set_downstream
    self._set_relatives(task_or_task_list, upstream=False, edge_modifier=edge_modifier)
  File "/home/airflow/.local/lib/python3.8/site-packages/airflow/models/taskmixin.py", line 213, in _set_relatives
    task_object.update_relative(self, not upstream, edge_modifier=edge_modifier)
AttributeError: 'function' object has no attribute 'update_relative'
[2025-02-21T22:38:27.879+0000] {processor.py:841} WARNING - No viable dags retrieved from /opt/airflow/dags/dag_airflow.py
[2025-02-21T22:38:27.915+0000] {processor.py:179} INFO - Processing /opt/airflow/dags/dag_airflow.py took 0.081 seconds
[2025-02-21T22:39:00.053+0000] {processor.py:157} INFO - Started process (PID=1699) to work on /opt/airflow/dags/dag_airflow.py
[2025-02-21T22:39:00.054+0000] {processor.py:829} INFO - Processing file /opt/airflow/dags/dag_airflow.py for tasks to queue
[2025-02-21T22:39:00.055+0000] {logging_mixin.py:151} INFO - [2025-02-21T22:39:00.055+0000] {dagbag.py:539} INFO - Filling up the DagBag from /opt/airflow/dags/dag_airflow.py
[2025-02-21T22:39:00.092+0000] {logging_mixin.py:151} INFO - [2025-02-21T22:39:00.080+0000] {dagbag.py:347} ERROR - Failed to import: /opt/airflow/dags/dag_airflow.py
Traceback (most recent call last):
  File "/home/airflow/.local/lib/python3.8/site-packages/airflow/models/dagbag.py", line 343, in parse
    loader.exec_module(new_module)
  File "<frozen importlib._bootstrap_external>", line 843, in exec_module
  File "<frozen importlib._bootstrap>", line 219, in _call_with_frames_removed
  File "/opt/airflow/dags/dag_airflow.py", line 81, in <module>
    create_kafka_topic >> check_kafka >> start_producer >> start_consumer >> verify_postgres
  File "/home/airflow/.local/lib/python3.8/site-packages/airflow/models/taskmixin.py", line 103, in __rshift__
    self.set_downstream(other)
  File "/home/airflow/.local/lib/python3.8/site-packages/airflow/models/taskmixin.py", line 261, in set_downstream
    self._set_relatives(task_or_task_list, upstream=False, edge_modifier=edge_modifier)
  File "/home/airflow/.local/lib/python3.8/site-packages/airflow/models/taskmixin.py", line 213, in _set_relatives
    task_object.update_relative(self, not upstream, edge_modifier=edge_modifier)
AttributeError: 'function' object has no attribute 'update_relative'
[2025-02-21T22:39:00.095+0000] {processor.py:841} WARNING - No viable dags retrieved from /opt/airflow/dags/dag_airflow.py
[2025-02-21T22:39:00.126+0000] {processor.py:179} INFO - Processing /opt/airflow/dags/dag_airflow.py took 0.078 seconds
[2025-02-21T22:39:31.372+0000] {processor.py:157} INFO - Started process (PID=1704) to work on /opt/airflow/dags/dag_airflow.py
[2025-02-21T22:39:31.373+0000] {processor.py:829} INFO - Processing file /opt/airflow/dags/dag_airflow.py for tasks to queue
[2025-02-21T22:39:31.374+0000] {logging_mixin.py:151} INFO - [2025-02-21T22:39:31.374+0000] {dagbag.py:539} INFO - Filling up the DagBag from /opt/airflow/dags/dag_airflow.py
[2025-02-21T22:39:31.400+0000] {logging_mixin.py:151} INFO - [2025-02-21T22:39:31.395+0000] {dagbag.py:347} ERROR - Failed to import: /opt/airflow/dags/dag_airflow.py
Traceback (most recent call last):
  File "/home/airflow/.local/lib/python3.8/site-packages/airflow/models/dagbag.py", line 343, in parse
    loader.exec_module(new_module)
  File "<frozen importlib._bootstrap_external>", line 843, in exec_module
  File "<frozen importlib._bootstrap>", line 219, in _call_with_frames_removed
  File "/opt/airflow/dags/dag_airflow.py", line 81, in <module>
    create_kafka_topic >> check_kafka >> start_producer >> start_consumer >> verify_postgres
  File "/home/airflow/.local/lib/python3.8/site-packages/airflow/models/taskmixin.py", line 103, in __rshift__
    self.set_downstream(other)
  File "/home/airflow/.local/lib/python3.8/site-packages/airflow/models/taskmixin.py", line 261, in set_downstream
    self._set_relatives(task_or_task_list, upstream=False, edge_modifier=edge_modifier)
  File "/home/airflow/.local/lib/python3.8/site-packages/airflow/models/taskmixin.py", line 213, in _set_relatives
    task_object.update_relative(self, not upstream, edge_modifier=edge_modifier)
AttributeError: 'function' object has no attribute 'update_relative'
[2025-02-21T22:39:31.401+0000] {processor.py:841} WARNING - No viable dags retrieved from /opt/airflow/dags/dag_airflow.py
[2025-02-21T22:39:31.426+0000] {processor.py:179} INFO - Processing /opt/airflow/dags/dag_airflow.py took 0.057 seconds
[2025-02-21T22:40:03.558+0000] {processor.py:157} INFO - Started process (PID=1709) to work on /opt/airflow/dags/dag_airflow.py
[2025-02-21T22:40:03.559+0000] {processor.py:829} INFO - Processing file /opt/airflow/dags/dag_airflow.py for tasks to queue
[2025-02-21T22:40:03.560+0000] {logging_mixin.py:151} INFO - [2025-02-21T22:40:03.560+0000] {dagbag.py:539} INFO - Filling up the DagBag from /opt/airflow/dags/dag_airflow.py
[2025-02-21T22:40:03.591+0000] {logging_mixin.py:151} INFO - [2025-02-21T22:40:03.584+0000] {dagbag.py:347} ERROR - Failed to import: /opt/airflow/dags/dag_airflow.py
Traceback (most recent call last):
  File "/home/airflow/.local/lib/python3.8/site-packages/airflow/models/dagbag.py", line 343, in parse
    loader.exec_module(new_module)
  File "<frozen importlib._bootstrap_external>", line 843, in exec_module
  File "<frozen importlib._bootstrap>", line 219, in _call_with_frames_removed
  File "/opt/airflow/dags/dag_airflow.py", line 81, in <module>
    create_kafka_topic >> check_kafka >> start_producer >> start_consumer >> verify_postgres
  File "/home/airflow/.local/lib/python3.8/site-packages/airflow/models/taskmixin.py", line 103, in __rshift__
    self.set_downstream(other)
  File "/home/airflow/.local/lib/python3.8/site-packages/airflow/models/taskmixin.py", line 261, in set_downstream
    self._set_relatives(task_or_task_list, upstream=False, edge_modifier=edge_modifier)
  File "/home/airflow/.local/lib/python3.8/site-packages/airflow/models/taskmixin.py", line 213, in _set_relatives
    task_object.update_relative(self, not upstream, edge_modifier=edge_modifier)
AttributeError: 'function' object has no attribute 'update_relative'
[2025-02-21T22:40:03.592+0000] {processor.py:841} WARNING - No viable dags retrieved from /opt/airflow/dags/dag_airflow.py
[2025-02-21T22:40:03.619+0000] {processor.py:179} INFO - Processing /opt/airflow/dags/dag_airflow.py took 0.065 seconds
[2025-02-21T22:40:35.688+0000] {processor.py:157} INFO - Started process (PID=1714) to work on /opt/airflow/dags/dag_airflow.py
[2025-02-21T22:40:35.689+0000] {processor.py:829} INFO - Processing file /opt/airflow/dags/dag_airflow.py for tasks to queue
[2025-02-21T22:40:35.690+0000] {logging_mixin.py:151} INFO - [2025-02-21T22:40:35.690+0000] {dagbag.py:539} INFO - Filling up the DagBag from /opt/airflow/dags/dag_airflow.py
[2025-02-21T22:40:35.722+0000] {logging_mixin.py:151} INFO - [2025-02-21T22:40:35.716+0000] {dagbag.py:347} ERROR - Failed to import: /opt/airflow/dags/dag_airflow.py
Traceback (most recent call last):
  File "/home/airflow/.local/lib/python3.8/site-packages/airflow/models/dagbag.py", line 343, in parse
    loader.exec_module(new_module)
  File "<frozen importlib._bootstrap_external>", line 843, in exec_module
  File "<frozen importlib._bootstrap>", line 219, in _call_with_frames_removed
  File "/opt/airflow/dags/dag_airflow.py", line 81, in <module>
    create_kafka_topic >> check_kafka >> start_producer >> start_consumer >> verify_postgres
  File "/home/airflow/.local/lib/python3.8/site-packages/airflow/models/taskmixin.py", line 103, in __rshift__
    self.set_downstream(other)
  File "/home/airflow/.local/lib/python3.8/site-packages/airflow/models/taskmixin.py", line 261, in set_downstream
    self._set_relatives(task_or_task_list, upstream=False, edge_modifier=edge_modifier)
  File "/home/airflow/.local/lib/python3.8/site-packages/airflow/models/taskmixin.py", line 213, in _set_relatives
    task_object.update_relative(self, not upstream, edge_modifier=edge_modifier)
AttributeError: 'function' object has no attribute 'update_relative'
[2025-02-21T22:40:35.723+0000] {processor.py:841} WARNING - No viable dags retrieved from /opt/airflow/dags/dag_airflow.py
[2025-02-21T22:40:35.752+0000] {processor.py:179} INFO - Processing /opt/airflow/dags/dag_airflow.py took 0.068 seconds
[2025-02-21T22:41:08.005+0000] {processor.py:157} INFO - Started process (PID=1719) to work on /opt/airflow/dags/dag_airflow.py
[2025-02-21T22:41:08.008+0000] {processor.py:829} INFO - Processing file /opt/airflow/dags/dag_airflow.py for tasks to queue
[2025-02-21T22:41:08.012+0000] {logging_mixin.py:151} INFO - [2025-02-21T22:41:08.012+0000] {dagbag.py:539} INFO - Filling up the DagBag from /opt/airflow/dags/dag_airflow.py
[2025-02-21T22:41:08.058+0000] {logging_mixin.py:151} INFO - [2025-02-21T22:41:08.052+0000] {dagbag.py:347} ERROR - Failed to import: /opt/airflow/dags/dag_airflow.py
Traceback (most recent call last):
  File "/home/airflow/.local/lib/python3.8/site-packages/airflow/models/dagbag.py", line 343, in parse
    loader.exec_module(new_module)
  File "<frozen importlib._bootstrap_external>", line 843, in exec_module
  File "<frozen importlib._bootstrap>", line 219, in _call_with_frames_removed
  File "/opt/airflow/dags/dag_airflow.py", line 81, in <module>
    create_kafka_topic >> check_kafka >> start_producer >> start_consumer >> verify_postgres
  File "/home/airflow/.local/lib/python3.8/site-packages/airflow/models/taskmixin.py", line 103, in __rshift__
    self.set_downstream(other)
  File "/home/airflow/.local/lib/python3.8/site-packages/airflow/models/taskmixin.py", line 261, in set_downstream
    self._set_relatives(task_or_task_list, upstream=False, edge_modifier=edge_modifier)
  File "/home/airflow/.local/lib/python3.8/site-packages/airflow/models/taskmixin.py", line 213, in _set_relatives
    task_object.update_relative(self, not upstream, edge_modifier=edge_modifier)
AttributeError: 'function' object has no attribute 'update_relative'
[2025-02-21T22:41:08.059+0000] {processor.py:841} WARNING - No viable dags retrieved from /opt/airflow/dags/dag_airflow.py
[2025-02-21T22:41:08.110+0000] {processor.py:179} INFO - Processing /opt/airflow/dags/dag_airflow.py took 0.109 seconds
[2025-02-21T22:41:39.243+0000] {processor.py:157} INFO - Started process (PID=1724) to work on /opt/airflow/dags/dag_airflow.py
[2025-02-21T22:41:39.244+0000] {processor.py:829} INFO - Processing file /opt/airflow/dags/dag_airflow.py for tasks to queue
[2025-02-21T22:41:39.245+0000] {logging_mixin.py:151} INFO - [2025-02-21T22:41:39.245+0000] {dagbag.py:539} INFO - Filling up the DagBag from /opt/airflow/dags/dag_airflow.py
[2025-02-21T22:41:39.272+0000] {logging_mixin.py:151} INFO - [2025-02-21T22:41:39.266+0000] {dagbag.py:347} ERROR - Failed to import: /opt/airflow/dags/dag_airflow.py
Traceback (most recent call last):
  File "/home/airflow/.local/lib/python3.8/site-packages/airflow/models/dagbag.py", line 343, in parse
    loader.exec_module(new_module)
  File "<frozen importlib._bootstrap_external>", line 843, in exec_module
  File "<frozen importlib._bootstrap>", line 219, in _call_with_frames_removed
  File "/opt/airflow/dags/dag_airflow.py", line 81, in <module>
    create_kafka_topic >> check_kafka >> start_producer >> start_consumer >> verify_postgres
  File "/home/airflow/.local/lib/python3.8/site-packages/airflow/models/taskmixin.py", line 103, in __rshift__
    self.set_downstream(other)
  File "/home/airflow/.local/lib/python3.8/site-packages/airflow/models/taskmixin.py", line 261, in set_downstream
    self._set_relatives(task_or_task_list, upstream=False, edge_modifier=edge_modifier)
  File "/home/airflow/.local/lib/python3.8/site-packages/airflow/models/taskmixin.py", line 213, in _set_relatives
    task_object.update_relative(self, not upstream, edge_modifier=edge_modifier)
AttributeError: 'function' object has no attribute 'update_relative'
[2025-02-21T22:41:39.273+0000] {processor.py:841} WARNING - No viable dags retrieved from /opt/airflow/dags/dag_airflow.py
[2025-02-21T22:41:39.310+0000] {processor.py:179} INFO - Processing /opt/airflow/dags/dag_airflow.py took 0.070 seconds
[2025-02-21T22:42:11.387+0000] {processor.py:157} INFO - Started process (PID=1729) to work on /opt/airflow/dags/dag_airflow.py
[2025-02-21T22:42:11.388+0000] {processor.py:829} INFO - Processing file /opt/airflow/dags/dag_airflow.py for tasks to queue
[2025-02-21T22:42:11.389+0000] {logging_mixin.py:151} INFO - [2025-02-21T22:42:11.389+0000] {dagbag.py:539} INFO - Filling up the DagBag from /opt/airflow/dags/dag_airflow.py
[2025-02-21T22:42:11.422+0000] {logging_mixin.py:151} INFO - [2025-02-21T22:42:11.415+0000] {dagbag.py:347} ERROR - Failed to import: /opt/airflow/dags/dag_airflow.py
Traceback (most recent call last):
  File "/home/airflow/.local/lib/python3.8/site-packages/airflow/models/dagbag.py", line 343, in parse
    loader.exec_module(new_module)
  File "<frozen importlib._bootstrap_external>", line 843, in exec_module
  File "<frozen importlib._bootstrap>", line 219, in _call_with_frames_removed
  File "/opt/airflow/dags/dag_airflow.py", line 81, in <module>
    create_kafka_topic >> check_kafka >> start_producer >> start_consumer >> verify_postgres
  File "/home/airflow/.local/lib/python3.8/site-packages/airflow/models/taskmixin.py", line 103, in __rshift__
    self.set_downstream(other)
  File "/home/airflow/.local/lib/python3.8/site-packages/airflow/models/taskmixin.py", line 261, in set_downstream
    self._set_relatives(task_or_task_list, upstream=False, edge_modifier=edge_modifier)
  File "/home/airflow/.local/lib/python3.8/site-packages/airflow/models/taskmixin.py", line 213, in _set_relatives
    task_object.update_relative(self, not upstream, edge_modifier=edge_modifier)
AttributeError: 'function' object has no attribute 'update_relative'
[2025-02-21T22:42:11.423+0000] {processor.py:841} WARNING - No viable dags retrieved from /opt/airflow/dags/dag_airflow.py
[2025-02-21T22:42:11.450+0000] {processor.py:179} INFO - Processing /opt/airflow/dags/dag_airflow.py took 0.067 seconds
[2025-02-21T22:42:43.605+0000] {processor.py:157} INFO - Started process (PID=1734) to work on /opt/airflow/dags/dag_airflow.py
[2025-02-21T22:42:43.606+0000] {processor.py:829} INFO - Processing file /opt/airflow/dags/dag_airflow.py for tasks to queue
[2025-02-21T22:42:43.607+0000] {logging_mixin.py:151} INFO - [2025-02-21T22:42:43.607+0000] {dagbag.py:539} INFO - Filling up the DagBag from /opt/airflow/dags/dag_airflow.py
[2025-02-21T22:42:43.638+0000] {logging_mixin.py:151} INFO - [2025-02-21T22:42:43.630+0000] {dagbag.py:347} ERROR - Failed to import: /opt/airflow/dags/dag_airflow.py
Traceback (most recent call last):
  File "/home/airflow/.local/lib/python3.8/site-packages/airflow/models/dagbag.py", line 343, in parse
    loader.exec_module(new_module)
  File "<frozen importlib._bootstrap_external>", line 843, in exec_module
  File "<frozen importlib._bootstrap>", line 219, in _call_with_frames_removed
  File "/opt/airflow/dags/dag_airflow.py", line 81, in <module>
    create_kafka_topic >> check_kafka >> start_producer >> start_consumer >> verify_postgres
  File "/home/airflow/.local/lib/python3.8/site-packages/airflow/models/taskmixin.py", line 103, in __rshift__
    self.set_downstream(other)
  File "/home/airflow/.local/lib/python3.8/site-packages/airflow/models/taskmixin.py", line 261, in set_downstream
    self._set_relatives(task_or_task_list, upstream=False, edge_modifier=edge_modifier)
  File "/home/airflow/.local/lib/python3.8/site-packages/airflow/models/taskmixin.py", line 213, in _set_relatives
    task_object.update_relative(self, not upstream, edge_modifier=edge_modifier)
AttributeError: 'function' object has no attribute 'update_relative'
[2025-02-21T22:42:43.638+0000] {processor.py:841} WARNING - No viable dags retrieved from /opt/airflow/dags/dag_airflow.py
[2025-02-21T22:42:43.670+0000] {processor.py:179} INFO - Processing /opt/airflow/dags/dag_airflow.py took 0.069 seconds
[2025-02-21T22:43:15.835+0000] {processor.py:157} INFO - Started process (PID=1739) to work on /opt/airflow/dags/dag_airflow.py
[2025-02-21T22:43:15.835+0000] {processor.py:829} INFO - Processing file /opt/airflow/dags/dag_airflow.py for tasks to queue
[2025-02-21T22:43:15.837+0000] {logging_mixin.py:151} INFO - [2025-02-21T22:43:15.836+0000] {dagbag.py:539} INFO - Filling up the DagBag from /opt/airflow/dags/dag_airflow.py
[2025-02-21T22:43:15.878+0000] {logging_mixin.py:151} INFO - [2025-02-21T22:43:15.864+0000] {dagbag.py:347} ERROR - Failed to import: /opt/airflow/dags/dag_airflow.py
Traceback (most recent call last):
  File "/home/airflow/.local/lib/python3.8/site-packages/airflow/models/dagbag.py", line 343, in parse
    loader.exec_module(new_module)
  File "<frozen importlib._bootstrap_external>", line 843, in exec_module
  File "<frozen importlib._bootstrap>", line 219, in _call_with_frames_removed
  File "/opt/airflow/dags/dag_airflow.py", line 81, in <module>
    create_kafka_topic >> check_kafka >> start_producer >> start_consumer >> verify_postgres
  File "/home/airflow/.local/lib/python3.8/site-packages/airflow/models/taskmixin.py", line 103, in __rshift__
    self.set_downstream(other)
  File "/home/airflow/.local/lib/python3.8/site-packages/airflow/models/taskmixin.py", line 261, in set_downstream
    self._set_relatives(task_or_task_list, upstream=False, edge_modifier=edge_modifier)
  File "/home/airflow/.local/lib/python3.8/site-packages/airflow/models/taskmixin.py", line 213, in _set_relatives
    task_object.update_relative(self, not upstream, edge_modifier=edge_modifier)
AttributeError: 'function' object has no attribute 'update_relative'
[2025-02-21T22:43:15.884+0000] {processor.py:841} WARNING - No viable dags retrieved from /opt/airflow/dags/dag_airflow.py
[2025-02-21T22:43:15.928+0000] {processor.py:179} INFO - Processing /opt/airflow/dags/dag_airflow.py took 0.097 seconds
[2025-02-21T22:43:47.102+0000] {processor.py:157} INFO - Started process (PID=1744) to work on /opt/airflow/dags/dag_airflow.py
[2025-02-21T22:43:47.103+0000] {processor.py:829} INFO - Processing file /opt/airflow/dags/dag_airflow.py for tasks to queue
[2025-02-21T22:43:47.104+0000] {logging_mixin.py:151} INFO - [2025-02-21T22:43:47.103+0000] {dagbag.py:539} INFO - Filling up the DagBag from /opt/airflow/dags/dag_airflow.py
[2025-02-21T22:43:47.139+0000] {logging_mixin.py:151} INFO - [2025-02-21T22:43:47.131+0000] {dagbag.py:347} ERROR - Failed to import: /opt/airflow/dags/dag_airflow.py
Traceback (most recent call last):
  File "/home/airflow/.local/lib/python3.8/site-packages/airflow/models/dagbag.py", line 343, in parse
    loader.exec_module(new_module)
  File "<frozen importlib._bootstrap_external>", line 843, in exec_module
  File "<frozen importlib._bootstrap>", line 219, in _call_with_frames_removed
  File "/opt/airflow/dags/dag_airflow.py", line 81, in <module>
    create_kafka_topic >> check_kafka >> start_producer >> start_consumer >> verify_postgres
  File "/home/airflow/.local/lib/python3.8/site-packages/airflow/models/taskmixin.py", line 103, in __rshift__
    self.set_downstream(other)
  File "/home/airflow/.local/lib/python3.8/site-packages/airflow/models/taskmixin.py", line 261, in set_downstream
    self._set_relatives(task_or_task_list, upstream=False, edge_modifier=edge_modifier)
  File "/home/airflow/.local/lib/python3.8/site-packages/airflow/models/taskmixin.py", line 213, in _set_relatives
    task_object.update_relative(self, not upstream, edge_modifier=edge_modifier)
AttributeError: 'function' object has no attribute 'update_relative'
[2025-02-21T22:43:47.140+0000] {processor.py:841} WARNING - No viable dags retrieved from /opt/airflow/dags/dag_airflow.py
[2025-02-21T22:43:47.163+0000] {processor.py:179} INFO - Processing /opt/airflow/dags/dag_airflow.py took 0.065 seconds
[2025-02-21T22:44:19.400+0000] {processor.py:157} INFO - Started process (PID=1749) to work on /opt/airflow/dags/dag_airflow.py
[2025-02-21T22:44:19.401+0000] {processor.py:829} INFO - Processing file /opt/airflow/dags/dag_airflow.py for tasks to queue
[2025-02-21T22:44:19.402+0000] {logging_mixin.py:151} INFO - [2025-02-21T22:44:19.402+0000] {dagbag.py:539} INFO - Filling up the DagBag from /opt/airflow/dags/dag_airflow.py
[2025-02-21T22:44:19.428+0000] {logging_mixin.py:151} INFO - [2025-02-21T22:44:19.423+0000] {dagbag.py:347} ERROR - Failed to import: /opt/airflow/dags/dag_airflow.py
Traceback (most recent call last):
  File "/home/airflow/.local/lib/python3.8/site-packages/airflow/models/dagbag.py", line 343, in parse
    loader.exec_module(new_module)
  File "<frozen importlib._bootstrap_external>", line 843, in exec_module
  File "<frozen importlib._bootstrap>", line 219, in _call_with_frames_removed
  File "/opt/airflow/dags/dag_airflow.py", line 81, in <module>
    create_kafka_topic >> check_kafka >> start_producer >> start_consumer >> verify_postgres
  File "/home/airflow/.local/lib/python3.8/site-packages/airflow/models/taskmixin.py", line 103, in __rshift__
    self.set_downstream(other)
  File "/home/airflow/.local/lib/python3.8/site-packages/airflow/models/taskmixin.py", line 261, in set_downstream
    self._set_relatives(task_or_task_list, upstream=False, edge_modifier=edge_modifier)
  File "/home/airflow/.local/lib/python3.8/site-packages/airflow/models/taskmixin.py", line 213, in _set_relatives
    task_object.update_relative(self, not upstream, edge_modifier=edge_modifier)
AttributeError: 'function' object has no attribute 'update_relative'
[2025-02-21T22:44:19.429+0000] {processor.py:841} WARNING - No viable dags retrieved from /opt/airflow/dags/dag_airflow.py
[2025-02-21T22:44:19.456+0000] {processor.py:179} INFO - Processing /opt/airflow/dags/dag_airflow.py took 0.060 seconds
[2025-02-21T22:44:51.547+0000] {processor.py:157} INFO - Started process (PID=1754) to work on /opt/airflow/dags/dag_airflow.py
[2025-02-21T22:44:51.548+0000] {processor.py:829} INFO - Processing file /opt/airflow/dags/dag_airflow.py for tasks to queue
[2025-02-21T22:44:51.550+0000] {logging_mixin.py:151} INFO - [2025-02-21T22:44:51.549+0000] {dagbag.py:539} INFO - Filling up the DagBag from /opt/airflow/dags/dag_airflow.py
[2025-02-21T22:44:51.583+0000] {logging_mixin.py:151} INFO - [2025-02-21T22:44:51.576+0000] {dagbag.py:347} ERROR - Failed to import: /opt/airflow/dags/dag_airflow.py
Traceback (most recent call last):
  File "/home/airflow/.local/lib/python3.8/site-packages/airflow/models/dagbag.py", line 343, in parse
    loader.exec_module(new_module)
  File "<frozen importlib._bootstrap_external>", line 843, in exec_module
  File "<frozen importlib._bootstrap>", line 219, in _call_with_frames_removed
  File "/opt/airflow/dags/dag_airflow.py", line 81, in <module>
    create_kafka_topic >> check_kafka >> start_producer >> start_consumer >> verify_postgres
  File "/home/airflow/.local/lib/python3.8/site-packages/airflow/models/taskmixin.py", line 103, in __rshift__
    self.set_downstream(other)
  File "/home/airflow/.local/lib/python3.8/site-packages/airflow/models/taskmixin.py", line 261, in set_downstream
    self._set_relatives(task_or_task_list, upstream=False, edge_modifier=edge_modifier)
  File "/home/airflow/.local/lib/python3.8/site-packages/airflow/models/taskmixin.py", line 213, in _set_relatives
    task_object.update_relative(self, not upstream, edge_modifier=edge_modifier)
AttributeError: 'function' object has no attribute 'update_relative'
[2025-02-21T22:44:51.583+0000] {processor.py:841} WARNING - No viable dags retrieved from /opt/airflow/dags/dag_airflow.py
[2025-02-21T22:44:51.607+0000] {processor.py:179} INFO - Processing /opt/airflow/dags/dag_airflow.py took 0.064 seconds
[2025-02-21T22:45:23.771+0000] {processor.py:157} INFO - Started process (PID=1759) to work on /opt/airflow/dags/dag_airflow.py
[2025-02-21T22:45:23.772+0000] {processor.py:829} INFO - Processing file /opt/airflow/dags/dag_airflow.py for tasks to queue
[2025-02-21T22:45:23.773+0000] {logging_mixin.py:151} INFO - [2025-02-21T22:45:23.773+0000] {dagbag.py:539} INFO - Filling up the DagBag from /opt/airflow/dags/dag_airflow.py
[2025-02-21T22:45:23.800+0000] {logging_mixin.py:151} INFO - [2025-02-21T22:45:23.794+0000] {dagbag.py:347} ERROR - Failed to import: /opt/airflow/dags/dag_airflow.py
Traceback (most recent call last):
  File "/home/airflow/.local/lib/python3.8/site-packages/airflow/models/dagbag.py", line 343, in parse
    loader.exec_module(new_module)
  File "<frozen importlib._bootstrap_external>", line 843, in exec_module
  File "<frozen importlib._bootstrap>", line 219, in _call_with_frames_removed
  File "/opt/airflow/dags/dag_airflow.py", line 81, in <module>
    create_kafka_topic >> check_kafka >> start_producer >> start_consumer >> verify_postgres
  File "/home/airflow/.local/lib/python3.8/site-packages/airflow/models/taskmixin.py", line 103, in __rshift__
    self.set_downstream(other)
  File "/home/airflow/.local/lib/python3.8/site-packages/airflow/models/taskmixin.py", line 261, in set_downstream
    self._set_relatives(task_or_task_list, upstream=False, edge_modifier=edge_modifier)
  File "/home/airflow/.local/lib/python3.8/site-packages/airflow/models/taskmixin.py", line 213, in _set_relatives
    task_object.update_relative(self, not upstream, edge_modifier=edge_modifier)
AttributeError: 'function' object has no attribute 'update_relative'
[2025-02-21T22:45:23.801+0000] {processor.py:841} WARNING - No viable dags retrieved from /opt/airflow/dags/dag_airflow.py
[2025-02-21T22:45:23.830+0000] {processor.py:179} INFO - Processing /opt/airflow/dags/dag_airflow.py took 0.062 seconds
[2025-02-21T22:45:54.953+0000] {processor.py:157} INFO - Started process (PID=1764) to work on /opt/airflow/dags/dag_airflow.py
[2025-02-21T22:45:54.954+0000] {processor.py:829} INFO - Processing file /opt/airflow/dags/dag_airflow.py for tasks to queue
[2025-02-21T22:45:54.955+0000] {logging_mixin.py:151} INFO - [2025-02-21T22:45:54.955+0000] {dagbag.py:539} INFO - Filling up the DagBag from /opt/airflow/dags/dag_airflow.py
[2025-02-21T22:45:54.987+0000] {logging_mixin.py:151} INFO - [2025-02-21T22:45:54.980+0000] {dagbag.py:347} ERROR - Failed to import: /opt/airflow/dags/dag_airflow.py
Traceback (most recent call last):
  File "/home/airflow/.local/lib/python3.8/site-packages/airflow/models/dagbag.py", line 343, in parse
    loader.exec_module(new_module)
  File "<frozen importlib._bootstrap_external>", line 843, in exec_module
  File "<frozen importlib._bootstrap>", line 219, in _call_with_frames_removed
  File "/opt/airflow/dags/dag_airflow.py", line 81, in <module>
    create_kafka_topic >> check_kafka >> start_producer >> start_consumer >> verify_postgres
  File "/home/airflow/.local/lib/python3.8/site-packages/airflow/models/taskmixin.py", line 103, in __rshift__
    self.set_downstream(other)
  File "/home/airflow/.local/lib/python3.8/site-packages/airflow/models/taskmixin.py", line 261, in set_downstream
    self._set_relatives(task_or_task_list, upstream=False, edge_modifier=edge_modifier)
  File "/home/airflow/.local/lib/python3.8/site-packages/airflow/models/taskmixin.py", line 213, in _set_relatives
    task_object.update_relative(self, not upstream, edge_modifier=edge_modifier)
AttributeError: 'function' object has no attribute 'update_relative'
[2025-02-21T22:45:54.987+0000] {processor.py:841} WARNING - No viable dags retrieved from /opt/airflow/dags/dag_airflow.py
[2025-02-21T22:45:55.015+0000] {processor.py:179} INFO - Processing /opt/airflow/dags/dag_airflow.py took 0.067 seconds
[2025-02-21T22:46:27.218+0000] {processor.py:157} INFO - Started process (PID=1769) to work on /opt/airflow/dags/dag_airflow.py
[2025-02-21T22:46:27.219+0000] {processor.py:829} INFO - Processing file /opt/airflow/dags/dag_airflow.py for tasks to queue
[2025-02-21T22:46:27.221+0000] {logging_mixin.py:151} INFO - [2025-02-21T22:46:27.220+0000] {dagbag.py:539} INFO - Filling up the DagBag from /opt/airflow/dags/dag_airflow.py
[2025-02-21T22:46:27.280+0000] {logging_mixin.py:151} INFO - [2025-02-21T22:46:27.275+0000] {dagbag.py:347} ERROR - Failed to import: /opt/airflow/dags/dag_airflow.py
Traceback (most recent call last):
  File "/home/airflow/.local/lib/python3.8/site-packages/airflow/models/dagbag.py", line 343, in parse
    loader.exec_module(new_module)
  File "<frozen importlib._bootstrap_external>", line 843, in exec_module
  File "<frozen importlib._bootstrap>", line 219, in _call_with_frames_removed
  File "/opt/airflow/dags/dag_airflow.py", line 81, in <module>
    create_kafka_topic >> check_kafka >> start_producer >> start_consumer >> verify_postgres
  File "/home/airflow/.local/lib/python3.8/site-packages/airflow/models/taskmixin.py", line 103, in __rshift__
    self.set_downstream(other)
  File "/home/airflow/.local/lib/python3.8/site-packages/airflow/models/taskmixin.py", line 261, in set_downstream
    self._set_relatives(task_or_task_list, upstream=False, edge_modifier=edge_modifier)
  File "/home/airflow/.local/lib/python3.8/site-packages/airflow/models/taskmixin.py", line 213, in _set_relatives
    task_object.update_relative(self, not upstream, edge_modifier=edge_modifier)
AttributeError: 'function' object has no attribute 'update_relative'
[2025-02-21T22:46:27.280+0000] {processor.py:841} WARNING - No viable dags retrieved from /opt/airflow/dags/dag_airflow.py
[2025-02-21T22:46:27.307+0000] {processor.py:179} INFO - Processing /opt/airflow/dags/dag_airflow.py took 0.092 seconds
[2025-02-21T22:46:59.320+0000] {processor.py:157} INFO - Started process (PID=1774) to work on /opt/airflow/dags/dag_airflow.py
[2025-02-21T22:46:59.321+0000] {processor.py:829} INFO - Processing file /opt/airflow/dags/dag_airflow.py for tasks to queue
[2025-02-21T22:46:59.322+0000] {logging_mixin.py:151} INFO - [2025-02-21T22:46:59.321+0000] {dagbag.py:539} INFO - Filling up the DagBag from /opt/airflow/dags/dag_airflow.py
[2025-02-21T22:46:59.359+0000] {logging_mixin.py:151} INFO - [2025-02-21T22:46:59.347+0000] {dagbag.py:347} ERROR - Failed to import: /opt/airflow/dags/dag_airflow.py
Traceback (most recent call last):
  File "/home/airflow/.local/lib/python3.8/site-packages/airflow/models/dagbag.py", line 343, in parse
    loader.exec_module(new_module)
  File "<frozen importlib._bootstrap_external>", line 843, in exec_module
  File "<frozen importlib._bootstrap>", line 219, in _call_with_frames_removed
  File "/opt/airflow/dags/dag_airflow.py", line 81, in <module>
    create_kafka_topic >> check_kafka >> start_producer >> start_consumer >> verify_postgres
  File "/home/airflow/.local/lib/python3.8/site-packages/airflow/models/taskmixin.py", line 103, in __rshift__
    self.set_downstream(other)
  File "/home/airflow/.local/lib/python3.8/site-packages/airflow/models/taskmixin.py", line 261, in set_downstream
    self._set_relatives(task_or_task_list, upstream=False, edge_modifier=edge_modifier)
  File "/home/airflow/.local/lib/python3.8/site-packages/airflow/models/taskmixin.py", line 213, in _set_relatives
    task_object.update_relative(self, not upstream, edge_modifier=edge_modifier)
AttributeError: 'function' object has no attribute 'update_relative'
[2025-02-21T22:46:59.360+0000] {processor.py:841} WARNING - No viable dags retrieved from /opt/airflow/dags/dag_airflow.py
[2025-02-21T22:46:59.398+0000] {processor.py:179} INFO - Processing /opt/airflow/dags/dag_airflow.py took 0.082 seconds
[2025-02-21T22:47:31.597+0000] {processor.py:157} INFO - Started process (PID=1779) to work on /opt/airflow/dags/dag_airflow.py
[2025-02-21T22:47:31.598+0000] {processor.py:829} INFO - Processing file /opt/airflow/dags/dag_airflow.py for tasks to queue
[2025-02-21T22:47:31.599+0000] {logging_mixin.py:151} INFO - [2025-02-21T22:47:31.599+0000] {dagbag.py:539} INFO - Filling up the DagBag from /opt/airflow/dags/dag_airflow.py
[2025-02-21T22:47:31.624+0000] {logging_mixin.py:151} INFO - [2025-02-21T22:47:31.619+0000] {dagbag.py:347} ERROR - Failed to import: /opt/airflow/dags/dag_airflow.py
Traceback (most recent call last):
  File "/home/airflow/.local/lib/python3.8/site-packages/airflow/models/dagbag.py", line 343, in parse
    loader.exec_module(new_module)
  File "<frozen importlib._bootstrap_external>", line 843, in exec_module
  File "<frozen importlib._bootstrap>", line 219, in _call_with_frames_removed
  File "/opt/airflow/dags/dag_airflow.py", line 81, in <module>
    create_kafka_topic >> check_kafka >> start_producer >> start_consumer >> verify_postgres
  File "/home/airflow/.local/lib/python3.8/site-packages/airflow/models/taskmixin.py", line 103, in __rshift__
    self.set_downstream(other)
  File "/home/airflow/.local/lib/python3.8/site-packages/airflow/models/taskmixin.py", line 261, in set_downstream
    self._set_relatives(task_or_task_list, upstream=False, edge_modifier=edge_modifier)
  File "/home/airflow/.local/lib/python3.8/site-packages/airflow/models/taskmixin.py", line 213, in _set_relatives
    task_object.update_relative(self, not upstream, edge_modifier=edge_modifier)
AttributeError: 'function' object has no attribute 'update_relative'
[2025-02-21T22:47:31.625+0000] {processor.py:841} WARNING - No viable dags retrieved from /opt/airflow/dags/dag_airflow.py
[2025-02-21T22:47:31.650+0000] {processor.py:179} INFO - Processing /opt/airflow/dags/dag_airflow.py took 0.057 seconds
[2025-02-21T22:48:02.813+0000] {processor.py:157} INFO - Started process (PID=1784) to work on /opt/airflow/dags/dag_airflow.py
[2025-02-21T22:48:02.814+0000] {processor.py:829} INFO - Processing file /opt/airflow/dags/dag_airflow.py for tasks to queue
[2025-02-21T22:48:02.815+0000] {logging_mixin.py:151} INFO - [2025-02-21T22:48:02.815+0000] {dagbag.py:539} INFO - Filling up the DagBag from /opt/airflow/dags/dag_airflow.py
[2025-02-21T22:48:02.844+0000] {logging_mixin.py:151} INFO - [2025-02-21T22:48:02.838+0000] {dagbag.py:347} ERROR - Failed to import: /opt/airflow/dags/dag_airflow.py
Traceback (most recent call last):
  File "/home/airflow/.local/lib/python3.8/site-packages/airflow/models/dagbag.py", line 343, in parse
    loader.exec_module(new_module)
  File "<frozen importlib._bootstrap_external>", line 843, in exec_module
  File "<frozen importlib._bootstrap>", line 219, in _call_with_frames_removed
  File "/opt/airflow/dags/dag_airflow.py", line 81, in <module>
    create_kafka_topic >> check_kafka >> start_producer >> start_consumer >> verify_postgres
  File "/home/airflow/.local/lib/python3.8/site-packages/airflow/models/taskmixin.py", line 103, in __rshift__
    self.set_downstream(other)
  File "/home/airflow/.local/lib/python3.8/site-packages/airflow/models/taskmixin.py", line 261, in set_downstream
    self._set_relatives(task_or_task_list, upstream=False, edge_modifier=edge_modifier)
  File "/home/airflow/.local/lib/python3.8/site-packages/airflow/models/taskmixin.py", line 213, in _set_relatives
    task_object.update_relative(self, not upstream, edge_modifier=edge_modifier)
AttributeError: 'function' object has no attribute 'update_relative'
[2025-02-21T22:48:02.845+0000] {processor.py:841} WARNING - No viable dags retrieved from /opt/airflow/dags/dag_airflow.py
[2025-02-21T22:48:02.871+0000] {processor.py:179} INFO - Processing /opt/airflow/dags/dag_airflow.py took 0.062 seconds
[2025-02-21T22:48:35.061+0000] {processor.py:157} INFO - Started process (PID=1789) to work on /opt/airflow/dags/dag_airflow.py
[2025-02-21T22:48:35.061+0000] {processor.py:829} INFO - Processing file /opt/airflow/dags/dag_airflow.py for tasks to queue
[2025-02-21T22:48:35.062+0000] {logging_mixin.py:151} INFO - [2025-02-21T22:48:35.062+0000] {dagbag.py:539} INFO - Filling up the DagBag from /opt/airflow/dags/dag_airflow.py
[2025-02-21T22:48:35.087+0000] {logging_mixin.py:151} INFO - [2025-02-21T22:48:35.082+0000] {dagbag.py:347} ERROR - Failed to import: /opt/airflow/dags/dag_airflow.py
Traceback (most recent call last):
  File "/home/airflow/.local/lib/python3.8/site-packages/airflow/models/dagbag.py", line 343, in parse
    loader.exec_module(new_module)
  File "<frozen importlib._bootstrap_external>", line 843, in exec_module
  File "<frozen importlib._bootstrap>", line 219, in _call_with_frames_removed
  File "/opt/airflow/dags/dag_airflow.py", line 81, in <module>
    create_kafka_topic >> check_kafka >> start_producer >> start_consumer >> verify_postgres
  File "/home/airflow/.local/lib/python3.8/site-packages/airflow/models/taskmixin.py", line 103, in __rshift__
    self.set_downstream(other)
  File "/home/airflow/.local/lib/python3.8/site-packages/airflow/models/taskmixin.py", line 261, in set_downstream
    self._set_relatives(task_or_task_list, upstream=False, edge_modifier=edge_modifier)
  File "/home/airflow/.local/lib/python3.8/site-packages/airflow/models/taskmixin.py", line 213, in _set_relatives
    task_object.update_relative(self, not upstream, edge_modifier=edge_modifier)
AttributeError: 'function' object has no attribute 'update_relative'
[2025-02-21T22:48:35.088+0000] {processor.py:841} WARNING - No viable dags retrieved from /opt/airflow/dags/dag_airflow.py
[2025-02-21T22:48:35.115+0000] {processor.py:179} INFO - Processing /opt/airflow/dags/dag_airflow.py took 0.060 seconds
[2025-02-21T22:49:07.227+0000] {processor.py:157} INFO - Started process (PID=1794) to work on /opt/airflow/dags/dag_airflow.py
[2025-02-21T22:49:07.228+0000] {processor.py:829} INFO - Processing file /opt/airflow/dags/dag_airflow.py for tasks to queue
[2025-02-21T22:49:07.229+0000] {logging_mixin.py:151} INFO - [2025-02-21T22:49:07.229+0000] {dagbag.py:539} INFO - Filling up the DagBag from /opt/airflow/dags/dag_airflow.py
[2025-02-21T22:49:07.264+0000] {logging_mixin.py:151} INFO - [2025-02-21T22:49:07.256+0000] {dagbag.py:347} ERROR - Failed to import: /opt/airflow/dags/dag_airflow.py
Traceback (most recent call last):
  File "/home/airflow/.local/lib/python3.8/site-packages/airflow/models/dagbag.py", line 343, in parse
    loader.exec_module(new_module)
  File "<frozen importlib._bootstrap_external>", line 843, in exec_module
  File "<frozen importlib._bootstrap>", line 219, in _call_with_frames_removed
  File "/opt/airflow/dags/dag_airflow.py", line 81, in <module>
    create_kafka_topic >> check_kafka >> start_producer >> start_consumer >> verify_postgres
  File "/home/airflow/.local/lib/python3.8/site-packages/airflow/models/taskmixin.py", line 103, in __rshift__
    self.set_downstream(other)
  File "/home/airflow/.local/lib/python3.8/site-packages/airflow/models/taskmixin.py", line 261, in set_downstream
    self._set_relatives(task_or_task_list, upstream=False, edge_modifier=edge_modifier)
  File "/home/airflow/.local/lib/python3.8/site-packages/airflow/models/taskmixin.py", line 213, in _set_relatives
    task_object.update_relative(self, not upstream, edge_modifier=edge_modifier)
AttributeError: 'function' object has no attribute 'update_relative'
[2025-02-21T22:49:07.265+0000] {processor.py:841} WARNING - No viable dags retrieved from /opt/airflow/dags/dag_airflow.py
[2025-02-21T22:49:07.294+0000] {processor.py:179} INFO - Processing /opt/airflow/dags/dag_airflow.py took 0.072 seconds
[2025-02-21T22:49:39.448+0000] {processor.py:157} INFO - Started process (PID=1799) to work on /opt/airflow/dags/dag_airflow.py
[2025-02-21T22:49:39.449+0000] {processor.py:829} INFO - Processing file /opt/airflow/dags/dag_airflow.py for tasks to queue
[2025-02-21T22:49:39.451+0000] {logging_mixin.py:151} INFO - [2025-02-21T22:49:39.450+0000] {dagbag.py:539} INFO - Filling up the DagBag from /opt/airflow/dags/dag_airflow.py
[2025-02-21T22:49:39.482+0000] {logging_mixin.py:151} INFO - [2025-02-21T22:49:39.476+0000] {dagbag.py:347} ERROR - Failed to import: /opt/airflow/dags/dag_airflow.py
Traceback (most recent call last):
  File "/home/airflow/.local/lib/python3.8/site-packages/airflow/models/dagbag.py", line 343, in parse
    loader.exec_module(new_module)
  File "<frozen importlib._bootstrap_external>", line 843, in exec_module
  File "<frozen importlib._bootstrap>", line 219, in _call_with_frames_removed
  File "/opt/airflow/dags/dag_airflow.py", line 81, in <module>
    create_kafka_topic >> check_kafka >> start_producer >> start_consumer >> verify_postgres
  File "/home/airflow/.local/lib/python3.8/site-packages/airflow/models/taskmixin.py", line 103, in __rshift__
    self.set_downstream(other)
  File "/home/airflow/.local/lib/python3.8/site-packages/airflow/models/taskmixin.py", line 261, in set_downstream
    self._set_relatives(task_or_task_list, upstream=False, edge_modifier=edge_modifier)
  File "/home/airflow/.local/lib/python3.8/site-packages/airflow/models/taskmixin.py", line 213, in _set_relatives
    task_object.update_relative(self, not upstream, edge_modifier=edge_modifier)
AttributeError: 'function' object has no attribute 'update_relative'
[2025-02-21T22:49:39.483+0000] {processor.py:841} WARNING - No viable dags retrieved from /opt/airflow/dags/dag_airflow.py
[2025-02-21T22:49:39.530+0000] {processor.py:179} INFO - Processing /opt/airflow/dags/dag_airflow.py took 0.087 seconds
[2025-02-21T22:50:10.725+0000] {processor.py:157} INFO - Started process (PID=1804) to work on /opt/airflow/dags/dag_airflow.py
[2025-02-21T22:50:10.726+0000] {processor.py:829} INFO - Processing file /opt/airflow/dags/dag_airflow.py for tasks to queue
[2025-02-21T22:50:10.727+0000] {logging_mixin.py:151} INFO - [2025-02-21T22:50:10.727+0000] {dagbag.py:539} INFO - Filling up the DagBag from /opt/airflow/dags/dag_airflow.py
[2025-02-21T22:50:10.756+0000] {logging_mixin.py:151} INFO - [2025-02-21T22:50:10.750+0000] {dagbag.py:347} ERROR - Failed to import: /opt/airflow/dags/dag_airflow.py
Traceback (most recent call last):
  File "/home/airflow/.local/lib/python3.8/site-packages/airflow/models/dagbag.py", line 343, in parse
    loader.exec_module(new_module)
  File "<frozen importlib._bootstrap_external>", line 843, in exec_module
  File "<frozen importlib._bootstrap>", line 219, in _call_with_frames_removed
  File "/opt/airflow/dags/dag_airflow.py", line 81, in <module>
    create_kafka_topic >> check_kafka >> start_producer >> start_consumer >> verify_postgres
  File "/home/airflow/.local/lib/python3.8/site-packages/airflow/models/taskmixin.py", line 103, in __rshift__
    self.set_downstream(other)
  File "/home/airflow/.local/lib/python3.8/site-packages/airflow/models/taskmixin.py", line 261, in set_downstream
    self._set_relatives(task_or_task_list, upstream=False, edge_modifier=edge_modifier)
  File "/home/airflow/.local/lib/python3.8/site-packages/airflow/models/taskmixin.py", line 213, in _set_relatives
    task_object.update_relative(self, not upstream, edge_modifier=edge_modifier)
AttributeError: 'function' object has no attribute 'update_relative'
[2025-02-21T22:50:10.756+0000] {processor.py:841} WARNING - No viable dags retrieved from /opt/airflow/dags/dag_airflow.py
[2025-02-21T22:50:10.789+0000] {processor.py:179} INFO - Processing /opt/airflow/dags/dag_airflow.py took 0.067 seconds
[2025-02-21T22:50:42.987+0000] {processor.py:157} INFO - Started process (PID=1809) to work on /opt/airflow/dags/dag_airflow.py
[2025-02-21T22:50:42.988+0000] {processor.py:829} INFO - Processing file /opt/airflow/dags/dag_airflow.py for tasks to queue
[2025-02-21T22:50:42.989+0000] {logging_mixin.py:151} INFO - [2025-02-21T22:50:42.989+0000] {dagbag.py:539} INFO - Filling up the DagBag from /opt/airflow/dags/dag_airflow.py
[2025-02-21T22:50:43.019+0000] {logging_mixin.py:151} INFO - [2025-02-21T22:50:43.013+0000] {dagbag.py:347} ERROR - Failed to import: /opt/airflow/dags/dag_airflow.py
Traceback (most recent call last):
  File "/home/airflow/.local/lib/python3.8/site-packages/airflow/models/dagbag.py", line 343, in parse
    loader.exec_module(new_module)
  File "<frozen importlib._bootstrap_external>", line 843, in exec_module
  File "<frozen importlib._bootstrap>", line 219, in _call_with_frames_removed
  File "/opt/airflow/dags/dag_airflow.py", line 81, in <module>
    create_kafka_topic >> check_kafka >> start_producer >> start_consumer >> verify_postgres
  File "/home/airflow/.local/lib/python3.8/site-packages/airflow/models/taskmixin.py", line 103, in __rshift__
    self.set_downstream(other)
  File "/home/airflow/.local/lib/python3.8/site-packages/airflow/models/taskmixin.py", line 261, in set_downstream
    self._set_relatives(task_or_task_list, upstream=False, edge_modifier=edge_modifier)
  File "/home/airflow/.local/lib/python3.8/site-packages/airflow/models/taskmixin.py", line 213, in _set_relatives
    task_object.update_relative(self, not upstream, edge_modifier=edge_modifier)
AttributeError: 'function' object has no attribute 'update_relative'
[2025-02-21T22:50:43.019+0000] {processor.py:841} WARNING - No viable dags retrieved from /opt/airflow/dags/dag_airflow.py
[2025-02-21T22:50:43.050+0000] {processor.py:179} INFO - Processing /opt/airflow/dags/dag_airflow.py took 0.068 seconds
[2025-02-21T22:51:15.147+0000] {processor.py:157} INFO - Started process (PID=1814) to work on /opt/airflow/dags/dag_airflow.py
[2025-02-21T22:51:15.148+0000] {processor.py:829} INFO - Processing file /opt/airflow/dags/dag_airflow.py for tasks to queue
[2025-02-21T22:51:15.150+0000] {logging_mixin.py:151} INFO - [2025-02-21T22:51:15.149+0000] {dagbag.py:539} INFO - Filling up the DagBag from /opt/airflow/dags/dag_airflow.py
[2025-02-21T22:51:15.175+0000] {logging_mixin.py:151} INFO - [2025-02-21T22:51:15.171+0000] {dagbag.py:347} ERROR - Failed to import: /opt/airflow/dags/dag_airflow.py
Traceback (most recent call last):
  File "/home/airflow/.local/lib/python3.8/site-packages/airflow/models/dagbag.py", line 343, in parse
    loader.exec_module(new_module)
  File "<frozen importlib._bootstrap_external>", line 843, in exec_module
  File "<frozen importlib._bootstrap>", line 219, in _call_with_frames_removed
  File "/opt/airflow/dags/dag_airflow.py", line 81, in <module>
    create_kafka_topic >> check_kafka >> start_producer >> start_consumer >> verify_postgres
  File "/home/airflow/.local/lib/python3.8/site-packages/airflow/models/taskmixin.py", line 103, in __rshift__
    self.set_downstream(other)
  File "/home/airflow/.local/lib/python3.8/site-packages/airflow/models/taskmixin.py", line 261, in set_downstream
    self._set_relatives(task_or_task_list, upstream=False, edge_modifier=edge_modifier)
  File "/home/airflow/.local/lib/python3.8/site-packages/airflow/models/taskmixin.py", line 213, in _set_relatives
    task_object.update_relative(self, not upstream, edge_modifier=edge_modifier)
AttributeError: 'function' object has no attribute 'update_relative'
[2025-02-21T22:51:15.176+0000] {processor.py:841} WARNING - No viable dags retrieved from /opt/airflow/dags/dag_airflow.py
[2025-02-21T22:51:15.207+0000] {processor.py:179} INFO - Processing /opt/airflow/dags/dag_airflow.py took 0.065 seconds
[2025-02-21T22:51:47.386+0000] {processor.py:157} INFO - Started process (PID=1819) to work on /opt/airflow/dags/dag_airflow.py
[2025-02-21T22:51:47.387+0000] {processor.py:829} INFO - Processing file /opt/airflow/dags/dag_airflow.py for tasks to queue
[2025-02-21T22:51:47.388+0000] {logging_mixin.py:151} INFO - [2025-02-21T22:51:47.388+0000] {dagbag.py:539} INFO - Filling up the DagBag from /opt/airflow/dags/dag_airflow.py
[2025-02-21T22:51:47.421+0000] {logging_mixin.py:151} INFO - [2025-02-21T22:51:47.415+0000] {dagbag.py:347} ERROR - Failed to import: /opt/airflow/dags/dag_airflow.py
Traceback (most recent call last):
  File "/home/airflow/.local/lib/python3.8/site-packages/airflow/models/dagbag.py", line 343, in parse
    loader.exec_module(new_module)
  File "<frozen importlib._bootstrap_external>", line 843, in exec_module
  File "<frozen importlib._bootstrap>", line 219, in _call_with_frames_removed
  File "/opt/airflow/dags/dag_airflow.py", line 81, in <module>
    create_kafka_topic >> check_kafka >> start_producer >> start_consumer >> verify_postgres
  File "/home/airflow/.local/lib/python3.8/site-packages/airflow/models/taskmixin.py", line 103, in __rshift__
    self.set_downstream(other)
  File "/home/airflow/.local/lib/python3.8/site-packages/airflow/models/taskmixin.py", line 261, in set_downstream
    self._set_relatives(task_or_task_list, upstream=False, edge_modifier=edge_modifier)
  File "/home/airflow/.local/lib/python3.8/site-packages/airflow/models/taskmixin.py", line 213, in _set_relatives
    task_object.update_relative(self, not upstream, edge_modifier=edge_modifier)
AttributeError: 'function' object has no attribute 'update_relative'
[2025-02-21T22:51:47.422+0000] {processor.py:841} WARNING - No viable dags retrieved from /opt/airflow/dags/dag_airflow.py
[2025-02-21T22:51:47.467+0000] {processor.py:179} INFO - Processing /opt/airflow/dags/dag_airflow.py took 0.087 seconds
[2025-02-21T22:52:18.710+0000] {processor.py:157} INFO - Started process (PID=1824) to work on /opt/airflow/dags/dag_airflow.py
[2025-02-21T22:52:18.711+0000] {processor.py:829} INFO - Processing file /opt/airflow/dags/dag_airflow.py for tasks to queue
[2025-02-21T22:52:18.712+0000] {logging_mixin.py:151} INFO - [2025-02-21T22:52:18.712+0000] {dagbag.py:539} INFO - Filling up the DagBag from /opt/airflow/dags/dag_airflow.py
[2025-02-21T22:52:18.739+0000] {logging_mixin.py:151} INFO - [2025-02-21T22:52:18.734+0000] {dagbag.py:347} ERROR - Failed to import: /opt/airflow/dags/dag_airflow.py
Traceback (most recent call last):
  File "/home/airflow/.local/lib/python3.8/site-packages/airflow/models/dagbag.py", line 343, in parse
    loader.exec_module(new_module)
  File "<frozen importlib._bootstrap_external>", line 843, in exec_module
  File "<frozen importlib._bootstrap>", line 219, in _call_with_frames_removed
  File "/opt/airflow/dags/dag_airflow.py", line 81, in <module>
    create_kafka_topic >> check_kafka >> start_producer >> start_consumer >> verify_postgres
  File "/home/airflow/.local/lib/python3.8/site-packages/airflow/models/taskmixin.py", line 103, in __rshift__
    self.set_downstream(other)
  File "/home/airflow/.local/lib/python3.8/site-packages/airflow/models/taskmixin.py", line 261, in set_downstream
    self._set_relatives(task_or_task_list, upstream=False, edge_modifier=edge_modifier)
  File "/home/airflow/.local/lib/python3.8/site-packages/airflow/models/taskmixin.py", line 213, in _set_relatives
    task_object.update_relative(self, not upstream, edge_modifier=edge_modifier)
AttributeError: 'function' object has no attribute 'update_relative'
[2025-02-21T22:52:18.739+0000] {processor.py:841} WARNING - No viable dags retrieved from /opt/airflow/dags/dag_airflow.py
[2025-02-21T22:52:18.767+0000] {processor.py:179} INFO - Processing /opt/airflow/dags/dag_airflow.py took 0.062 seconds
[2025-02-21T22:52:50.924+0000] {processor.py:157} INFO - Started process (PID=1829) to work on /opt/airflow/dags/dag_airflow.py
[2025-02-21T22:52:50.925+0000] {processor.py:829} INFO - Processing file /opt/airflow/dags/dag_airflow.py for tasks to queue
[2025-02-21T22:52:50.926+0000] {logging_mixin.py:151} INFO - [2025-02-21T22:52:50.926+0000] {dagbag.py:539} INFO - Filling up the DagBag from /opt/airflow/dags/dag_airflow.py
[2025-02-21T22:52:50.957+0000] {logging_mixin.py:151} INFO - [2025-02-21T22:52:50.951+0000] {dagbag.py:347} ERROR - Failed to import: /opt/airflow/dags/dag_airflow.py
Traceback (most recent call last):
  File "/home/airflow/.local/lib/python3.8/site-packages/airflow/models/dagbag.py", line 343, in parse
    loader.exec_module(new_module)
  File "<frozen importlib._bootstrap_external>", line 843, in exec_module
  File "<frozen importlib._bootstrap>", line 219, in _call_with_frames_removed
  File "/opt/airflow/dags/dag_airflow.py", line 81, in <module>
    create_kafka_topic >> check_kafka >> start_producer >> start_consumer >> verify_postgres
  File "/home/airflow/.local/lib/python3.8/site-packages/airflow/models/taskmixin.py", line 103, in __rshift__
    self.set_downstream(other)
  File "/home/airflow/.local/lib/python3.8/site-packages/airflow/models/taskmixin.py", line 261, in set_downstream
    self._set_relatives(task_or_task_list, upstream=False, edge_modifier=edge_modifier)
  File "/home/airflow/.local/lib/python3.8/site-packages/airflow/models/taskmixin.py", line 213, in _set_relatives
    task_object.update_relative(self, not upstream, edge_modifier=edge_modifier)
AttributeError: 'function' object has no attribute 'update_relative'
[2025-02-21T22:52:50.958+0000] {processor.py:841} WARNING - No viable dags retrieved from /opt/airflow/dags/dag_airflow.py
[2025-02-21T22:52:50.985+0000] {processor.py:179} INFO - Processing /opt/airflow/dags/dag_airflow.py took 0.065 seconds
[2025-02-21T22:53:23.134+0000] {processor.py:157} INFO - Started process (PID=1834) to work on /opt/airflow/dags/dag_airflow.py
[2025-02-21T22:53:23.135+0000] {processor.py:829} INFO - Processing file /opt/airflow/dags/dag_airflow.py for tasks to queue
[2025-02-21T22:53:23.136+0000] {logging_mixin.py:151} INFO - [2025-02-21T22:53:23.136+0000] {dagbag.py:539} INFO - Filling up the DagBag from /opt/airflow/dags/dag_airflow.py
[2025-02-21T22:53:23.168+0000] {logging_mixin.py:151} INFO - [2025-02-21T22:53:23.162+0000] {dagbag.py:347} ERROR - Failed to import: /opt/airflow/dags/dag_airflow.py
Traceback (most recent call last):
  File "/home/airflow/.local/lib/python3.8/site-packages/airflow/models/dagbag.py", line 343, in parse
    loader.exec_module(new_module)
  File "<frozen importlib._bootstrap_external>", line 843, in exec_module
  File "<frozen importlib._bootstrap>", line 219, in _call_with_frames_removed
  File "/opt/airflow/dags/dag_airflow.py", line 81, in <module>
    create_kafka_topic >> check_kafka >> start_producer >> start_consumer >> verify_postgres
  File "/home/airflow/.local/lib/python3.8/site-packages/airflow/models/taskmixin.py", line 103, in __rshift__
    self.set_downstream(other)
  File "/home/airflow/.local/lib/python3.8/site-packages/airflow/models/taskmixin.py", line 261, in set_downstream
    self._set_relatives(task_or_task_list, upstream=False, edge_modifier=edge_modifier)
  File "/home/airflow/.local/lib/python3.8/site-packages/airflow/models/taskmixin.py", line 213, in _set_relatives
    task_object.update_relative(self, not upstream, edge_modifier=edge_modifier)
AttributeError: 'function' object has no attribute 'update_relative'
[2025-02-21T22:53:23.168+0000] {processor.py:841} WARNING - No viable dags retrieved from /opt/airflow/dags/dag_airflow.py
[2025-02-21T22:53:23.195+0000] {processor.py:179} INFO - Processing /opt/airflow/dags/dag_airflow.py took 0.065 seconds
[2025-02-21T22:53:55.353+0000] {processor.py:157} INFO - Started process (PID=1839) to work on /opt/airflow/dags/dag_airflow.py
[2025-02-21T22:53:55.353+0000] {processor.py:829} INFO - Processing file /opt/airflow/dags/dag_airflow.py for tasks to queue
[2025-02-21T22:53:55.354+0000] {logging_mixin.py:151} INFO - [2025-02-21T22:53:55.354+0000] {dagbag.py:539} INFO - Filling up the DagBag from /opt/airflow/dags/dag_airflow.py
[2025-02-21T22:53:55.383+0000] {logging_mixin.py:151} INFO - [2025-02-21T22:53:55.377+0000] {dagbag.py:347} ERROR - Failed to import: /opt/airflow/dags/dag_airflow.py
Traceback (most recent call last):
  File "/home/airflow/.local/lib/python3.8/site-packages/airflow/models/dagbag.py", line 343, in parse
    loader.exec_module(new_module)
  File "<frozen importlib._bootstrap_external>", line 843, in exec_module
  File "<frozen importlib._bootstrap>", line 219, in _call_with_frames_removed
  File "/opt/airflow/dags/dag_airflow.py", line 81, in <module>
    create_kafka_topic >> check_kafka >> start_producer >> start_consumer >> verify_postgres
  File "/home/airflow/.local/lib/python3.8/site-packages/airflow/models/taskmixin.py", line 103, in __rshift__
    self.set_downstream(other)
  File "/home/airflow/.local/lib/python3.8/site-packages/airflow/models/taskmixin.py", line 261, in set_downstream
    self._set_relatives(task_or_task_list, upstream=False, edge_modifier=edge_modifier)
  File "/home/airflow/.local/lib/python3.8/site-packages/airflow/models/taskmixin.py", line 213, in _set_relatives
    task_object.update_relative(self, not upstream, edge_modifier=edge_modifier)
AttributeError: 'function' object has no attribute 'update_relative'
[2025-02-21T22:53:55.383+0000] {processor.py:841} WARNING - No viable dags retrieved from /opt/airflow/dags/dag_airflow.py
[2025-02-21T22:53:55.407+0000] {processor.py:179} INFO - Processing /opt/airflow/dags/dag_airflow.py took 0.058 seconds
[2025-02-21T22:54:26.596+0000] {processor.py:157} INFO - Started process (PID=1844) to work on /opt/airflow/dags/dag_airflow.py
[2025-02-21T22:54:26.596+0000] {processor.py:829} INFO - Processing file /opt/airflow/dags/dag_airflow.py for tasks to queue
[2025-02-21T22:54:26.598+0000] {logging_mixin.py:151} INFO - [2025-02-21T22:54:26.598+0000] {dagbag.py:539} INFO - Filling up the DagBag from /opt/airflow/dags/dag_airflow.py
[2025-02-21T22:54:26.624+0000] {logging_mixin.py:151} INFO - [2025-02-21T22:54:26.616+0000] {dagbag.py:347} ERROR - Failed to import: /opt/airflow/dags/dag_airflow.py
Traceback (most recent call last):
  File "/home/airflow/.local/lib/python3.8/site-packages/airflow/models/dagbag.py", line 343, in parse
    loader.exec_module(new_module)
  File "<frozen importlib._bootstrap_external>", line 843, in exec_module
  File "<frozen importlib._bootstrap>", line 219, in _call_with_frames_removed
  File "/opt/airflow/dags/dag_airflow.py", line 81, in <module>
    create_kafka_topic >> check_kafka >> start_producer >> start_consumer >> verify_postgres
  File "/home/airflow/.local/lib/python3.8/site-packages/airflow/models/taskmixin.py", line 103, in __rshift__
    self.set_downstream(other)
  File "/home/airflow/.local/lib/python3.8/site-packages/airflow/models/taskmixin.py", line 261, in set_downstream
    self._set_relatives(task_or_task_list, upstream=False, edge_modifier=edge_modifier)
  File "/home/airflow/.local/lib/python3.8/site-packages/airflow/models/taskmixin.py", line 213, in _set_relatives
    task_object.update_relative(self, not upstream, edge_modifier=edge_modifier)
AttributeError: 'function' object has no attribute 'update_relative'
[2025-02-21T22:54:26.624+0000] {processor.py:841} WARNING - No viable dags retrieved from /opt/airflow/dags/dag_airflow.py
[2025-02-21T22:54:26.647+0000] {processor.py:179} INFO - Processing /opt/airflow/dags/dag_airflow.py took 0.055 seconds
[2025-02-21T22:54:58.795+0000] {processor.py:157} INFO - Started process (PID=1849) to work on /opt/airflow/dags/dag_airflow.py
[2025-02-21T22:54:58.797+0000] {processor.py:829} INFO - Processing file /opt/airflow/dags/dag_airflow.py for tasks to queue
[2025-02-21T22:54:58.798+0000] {logging_mixin.py:151} INFO - [2025-02-21T22:54:58.798+0000] {dagbag.py:539} INFO - Filling up the DagBag from /opt/airflow/dags/dag_airflow.py
[2025-02-21T22:54:58.831+0000] {logging_mixin.py:151} INFO - [2025-02-21T22:54:58.825+0000] {dagbag.py:347} ERROR - Failed to import: /opt/airflow/dags/dag_airflow.py
Traceback (most recent call last):
  File "/home/airflow/.local/lib/python3.8/site-packages/airflow/models/dagbag.py", line 343, in parse
    loader.exec_module(new_module)
  File "<frozen importlib._bootstrap_external>", line 843, in exec_module
  File "<frozen importlib._bootstrap>", line 219, in _call_with_frames_removed
  File "/opt/airflow/dags/dag_airflow.py", line 81, in <module>
    create_kafka_topic >> check_kafka >> start_producer >> start_consumer >> verify_postgres
  File "/home/airflow/.local/lib/python3.8/site-packages/airflow/models/taskmixin.py", line 103, in __rshift__
    self.set_downstream(other)
  File "/home/airflow/.local/lib/python3.8/site-packages/airflow/models/taskmixin.py", line 261, in set_downstream
    self._set_relatives(task_or_task_list, upstream=False, edge_modifier=edge_modifier)
  File "/home/airflow/.local/lib/python3.8/site-packages/airflow/models/taskmixin.py", line 213, in _set_relatives
    task_object.update_relative(self, not upstream, edge_modifier=edge_modifier)
AttributeError: 'function' object has no attribute 'update_relative'
[2025-02-21T22:54:58.832+0000] {processor.py:841} WARNING - No viable dags retrieved from /opt/airflow/dags/dag_airflow.py
[2025-02-21T22:54:58.859+0000] {processor.py:179} INFO - Processing /opt/airflow/dags/dag_airflow.py took 0.067 seconds
[2025-02-21T22:55:30.988+0000] {processor.py:157} INFO - Started process (PID=1854) to work on /opt/airflow/dags/dag_airflow.py
[2025-02-21T22:55:30.989+0000] {processor.py:829} INFO - Processing file /opt/airflow/dags/dag_airflow.py for tasks to queue
[2025-02-21T22:55:30.990+0000] {logging_mixin.py:151} INFO - [2025-02-21T22:55:30.990+0000] {dagbag.py:539} INFO - Filling up the DagBag from /opt/airflow/dags/dag_airflow.py
[2025-02-21T22:55:31.017+0000] {logging_mixin.py:151} INFO - [2025-02-21T22:55:31.012+0000] {dagbag.py:347} ERROR - Failed to import: /opt/airflow/dags/dag_airflow.py
Traceback (most recent call last):
  File "/home/airflow/.local/lib/python3.8/site-packages/airflow/models/dagbag.py", line 343, in parse
    loader.exec_module(new_module)
  File "<frozen importlib._bootstrap_external>", line 843, in exec_module
  File "<frozen importlib._bootstrap>", line 219, in _call_with_frames_removed
  File "/opt/airflow/dags/dag_airflow.py", line 81, in <module>
    create_kafka_topic >> check_kafka >> start_producer >> start_consumer >> verify_postgres
  File "/home/airflow/.local/lib/python3.8/site-packages/airflow/models/taskmixin.py", line 103, in __rshift__
    self.set_downstream(other)
  File "/home/airflow/.local/lib/python3.8/site-packages/airflow/models/taskmixin.py", line 261, in set_downstream
    self._set_relatives(task_or_task_list, upstream=False, edge_modifier=edge_modifier)
  File "/home/airflow/.local/lib/python3.8/site-packages/airflow/models/taskmixin.py", line 213, in _set_relatives
    task_object.update_relative(self, not upstream, edge_modifier=edge_modifier)
AttributeError: 'function' object has no attribute 'update_relative'
[2025-02-21T22:55:31.018+0000] {processor.py:841} WARNING - No viable dags retrieved from /opt/airflow/dags/dag_airflow.py
[2025-02-21T22:55:31.044+0000] {processor.py:179} INFO - Processing /opt/airflow/dags/dag_airflow.py took 0.060 seconds
[2025-02-21T22:56:03.272+0000] {processor.py:157} INFO - Started process (PID=1859) to work on /opt/airflow/dags/dag_airflow.py
[2025-02-21T22:56:03.273+0000] {processor.py:829} INFO - Processing file /opt/airflow/dags/dag_airflow.py for tasks to queue
[2025-02-21T22:56:03.274+0000] {logging_mixin.py:151} INFO - [2025-02-21T22:56:03.273+0000] {dagbag.py:539} INFO - Filling up the DagBag from /opt/airflow/dags/dag_airflow.py
[2025-02-21T22:56:03.303+0000] {logging_mixin.py:151} INFO - [2025-02-21T22:56:03.298+0000] {dagbag.py:347} ERROR - Failed to import: /opt/airflow/dags/dag_airflow.py
Traceback (most recent call last):
  File "/home/airflow/.local/lib/python3.8/site-packages/airflow/models/dagbag.py", line 343, in parse
    loader.exec_module(new_module)
  File "<frozen importlib._bootstrap_external>", line 843, in exec_module
  File "<frozen importlib._bootstrap>", line 219, in _call_with_frames_removed
  File "/opt/airflow/dags/dag_airflow.py", line 81, in <module>
    create_kafka_topic >> check_kafka >> start_producer >> start_consumer >> verify_postgres
  File "/home/airflow/.local/lib/python3.8/site-packages/airflow/models/taskmixin.py", line 103, in __rshift__
    self.set_downstream(other)
  File "/home/airflow/.local/lib/python3.8/site-packages/airflow/models/taskmixin.py", line 261, in set_downstream
    self._set_relatives(task_or_task_list, upstream=False, edge_modifier=edge_modifier)
  File "/home/airflow/.local/lib/python3.8/site-packages/airflow/models/taskmixin.py", line 213, in _set_relatives
    task_object.update_relative(self, not upstream, edge_modifier=edge_modifier)
AttributeError: 'function' object has no attribute 'update_relative'
[2025-02-21T22:56:03.304+0000] {processor.py:841} WARNING - No viable dags retrieved from /opt/airflow/dags/dag_airflow.py
[2025-02-21T22:56:03.328+0000] {processor.py:179} INFO - Processing /opt/airflow/dags/dag_airflow.py took 0.059 seconds
[2025-02-21T22:56:34.545+0000] {processor.py:157} INFO - Started process (PID=1864) to work on /opt/airflow/dags/dag_airflow.py
[2025-02-21T22:56:34.546+0000] {processor.py:829} INFO - Processing file /opt/airflow/dags/dag_airflow.py for tasks to queue
[2025-02-21T22:56:34.547+0000] {logging_mixin.py:151} INFO - [2025-02-21T22:56:34.547+0000] {dagbag.py:539} INFO - Filling up the DagBag from /opt/airflow/dags/dag_airflow.py
[2025-02-21T22:56:34.577+0000] {logging_mixin.py:151} INFO - [2025-02-21T22:56:34.571+0000] {dagbag.py:347} ERROR - Failed to import: /opt/airflow/dags/dag_airflow.py
Traceback (most recent call last):
  File "/home/airflow/.local/lib/python3.8/site-packages/airflow/models/dagbag.py", line 343, in parse
    loader.exec_module(new_module)
  File "<frozen importlib._bootstrap_external>", line 843, in exec_module
  File "<frozen importlib._bootstrap>", line 219, in _call_with_frames_removed
  File "/opt/airflow/dags/dag_airflow.py", line 81, in <module>
    create_kafka_topic >> check_kafka >> start_producer >> start_consumer >> verify_postgres
  File "/home/airflow/.local/lib/python3.8/site-packages/airflow/models/taskmixin.py", line 103, in __rshift__
    self.set_downstream(other)
  File "/home/airflow/.local/lib/python3.8/site-packages/airflow/models/taskmixin.py", line 261, in set_downstream
    self._set_relatives(task_or_task_list, upstream=False, edge_modifier=edge_modifier)
  File "/home/airflow/.local/lib/python3.8/site-packages/airflow/models/taskmixin.py", line 213, in _set_relatives
    task_object.update_relative(self, not upstream, edge_modifier=edge_modifier)
AttributeError: 'function' object has no attribute 'update_relative'
[2025-02-21T22:56:34.578+0000] {processor.py:841} WARNING - No viable dags retrieved from /opt/airflow/dags/dag_airflow.py
[2025-02-21T22:56:34.605+0000] {processor.py:179} INFO - Processing /opt/airflow/dags/dag_airflow.py took 0.066 seconds
[2025-02-21T22:57:06.748+0000] {processor.py:157} INFO - Started process (PID=1869) to work on /opt/airflow/dags/dag_airflow.py
[2025-02-21T22:57:06.750+0000] {processor.py:829} INFO - Processing file /opt/airflow/dags/dag_airflow.py for tasks to queue
[2025-02-21T22:57:06.752+0000] {logging_mixin.py:151} INFO - [2025-02-21T22:57:06.752+0000] {dagbag.py:539} INFO - Filling up the DagBag from /opt/airflow/dags/dag_airflow.py
[2025-02-21T22:57:06.799+0000] {logging_mixin.py:151} INFO - [2025-02-21T22:57:06.794+0000] {dagbag.py:347} ERROR - Failed to import: /opt/airflow/dags/dag_airflow.py
Traceback (most recent call last):
  File "/home/airflow/.local/lib/python3.8/site-packages/airflow/models/dagbag.py", line 343, in parse
    loader.exec_module(new_module)
  File "<frozen importlib._bootstrap_external>", line 843, in exec_module
  File "<frozen importlib._bootstrap>", line 219, in _call_with_frames_removed
  File "/opt/airflow/dags/dag_airflow.py", line 81, in <module>
    create_kafka_topic >> check_kafka >> start_producer >> start_consumer >> verify_postgres
  File "/home/airflow/.local/lib/python3.8/site-packages/airflow/models/taskmixin.py", line 103, in __rshift__
    self.set_downstream(other)
  File "/home/airflow/.local/lib/python3.8/site-packages/airflow/models/taskmixin.py", line 261, in set_downstream
    self._set_relatives(task_or_task_list, upstream=False, edge_modifier=edge_modifier)
  File "/home/airflow/.local/lib/python3.8/site-packages/airflow/models/taskmixin.py", line 213, in _set_relatives
    task_object.update_relative(self, not upstream, edge_modifier=edge_modifier)
AttributeError: 'function' object has no attribute 'update_relative'
[2025-02-21T22:57:06.800+0000] {processor.py:841} WARNING - No viable dags retrieved from /opt/airflow/dags/dag_airflow.py
[2025-02-21T22:57:06.827+0000] {processor.py:179} INFO - Processing /opt/airflow/dags/dag_airflow.py took 0.095 seconds
[2025-02-21T22:57:38.989+0000] {processor.py:157} INFO - Started process (PID=1874) to work on /opt/airflow/dags/dag_airflow.py
[2025-02-21T22:57:38.990+0000] {processor.py:829} INFO - Processing file /opt/airflow/dags/dag_airflow.py for tasks to queue
[2025-02-21T22:57:38.992+0000] {logging_mixin.py:151} INFO - [2025-02-21T22:57:38.991+0000] {dagbag.py:539} INFO - Filling up the DagBag from /opt/airflow/dags/dag_airflow.py
[2025-02-21T22:57:39.033+0000] {logging_mixin.py:151} INFO - [2025-02-21T22:57:39.022+0000] {dagbag.py:347} ERROR - Failed to import: /opt/airflow/dags/dag_airflow.py
Traceback (most recent call last):
  File "/home/airflow/.local/lib/python3.8/site-packages/airflow/models/dagbag.py", line 343, in parse
    loader.exec_module(new_module)
  File "<frozen importlib._bootstrap_external>", line 843, in exec_module
  File "<frozen importlib._bootstrap>", line 219, in _call_with_frames_removed
  File "/opt/airflow/dags/dag_airflow.py", line 81, in <module>
    create_kafka_topic >> check_kafka >> start_producer >> start_consumer >> verify_postgres
  File "/home/airflow/.local/lib/python3.8/site-packages/airflow/models/taskmixin.py", line 103, in __rshift__
    self.set_downstream(other)
  File "/home/airflow/.local/lib/python3.8/site-packages/airflow/models/taskmixin.py", line 261, in set_downstream
    self._set_relatives(task_or_task_list, upstream=False, edge_modifier=edge_modifier)
  File "/home/airflow/.local/lib/python3.8/site-packages/airflow/models/taskmixin.py", line 213, in _set_relatives
    task_object.update_relative(self, not upstream, edge_modifier=edge_modifier)
AttributeError: 'function' object has no attribute 'update_relative'
[2025-02-21T22:57:39.034+0000] {processor.py:841} WARNING - No viable dags retrieved from /opt/airflow/dags/dag_airflow.py
[2025-02-21T22:57:39.075+0000] {processor.py:179} INFO - Processing /opt/airflow/dags/dag_airflow.py took 0.091 seconds
[2025-02-21T22:58:11.159+0000] {processor.py:157} INFO - Started process (PID=1879) to work on /opt/airflow/dags/dag_airflow.py
[2025-02-21T22:58:11.160+0000] {processor.py:829} INFO - Processing file /opt/airflow/dags/dag_airflow.py for tasks to queue
[2025-02-21T22:58:11.161+0000] {logging_mixin.py:151} INFO - [2025-02-21T22:58:11.161+0000] {dagbag.py:539} INFO - Filling up the DagBag from /opt/airflow/dags/dag_airflow.py
[2025-02-21T22:58:11.197+0000] {logging_mixin.py:151} INFO - [2025-02-21T22:58:11.190+0000] {dagbag.py:347} ERROR - Failed to import: /opt/airflow/dags/dag_airflow.py
Traceback (most recent call last):
  File "/home/airflow/.local/lib/python3.8/site-packages/airflow/models/dagbag.py", line 343, in parse
    loader.exec_module(new_module)
  File "<frozen importlib._bootstrap_external>", line 843, in exec_module
  File "<frozen importlib._bootstrap>", line 219, in _call_with_frames_removed
  File "/opt/airflow/dags/dag_airflow.py", line 81, in <module>
    create_kafka_topic >> check_kafka >> start_producer >> start_consumer >> verify_postgres
  File "/home/airflow/.local/lib/python3.8/site-packages/airflow/models/taskmixin.py", line 103, in __rshift__
    self.set_downstream(other)
  File "/home/airflow/.local/lib/python3.8/site-packages/airflow/models/taskmixin.py", line 261, in set_downstream
    self._set_relatives(task_or_task_list, upstream=False, edge_modifier=edge_modifier)
  File "/home/airflow/.local/lib/python3.8/site-packages/airflow/models/taskmixin.py", line 213, in _set_relatives
    task_object.update_relative(self, not upstream, edge_modifier=edge_modifier)
AttributeError: 'function' object has no attribute 'update_relative'
[2025-02-21T22:58:11.199+0000] {processor.py:841} WARNING - No viable dags retrieved from /opt/airflow/dags/dag_airflow.py
[2025-02-21T22:58:11.234+0000] {processor.py:179} INFO - Processing /opt/airflow/dags/dag_airflow.py took 0.080 seconds
[2025-02-21T22:58:42.452+0000] {processor.py:157} INFO - Started process (PID=1884) to work on /opt/airflow/dags/dag_airflow.py
[2025-02-21T22:58:42.453+0000] {processor.py:829} INFO - Processing file /opt/airflow/dags/dag_airflow.py for tasks to queue
[2025-02-21T22:58:42.454+0000] {logging_mixin.py:151} INFO - [2025-02-21T22:58:42.454+0000] {dagbag.py:539} INFO - Filling up the DagBag from /opt/airflow/dags/dag_airflow.py
[2025-02-21T22:58:42.487+0000] {logging_mixin.py:151} INFO - [2025-02-21T22:58:42.480+0000] {dagbag.py:347} ERROR - Failed to import: /opt/airflow/dags/dag_airflow.py
Traceback (most recent call last):
  File "/home/airflow/.local/lib/python3.8/site-packages/airflow/models/dagbag.py", line 343, in parse
    loader.exec_module(new_module)
  File "<frozen importlib._bootstrap_external>", line 843, in exec_module
  File "<frozen importlib._bootstrap>", line 219, in _call_with_frames_removed
  File "/opt/airflow/dags/dag_airflow.py", line 81, in <module>
    create_kafka_topic >> check_kafka >> start_producer >> start_consumer >> verify_postgres
  File "/home/airflow/.local/lib/python3.8/site-packages/airflow/models/taskmixin.py", line 103, in __rshift__
    self.set_downstream(other)
  File "/home/airflow/.local/lib/python3.8/site-packages/airflow/models/taskmixin.py", line 261, in set_downstream
    self._set_relatives(task_or_task_list, upstream=False, edge_modifier=edge_modifier)
  File "/home/airflow/.local/lib/python3.8/site-packages/airflow/models/taskmixin.py", line 213, in _set_relatives
    task_object.update_relative(self, not upstream, edge_modifier=edge_modifier)
AttributeError: 'function' object has no attribute 'update_relative'
[2025-02-21T22:58:42.487+0000] {processor.py:841} WARNING - No viable dags retrieved from /opt/airflow/dags/dag_airflow.py
[2025-02-21T22:58:42.517+0000] {processor.py:179} INFO - Processing /opt/airflow/dags/dag_airflow.py took 0.069 seconds
[2025-02-21T22:59:14.648+0000] {processor.py:157} INFO - Started process (PID=1889) to work on /opt/airflow/dags/dag_airflow.py
[2025-02-21T22:59:14.649+0000] {processor.py:829} INFO - Processing file /opt/airflow/dags/dag_airflow.py for tasks to queue
[2025-02-21T22:59:14.651+0000] {logging_mixin.py:151} INFO - [2025-02-21T22:59:14.650+0000] {dagbag.py:539} INFO - Filling up the DagBag from /opt/airflow/dags/dag_airflow.py
[2025-02-21T22:59:14.684+0000] {logging_mixin.py:151} INFO - [2025-02-21T22:59:14.677+0000] {dagbag.py:347} ERROR - Failed to import: /opt/airflow/dags/dag_airflow.py
Traceback (most recent call last):
  File "/home/airflow/.local/lib/python3.8/site-packages/airflow/models/dagbag.py", line 343, in parse
    loader.exec_module(new_module)
  File "<frozen importlib._bootstrap_external>", line 843, in exec_module
  File "<frozen importlib._bootstrap>", line 219, in _call_with_frames_removed
  File "/opt/airflow/dags/dag_airflow.py", line 81, in <module>
    create_kafka_topic >> check_kafka >> start_producer >> start_consumer >> verify_postgres
  File "/home/airflow/.local/lib/python3.8/site-packages/airflow/models/taskmixin.py", line 103, in __rshift__
    self.set_downstream(other)
  File "/home/airflow/.local/lib/python3.8/site-packages/airflow/models/taskmixin.py", line 261, in set_downstream
    self._set_relatives(task_or_task_list, upstream=False, edge_modifier=edge_modifier)
  File "/home/airflow/.local/lib/python3.8/site-packages/airflow/models/taskmixin.py", line 213, in _set_relatives
    task_object.update_relative(self, not upstream, edge_modifier=edge_modifier)
AttributeError: 'function' object has no attribute 'update_relative'
[2025-02-21T22:59:14.685+0000] {processor.py:841} WARNING - No viable dags retrieved from /opt/airflow/dags/dag_airflow.py
[2025-02-21T22:59:14.722+0000] {processor.py:179} INFO - Processing /opt/airflow/dags/dag_airflow.py took 0.079 seconds
[2025-02-21T22:59:47.022+0000] {processor.py:157} INFO - Started process (PID=1894) to work on /opt/airflow/dags/dag_airflow.py
[2025-02-21T22:59:47.023+0000] {processor.py:829} INFO - Processing file /opt/airflow/dags/dag_airflow.py for tasks to queue
[2025-02-21T22:59:47.025+0000] {logging_mixin.py:151} INFO - [2025-02-21T22:59:47.024+0000] {dagbag.py:539} INFO - Filling up the DagBag from /opt/airflow/dags/dag_airflow.py
[2025-02-21T22:59:47.057+0000] {logging_mixin.py:151} INFO - [2025-02-21T22:59:47.049+0000] {dagbag.py:347} ERROR - Failed to import: /opt/airflow/dags/dag_airflow.py
Traceback (most recent call last):
  File "/home/airflow/.local/lib/python3.8/site-packages/airflow/models/dagbag.py", line 343, in parse
    loader.exec_module(new_module)
  File "<frozen importlib._bootstrap_external>", line 843, in exec_module
  File "<frozen importlib._bootstrap>", line 219, in _call_with_frames_removed
  File "/opt/airflow/dags/dag_airflow.py", line 81, in <module>
    create_kafka_topic >> check_kafka >> start_producer >> start_consumer >> verify_postgres
  File "/home/airflow/.local/lib/python3.8/site-packages/airflow/models/taskmixin.py", line 103, in __rshift__
    self.set_downstream(other)
  File "/home/airflow/.local/lib/python3.8/site-packages/airflow/models/taskmixin.py", line 261, in set_downstream
    self._set_relatives(task_or_task_list, upstream=False, edge_modifier=edge_modifier)
  File "/home/airflow/.local/lib/python3.8/site-packages/airflow/models/taskmixin.py", line 213, in _set_relatives
    task_object.update_relative(self, not upstream, edge_modifier=edge_modifier)
AttributeError: 'function' object has no attribute 'update_relative'
[2025-02-21T22:59:47.058+0000] {processor.py:841} WARNING - No viable dags retrieved from /opt/airflow/dags/dag_airflow.py
[2025-02-21T22:59:47.090+0000] {processor.py:179} INFO - Processing /opt/airflow/dags/dag_airflow.py took 0.071 seconds
[2025-02-21T23:00:19.366+0000] {processor.py:157} INFO - Started process (PID=1899) to work on /opt/airflow/dags/dag_airflow.py
[2025-02-21T23:00:19.368+0000] {processor.py:829} INFO - Processing file /opt/airflow/dags/dag_airflow.py for tasks to queue
[2025-02-21T23:00:19.369+0000] {logging_mixin.py:151} INFO - [2025-02-21T23:00:19.369+0000] {dagbag.py:539} INFO - Filling up the DagBag from /opt/airflow/dags/dag_airflow.py
[2025-02-21T23:00:19.416+0000] {logging_mixin.py:151} INFO - [2025-02-21T23:00:19.410+0000] {dagbag.py:347} ERROR - Failed to import: /opt/airflow/dags/dag_airflow.py
Traceback (most recent call last):
  File "/home/airflow/.local/lib/python3.8/site-packages/airflow/models/dagbag.py", line 343, in parse
    loader.exec_module(new_module)
  File "<frozen importlib._bootstrap_external>", line 843, in exec_module
  File "<frozen importlib._bootstrap>", line 219, in _call_with_frames_removed
  File "/opt/airflow/dags/dag_airflow.py", line 81, in <module>
    create_kafka_topic >> check_kafka >> start_producer >> start_consumer >> verify_postgres
  File "/home/airflow/.local/lib/python3.8/site-packages/airflow/models/taskmixin.py", line 103, in __rshift__
    self.set_downstream(other)
  File "/home/airflow/.local/lib/python3.8/site-packages/airflow/models/taskmixin.py", line 261, in set_downstream
    self._set_relatives(task_or_task_list, upstream=False, edge_modifier=edge_modifier)
  File "/home/airflow/.local/lib/python3.8/site-packages/airflow/models/taskmixin.py", line 213, in _set_relatives
    task_object.update_relative(self, not upstream, edge_modifier=edge_modifier)
AttributeError: 'function' object has no attribute 'update_relative'
[2025-02-21T23:00:19.417+0000] {processor.py:841} WARNING - No viable dags retrieved from /opt/airflow/dags/dag_airflow.py
[2025-02-21T23:00:19.458+0000] {processor.py:179} INFO - Processing /opt/airflow/dags/dag_airflow.py took 0.098 seconds
[2025-02-21T23:00:50.548+0000] {processor.py:157} INFO - Started process (PID=1904) to work on /opt/airflow/dags/dag_airflow.py
[2025-02-21T23:00:50.549+0000] {processor.py:829} INFO - Processing file /opt/airflow/dags/dag_airflow.py for tasks to queue
[2025-02-21T23:00:50.550+0000] {logging_mixin.py:151} INFO - [2025-02-21T23:00:50.550+0000] {dagbag.py:539} INFO - Filling up the DagBag from /opt/airflow/dags/dag_airflow.py
[2025-02-21T23:00:50.580+0000] {logging_mixin.py:151} INFO - [2025-02-21T23:00:50.574+0000] {dagbag.py:347} ERROR - Failed to import: /opt/airflow/dags/dag_airflow.py
Traceback (most recent call last):
  File "/home/airflow/.local/lib/python3.8/site-packages/airflow/models/dagbag.py", line 343, in parse
    loader.exec_module(new_module)
  File "<frozen importlib._bootstrap_external>", line 843, in exec_module
  File "<frozen importlib._bootstrap>", line 219, in _call_with_frames_removed
  File "/opt/airflow/dags/dag_airflow.py", line 81, in <module>
    create_kafka_topic >> check_kafka >> start_producer >> start_consumer >> verify_postgres
  File "/home/airflow/.local/lib/python3.8/site-packages/airflow/models/taskmixin.py", line 103, in __rshift__
    self.set_downstream(other)
  File "/home/airflow/.local/lib/python3.8/site-packages/airflow/models/taskmixin.py", line 261, in set_downstream
    self._set_relatives(task_or_task_list, upstream=False, edge_modifier=edge_modifier)
  File "/home/airflow/.local/lib/python3.8/site-packages/airflow/models/taskmixin.py", line 213, in _set_relatives
    task_object.update_relative(self, not upstream, edge_modifier=edge_modifier)
AttributeError: 'function' object has no attribute 'update_relative'
[2025-02-21T23:00:50.581+0000] {processor.py:841} WARNING - No viable dags retrieved from /opt/airflow/dags/dag_airflow.py
[2025-02-21T23:00:50.631+0000] {processor.py:179} INFO - Processing /opt/airflow/dags/dag_airflow.py took 0.087 seconds
[2025-02-21T23:01:22.790+0000] {processor.py:157} INFO - Started process (PID=1909) to work on /opt/airflow/dags/dag_airflow.py
[2025-02-21T23:01:22.790+0000] {processor.py:829} INFO - Processing file /opt/airflow/dags/dag_airflow.py for tasks to queue
[2025-02-21T23:01:22.791+0000] {logging_mixin.py:151} INFO - [2025-02-21T23:01:22.791+0000] {dagbag.py:539} INFO - Filling up the DagBag from /opt/airflow/dags/dag_airflow.py
[2025-02-21T23:01:22.820+0000] {logging_mixin.py:151} INFO - [2025-02-21T23:01:22.814+0000] {dagbag.py:347} ERROR - Failed to import: /opt/airflow/dags/dag_airflow.py
Traceback (most recent call last):
  File "/home/airflow/.local/lib/python3.8/site-packages/airflow/models/dagbag.py", line 343, in parse
    loader.exec_module(new_module)
  File "<frozen importlib._bootstrap_external>", line 843, in exec_module
  File "<frozen importlib._bootstrap>", line 219, in _call_with_frames_removed
  File "/opt/airflow/dags/dag_airflow.py", line 81, in <module>
    create_kafka_topic >> check_kafka >> start_producer >> start_consumer >> verify_postgres
  File "/home/airflow/.local/lib/python3.8/site-packages/airflow/models/taskmixin.py", line 103, in __rshift__
    self.set_downstream(other)
  File "/home/airflow/.local/lib/python3.8/site-packages/airflow/models/taskmixin.py", line 261, in set_downstream
    self._set_relatives(task_or_task_list, upstream=False, edge_modifier=edge_modifier)
  File "/home/airflow/.local/lib/python3.8/site-packages/airflow/models/taskmixin.py", line 213, in _set_relatives
    task_object.update_relative(self, not upstream, edge_modifier=edge_modifier)
AttributeError: 'function' object has no attribute 'update_relative'
[2025-02-21T23:01:22.821+0000] {processor.py:841} WARNING - No viable dags retrieved from /opt/airflow/dags/dag_airflow.py
[2025-02-21T23:01:22.843+0000] {processor.py:179} INFO - Processing /opt/airflow/dags/dag_airflow.py took 0.057 seconds
[2025-02-21T23:01:55.088+0000] {processor.py:157} INFO - Started process (PID=1914) to work on /opt/airflow/dags/dag_airflow.py
[2025-02-21T23:01:55.090+0000] {processor.py:829} INFO - Processing file /opt/airflow/dags/dag_airflow.py for tasks to queue
[2025-02-21T23:01:55.091+0000] {logging_mixin.py:151} INFO - [2025-02-21T23:01:55.090+0000] {dagbag.py:539} INFO - Filling up the DagBag from /opt/airflow/dags/dag_airflow.py
[2025-02-21T23:01:55.127+0000] {logging_mixin.py:151} INFO - [2025-02-21T23:01:55.121+0000] {dagbag.py:347} ERROR - Failed to import: /opt/airflow/dags/dag_airflow.py
Traceback (most recent call last):
  File "/home/airflow/.local/lib/python3.8/site-packages/airflow/models/dagbag.py", line 343, in parse
    loader.exec_module(new_module)
  File "<frozen importlib._bootstrap_external>", line 843, in exec_module
  File "<frozen importlib._bootstrap>", line 219, in _call_with_frames_removed
  File "/opt/airflow/dags/dag_airflow.py", line 81, in <module>
    create_kafka_topic >> check_kafka >> start_producer >> start_consumer >> verify_postgres
  File "/home/airflow/.local/lib/python3.8/site-packages/airflow/models/taskmixin.py", line 103, in __rshift__
    self.set_downstream(other)
  File "/home/airflow/.local/lib/python3.8/site-packages/airflow/models/taskmixin.py", line 261, in set_downstream
    self._set_relatives(task_or_task_list, upstream=False, edge_modifier=edge_modifier)
  File "/home/airflow/.local/lib/python3.8/site-packages/airflow/models/taskmixin.py", line 213, in _set_relatives
    task_object.update_relative(self, not upstream, edge_modifier=edge_modifier)
AttributeError: 'function' object has no attribute 'update_relative'
[2025-02-21T23:01:55.128+0000] {processor.py:841} WARNING - No viable dags retrieved from /opt/airflow/dags/dag_airflow.py
[2025-02-21T23:01:55.162+0000] {processor.py:179} INFO - Processing /opt/airflow/dags/dag_airflow.py took 0.077 seconds
[2025-02-21T23:02:27.357+0000] {processor.py:157} INFO - Started process (PID=1919) to work on /opt/airflow/dags/dag_airflow.py
[2025-02-21T23:02:27.358+0000] {processor.py:829} INFO - Processing file /opt/airflow/dags/dag_airflow.py for tasks to queue
[2025-02-21T23:02:27.360+0000] {logging_mixin.py:151} INFO - [2025-02-21T23:02:27.359+0000] {dagbag.py:539} INFO - Filling up the DagBag from /opt/airflow/dags/dag_airflow.py
[2025-02-21T23:02:27.389+0000] {logging_mixin.py:151} INFO - [2025-02-21T23:02:27.383+0000] {dagbag.py:347} ERROR - Failed to import: /opt/airflow/dags/dag_airflow.py
Traceback (most recent call last):
  File "/home/airflow/.local/lib/python3.8/site-packages/airflow/models/dagbag.py", line 343, in parse
    loader.exec_module(new_module)
  File "<frozen importlib._bootstrap_external>", line 843, in exec_module
  File "<frozen importlib._bootstrap>", line 219, in _call_with_frames_removed
  File "/opt/airflow/dags/dag_airflow.py", line 81, in <module>
    create_kafka_topic >> check_kafka >> start_producer >> start_consumer >> verify_postgres
  File "/home/airflow/.local/lib/python3.8/site-packages/airflow/models/taskmixin.py", line 103, in __rshift__
    self.set_downstream(other)
  File "/home/airflow/.local/lib/python3.8/site-packages/airflow/models/taskmixin.py", line 261, in set_downstream
    self._set_relatives(task_or_task_list, upstream=False, edge_modifier=edge_modifier)
  File "/home/airflow/.local/lib/python3.8/site-packages/airflow/models/taskmixin.py", line 213, in _set_relatives
    task_object.update_relative(self, not upstream, edge_modifier=edge_modifier)
AttributeError: 'function' object has no attribute 'update_relative'
[2025-02-21T23:02:27.390+0000] {processor.py:841} WARNING - No viable dags retrieved from /opt/airflow/dags/dag_airflow.py
[2025-02-21T23:02:27.427+0000] {processor.py:179} INFO - Processing /opt/airflow/dags/dag_airflow.py took 0.074 seconds
[2025-02-21T23:02:58.604+0000] {processor.py:157} INFO - Started process (PID=1924) to work on /opt/airflow/dags/dag_airflow.py
[2025-02-21T23:02:58.605+0000] {processor.py:829} INFO - Processing file /opt/airflow/dags/dag_airflow.py for tasks to queue
[2025-02-21T23:02:58.606+0000] {logging_mixin.py:151} INFO - [2025-02-21T23:02:58.605+0000] {dagbag.py:539} INFO - Filling up the DagBag from /opt/airflow/dags/dag_airflow.py
[2025-02-21T23:02:58.632+0000] {logging_mixin.py:151} INFO - [2025-02-21T23:02:58.627+0000] {dagbag.py:347} ERROR - Failed to import: /opt/airflow/dags/dag_airflow.py
Traceback (most recent call last):
  File "/home/airflow/.local/lib/python3.8/site-packages/airflow/models/dagbag.py", line 343, in parse
    loader.exec_module(new_module)
  File "<frozen importlib._bootstrap_external>", line 843, in exec_module
  File "<frozen importlib._bootstrap>", line 219, in _call_with_frames_removed
  File "/opt/airflow/dags/dag_airflow.py", line 81, in <module>
    create_kafka_topic >> check_kafka >> start_producer >> start_consumer >> verify_postgres
  File "/home/airflow/.local/lib/python3.8/site-packages/airflow/models/taskmixin.py", line 103, in __rshift__
    self.set_downstream(other)
  File "/home/airflow/.local/lib/python3.8/site-packages/airflow/models/taskmixin.py", line 261, in set_downstream
    self._set_relatives(task_or_task_list, upstream=False, edge_modifier=edge_modifier)
  File "/home/airflow/.local/lib/python3.8/site-packages/airflow/models/taskmixin.py", line 213, in _set_relatives
    task_object.update_relative(self, not upstream, edge_modifier=edge_modifier)
AttributeError: 'function' object has no attribute 'update_relative'
[2025-02-21T23:02:58.632+0000] {processor.py:841} WARNING - No viable dags retrieved from /opt/airflow/dags/dag_airflow.py
[2025-02-21T23:02:58.668+0000] {processor.py:179} INFO - Processing /opt/airflow/dags/dag_airflow.py took 0.068 seconds
[2025-02-21T23:03:31.061+0000] {processor.py:157} INFO - Started process (PID=1929) to work on /opt/airflow/dags/dag_airflow.py
[2025-02-21T23:03:31.062+0000] {processor.py:829} INFO - Processing file /opt/airflow/dags/dag_airflow.py for tasks to queue
[2025-02-21T23:03:31.063+0000] {logging_mixin.py:151} INFO - [2025-02-21T23:03:31.063+0000] {dagbag.py:539} INFO - Filling up the DagBag from /opt/airflow/dags/dag_airflow.py
[2025-02-21T23:03:31.092+0000] {logging_mixin.py:151} INFO - [2025-02-21T23:03:31.087+0000] {dagbag.py:347} ERROR - Failed to import: /opt/airflow/dags/dag_airflow.py
Traceback (most recent call last):
  File "/home/airflow/.local/lib/python3.8/site-packages/airflow/models/dagbag.py", line 343, in parse
    loader.exec_module(new_module)
  File "<frozen importlib._bootstrap_external>", line 843, in exec_module
  File "<frozen importlib._bootstrap>", line 219, in _call_with_frames_removed
  File "/opt/airflow/dags/dag_airflow.py", line 81, in <module>
    create_kafka_topic >> check_kafka >> start_producer >> start_consumer >> verify_postgres
  File "/home/airflow/.local/lib/python3.8/site-packages/airflow/models/taskmixin.py", line 103, in __rshift__
    self.set_downstream(other)
  File "/home/airflow/.local/lib/python3.8/site-packages/airflow/models/taskmixin.py", line 261, in set_downstream
    self._set_relatives(task_or_task_list, upstream=False, edge_modifier=edge_modifier)
  File "/home/airflow/.local/lib/python3.8/site-packages/airflow/models/taskmixin.py", line 213, in _set_relatives
    task_object.update_relative(self, not upstream, edge_modifier=edge_modifier)
AttributeError: 'function' object has no attribute 'update_relative'
[2025-02-21T23:03:31.093+0000] {processor.py:841} WARNING - No viable dags retrieved from /opt/airflow/dags/dag_airflow.py
[2025-02-21T23:03:31.118+0000] {processor.py:179} INFO - Processing /opt/airflow/dags/dag_airflow.py took 0.059 seconds
[2025-02-21T23:04:03.306+0000] {processor.py:157} INFO - Started process (PID=1934) to work on /opt/airflow/dags/dag_airflow.py
[2025-02-21T23:04:03.307+0000] {processor.py:829} INFO - Processing file /opt/airflow/dags/dag_airflow.py for tasks to queue
[2025-02-21T23:04:03.308+0000] {logging_mixin.py:151} INFO - [2025-02-21T23:04:03.308+0000] {dagbag.py:539} INFO - Filling up the DagBag from /opt/airflow/dags/dag_airflow.py
[2025-02-21T23:04:03.337+0000] {logging_mixin.py:151} INFO - [2025-02-21T23:04:03.331+0000] {dagbag.py:347} ERROR - Failed to import: /opt/airflow/dags/dag_airflow.py
Traceback (most recent call last):
  File "/home/airflow/.local/lib/python3.8/site-packages/airflow/models/dagbag.py", line 343, in parse
    loader.exec_module(new_module)
  File "<frozen importlib._bootstrap_external>", line 843, in exec_module
  File "<frozen importlib._bootstrap>", line 219, in _call_with_frames_removed
  File "/opt/airflow/dags/dag_airflow.py", line 81, in <module>
    create_kafka_topic >> check_kafka >> start_producer >> start_consumer >> verify_postgres
  File "/home/airflow/.local/lib/python3.8/site-packages/airflow/models/taskmixin.py", line 103, in __rshift__
    self.set_downstream(other)
  File "/home/airflow/.local/lib/python3.8/site-packages/airflow/models/taskmixin.py", line 261, in set_downstream
    self._set_relatives(task_or_task_list, upstream=False, edge_modifier=edge_modifier)
  File "/home/airflow/.local/lib/python3.8/site-packages/airflow/models/taskmixin.py", line 213, in _set_relatives
    task_object.update_relative(self, not upstream, edge_modifier=edge_modifier)
AttributeError: 'function' object has no attribute 'update_relative'
[2025-02-21T23:04:03.338+0000] {processor.py:841} WARNING - No viable dags retrieved from /opt/airflow/dags/dag_airflow.py
[2025-02-21T23:04:03.363+0000] {processor.py:179} INFO - Processing /opt/airflow/dags/dag_airflow.py took 0.061 seconds
[2025-02-21T23:04:34.623+0000] {processor.py:157} INFO - Started process (PID=1939) to work on /opt/airflow/dags/dag_airflow.py
[2025-02-21T23:04:34.624+0000] {processor.py:829} INFO - Processing file /opt/airflow/dags/dag_airflow.py for tasks to queue
[2025-02-21T23:04:34.625+0000] {logging_mixin.py:151} INFO - [2025-02-21T23:04:34.624+0000] {dagbag.py:539} INFO - Filling up the DagBag from /opt/airflow/dags/dag_airflow.py
[2025-02-21T23:04:34.649+0000] {logging_mixin.py:151} INFO - [2025-02-21T23:04:34.645+0000] {dagbag.py:347} ERROR - Failed to import: /opt/airflow/dags/dag_airflow.py
Traceback (most recent call last):
  File "/home/airflow/.local/lib/python3.8/site-packages/airflow/models/dagbag.py", line 343, in parse
    loader.exec_module(new_module)
  File "<frozen importlib._bootstrap_external>", line 843, in exec_module
  File "<frozen importlib._bootstrap>", line 219, in _call_with_frames_removed
  File "/opt/airflow/dags/dag_airflow.py", line 81, in <module>
    create_kafka_topic >> check_kafka >> start_producer >> start_consumer >> verify_postgres
  File "/home/airflow/.local/lib/python3.8/site-packages/airflow/models/taskmixin.py", line 103, in __rshift__
    self.set_downstream(other)
  File "/home/airflow/.local/lib/python3.8/site-packages/airflow/models/taskmixin.py", line 261, in set_downstream
    self._set_relatives(task_or_task_list, upstream=False, edge_modifier=edge_modifier)
  File "/home/airflow/.local/lib/python3.8/site-packages/airflow/models/taskmixin.py", line 213, in _set_relatives
    task_object.update_relative(self, not upstream, edge_modifier=edge_modifier)
AttributeError: 'function' object has no attribute 'update_relative'
[2025-02-21T23:04:34.650+0000] {processor.py:841} WARNING - No viable dags retrieved from /opt/airflow/dags/dag_airflow.py
[2025-02-21T23:04:34.680+0000] {processor.py:179} INFO - Processing /opt/airflow/dags/dag_airflow.py took 0.061 seconds
[2025-02-21T23:05:06.793+0000] {processor.py:157} INFO - Started process (PID=1944) to work on /opt/airflow/dags/dag_airflow.py
[2025-02-21T23:05:06.794+0000] {processor.py:829} INFO - Processing file /opt/airflow/dags/dag_airflow.py for tasks to queue
[2025-02-21T23:05:06.795+0000] {logging_mixin.py:151} INFO - [2025-02-21T23:05:06.795+0000] {dagbag.py:539} INFO - Filling up the DagBag from /opt/airflow/dags/dag_airflow.py
[2025-02-21T23:05:06.826+0000] {logging_mixin.py:151} INFO - [2025-02-21T23:05:06.821+0000] {dagbag.py:347} ERROR - Failed to import: /opt/airflow/dags/dag_airflow.py
Traceback (most recent call last):
  File "/home/airflow/.local/lib/python3.8/site-packages/airflow/models/dagbag.py", line 343, in parse
    loader.exec_module(new_module)
  File "<frozen importlib._bootstrap_external>", line 843, in exec_module
  File "<frozen importlib._bootstrap>", line 219, in _call_with_frames_removed
  File "/opt/airflow/dags/dag_airflow.py", line 81, in <module>
    create_kafka_topic >> check_kafka >> start_producer >> start_consumer >> verify_postgres
  File "/home/airflow/.local/lib/python3.8/site-packages/airflow/models/taskmixin.py", line 103, in __rshift__
    self.set_downstream(other)
  File "/home/airflow/.local/lib/python3.8/site-packages/airflow/models/taskmixin.py", line 261, in set_downstream
    self._set_relatives(task_or_task_list, upstream=False, edge_modifier=edge_modifier)
  File "/home/airflow/.local/lib/python3.8/site-packages/airflow/models/taskmixin.py", line 213, in _set_relatives
    task_object.update_relative(self, not upstream, edge_modifier=edge_modifier)
AttributeError: 'function' object has no attribute 'update_relative'
[2025-02-21T23:05:06.827+0000] {processor.py:841} WARNING - No viable dags retrieved from /opt/airflow/dags/dag_airflow.py
[2025-02-21T23:05:06.884+0000] {processor.py:179} INFO - Processing /opt/airflow/dags/dag_airflow.py took 0.095 seconds
[2025-02-21T23:05:39.045+0000] {processor.py:157} INFO - Started process (PID=1949) to work on /opt/airflow/dags/dag_airflow.py
[2025-02-21T23:05:39.046+0000] {processor.py:829} INFO - Processing file /opt/airflow/dags/dag_airflow.py for tasks to queue
[2025-02-21T23:05:39.047+0000] {logging_mixin.py:151} INFO - [2025-02-21T23:05:39.047+0000] {dagbag.py:539} INFO - Filling up the DagBag from /opt/airflow/dags/dag_airflow.py
[2025-02-21T23:05:39.097+0000] {logging_mixin.py:151} INFO - [2025-02-21T23:05:39.090+0000] {dagbag.py:347} ERROR - Failed to import: /opt/airflow/dags/dag_airflow.py
Traceback (most recent call last):
  File "/home/airflow/.local/lib/python3.8/site-packages/airflow/models/dagbag.py", line 343, in parse
    loader.exec_module(new_module)
  File "<frozen importlib._bootstrap_external>", line 843, in exec_module
  File "<frozen importlib._bootstrap>", line 219, in _call_with_frames_removed
  File "/opt/airflow/dags/dag_airflow.py", line 81, in <module>
    create_kafka_topic >> check_kafka >> start_producer >> start_consumer >> verify_postgres
  File "/home/airflow/.local/lib/python3.8/site-packages/airflow/models/taskmixin.py", line 103, in __rshift__
    self.set_downstream(other)
  File "/home/airflow/.local/lib/python3.8/site-packages/airflow/models/taskmixin.py", line 261, in set_downstream
    self._set_relatives(task_or_task_list, upstream=False, edge_modifier=edge_modifier)
  File "/home/airflow/.local/lib/python3.8/site-packages/airflow/models/taskmixin.py", line 213, in _set_relatives
    task_object.update_relative(self, not upstream, edge_modifier=edge_modifier)
AttributeError: 'function' object has no attribute 'update_relative'
[2025-02-21T23:05:39.098+0000] {processor.py:841} WARNING - No viable dags retrieved from /opt/airflow/dags/dag_airflow.py
[2025-02-21T23:05:39.135+0000] {processor.py:179} INFO - Processing /opt/airflow/dags/dag_airflow.py took 0.093 seconds
[2025-02-21T23:06:11.332+0000] {processor.py:157} INFO - Started process (PID=1954) to work on /opt/airflow/dags/dag_airflow.py
[2025-02-21T23:06:11.333+0000] {processor.py:829} INFO - Processing file /opt/airflow/dags/dag_airflow.py for tasks to queue
[2025-02-21T23:06:11.336+0000] {logging_mixin.py:151} INFO - [2025-02-21T23:06:11.335+0000] {dagbag.py:539} INFO - Filling up the DagBag from /opt/airflow/dags/dag_airflow.py
[2025-02-21T23:06:11.381+0000] {logging_mixin.py:151} INFO - [2025-02-21T23:06:11.377+0000] {dagbag.py:347} ERROR - Failed to import: /opt/airflow/dags/dag_airflow.py
Traceback (most recent call last):
  File "/home/airflow/.local/lib/python3.8/site-packages/airflow/models/dagbag.py", line 343, in parse
    loader.exec_module(new_module)
  File "<frozen importlib._bootstrap_external>", line 843, in exec_module
  File "<frozen importlib._bootstrap>", line 219, in _call_with_frames_removed
  File "/opt/airflow/dags/dag_airflow.py", line 81, in <module>
    create_kafka_topic >> check_kafka >> start_producer >> start_consumer >> verify_postgres
  File "/home/airflow/.local/lib/python3.8/site-packages/airflow/models/taskmixin.py", line 103, in __rshift__
    self.set_downstream(other)
  File "/home/airflow/.local/lib/python3.8/site-packages/airflow/models/taskmixin.py", line 261, in set_downstream
    self._set_relatives(task_or_task_list, upstream=False, edge_modifier=edge_modifier)
  File "/home/airflow/.local/lib/python3.8/site-packages/airflow/models/taskmixin.py", line 213, in _set_relatives
    task_object.update_relative(self, not upstream, edge_modifier=edge_modifier)
AttributeError: 'function' object has no attribute 'update_relative'
[2025-02-21T23:06:11.382+0000] {processor.py:841} WARNING - No viable dags retrieved from /opt/airflow/dags/dag_airflow.py
[2025-02-21T23:06:11.426+0000] {processor.py:179} INFO - Processing /opt/airflow/dags/dag_airflow.py took 0.105 seconds
[2025-02-21T23:06:42.602+0000] {processor.py:157} INFO - Started process (PID=1959) to work on /opt/airflow/dags/dag_airflow.py
[2025-02-21T23:06:42.603+0000] {processor.py:829} INFO - Processing file /opt/airflow/dags/dag_airflow.py for tasks to queue
[2025-02-21T23:06:42.604+0000] {logging_mixin.py:151} INFO - [2025-02-21T23:06:42.604+0000] {dagbag.py:539} INFO - Filling up the DagBag from /opt/airflow/dags/dag_airflow.py
[2025-02-21T23:06:42.638+0000] {logging_mixin.py:151} INFO - [2025-02-21T23:06:42.631+0000] {dagbag.py:347} ERROR - Failed to import: /opt/airflow/dags/dag_airflow.py
Traceback (most recent call last):
  File "/home/airflow/.local/lib/python3.8/site-packages/airflow/models/dagbag.py", line 343, in parse
    loader.exec_module(new_module)
  File "<frozen importlib._bootstrap_external>", line 843, in exec_module
  File "<frozen importlib._bootstrap>", line 219, in _call_with_frames_removed
  File "/opt/airflow/dags/dag_airflow.py", line 81, in <module>
    create_kafka_topic >> check_kafka >> start_producer >> start_consumer >> verify_postgres
  File "/home/airflow/.local/lib/python3.8/site-packages/airflow/models/taskmixin.py", line 103, in __rshift__
    self.set_downstream(other)
  File "/home/airflow/.local/lib/python3.8/site-packages/airflow/models/taskmixin.py", line 261, in set_downstream
    self._set_relatives(task_or_task_list, upstream=False, edge_modifier=edge_modifier)
  File "/home/airflow/.local/lib/python3.8/site-packages/airflow/models/taskmixin.py", line 213, in _set_relatives
    task_object.update_relative(self, not upstream, edge_modifier=edge_modifier)
AttributeError: 'function' object has no attribute 'update_relative'
[2025-02-21T23:06:42.638+0000] {processor.py:841} WARNING - No viable dags retrieved from /opt/airflow/dags/dag_airflow.py
[2025-02-21T23:06:42.663+0000] {processor.py:179} INFO - Processing /opt/airflow/dags/dag_airflow.py took 0.065 seconds
[2025-02-21T23:07:14.810+0000] {processor.py:157} INFO - Started process (PID=1964) to work on /opt/airflow/dags/dag_airflow.py
[2025-02-21T23:07:14.810+0000] {processor.py:829} INFO - Processing file /opt/airflow/dags/dag_airflow.py for tasks to queue
[2025-02-21T23:07:14.811+0000] {logging_mixin.py:151} INFO - [2025-02-21T23:07:14.811+0000] {dagbag.py:539} INFO - Filling up the DagBag from /opt/airflow/dags/dag_airflow.py
[2025-02-21T23:07:14.840+0000] {logging_mixin.py:151} INFO - [2025-02-21T23:07:14.832+0000] {dagbag.py:347} ERROR - Failed to import: /opt/airflow/dags/dag_airflow.py
Traceback (most recent call last):
  File "/home/airflow/.local/lib/python3.8/site-packages/airflow/models/dagbag.py", line 343, in parse
    loader.exec_module(new_module)
  File "<frozen importlib._bootstrap_external>", line 843, in exec_module
  File "<frozen importlib._bootstrap>", line 219, in _call_with_frames_removed
  File "/opt/airflow/dags/dag_airflow.py", line 81, in <module>
    create_kafka_topic >> check_kafka >> start_producer >> start_consumer >> verify_postgres
  File "/home/airflow/.local/lib/python3.8/site-packages/airflow/models/taskmixin.py", line 103, in __rshift__
    self.set_downstream(other)
  File "/home/airflow/.local/lib/python3.8/site-packages/airflow/models/taskmixin.py", line 261, in set_downstream
    self._set_relatives(task_or_task_list, upstream=False, edge_modifier=edge_modifier)
  File "/home/airflow/.local/lib/python3.8/site-packages/airflow/models/taskmixin.py", line 213, in _set_relatives
    task_object.update_relative(self, not upstream, edge_modifier=edge_modifier)
AttributeError: 'function' object has no attribute 'update_relative'
[2025-02-21T23:07:14.841+0000] {processor.py:841} WARNING - No viable dags retrieved from /opt/airflow/dags/dag_airflow.py
[2025-02-21T23:07:14.884+0000] {processor.py:179} INFO - Processing /opt/airflow/dags/dag_airflow.py took 0.078 seconds
[2025-02-21T23:07:47.047+0000] {processor.py:157} INFO - Started process (PID=1969) to work on /opt/airflow/dags/dag_airflow.py
[2025-02-21T23:07:47.048+0000] {processor.py:829} INFO - Processing file /opt/airflow/dags/dag_airflow.py for tasks to queue
[2025-02-21T23:07:47.049+0000] {logging_mixin.py:151} INFO - [2025-02-21T23:07:47.048+0000] {dagbag.py:539} INFO - Filling up the DagBag from /opt/airflow/dags/dag_airflow.py
[2025-02-21T23:07:47.089+0000] {logging_mixin.py:151} INFO - [2025-02-21T23:07:47.082+0000] {dagbag.py:347} ERROR - Failed to import: /opt/airflow/dags/dag_airflow.py
Traceback (most recent call last):
  File "/home/airflow/.local/lib/python3.8/site-packages/airflow/models/dagbag.py", line 343, in parse
    loader.exec_module(new_module)
  File "<frozen importlib._bootstrap_external>", line 843, in exec_module
  File "<frozen importlib._bootstrap>", line 219, in _call_with_frames_removed
  File "/opt/airflow/dags/dag_airflow.py", line 81, in <module>
    create_kafka_topic >> check_kafka >> start_producer >> start_consumer >> verify_postgres
  File "/home/airflow/.local/lib/python3.8/site-packages/airflow/models/taskmixin.py", line 103, in __rshift__
    self.set_downstream(other)
  File "/home/airflow/.local/lib/python3.8/site-packages/airflow/models/taskmixin.py", line 261, in set_downstream
    self._set_relatives(task_or_task_list, upstream=False, edge_modifier=edge_modifier)
  File "/home/airflow/.local/lib/python3.8/site-packages/airflow/models/taskmixin.py", line 213, in _set_relatives
    task_object.update_relative(self, not upstream, edge_modifier=edge_modifier)
AttributeError: 'function' object has no attribute 'update_relative'
[2025-02-21T23:07:47.089+0000] {processor.py:841} WARNING - No viable dags retrieved from /opt/airflow/dags/dag_airflow.py
[2025-02-21T23:07:47.119+0000] {processor.py:179} INFO - Processing /opt/airflow/dags/dag_airflow.py took 0.077 seconds
[2025-02-21T23:08:19.304+0000] {processor.py:157} INFO - Started process (PID=1974) to work on /opt/airflow/dags/dag_airflow.py
[2025-02-21T23:08:19.305+0000] {processor.py:829} INFO - Processing file /opt/airflow/dags/dag_airflow.py for tasks to queue
[2025-02-21T23:08:19.306+0000] {logging_mixin.py:151} INFO - [2025-02-21T23:08:19.306+0000] {dagbag.py:539} INFO - Filling up the DagBag from /opt/airflow/dags/dag_airflow.py
[2025-02-21T23:08:19.337+0000] {logging_mixin.py:151} INFO - [2025-02-21T23:08:19.331+0000] {dagbag.py:347} ERROR - Failed to import: /opt/airflow/dags/dag_airflow.py
Traceback (most recent call last):
  File "/home/airflow/.local/lib/python3.8/site-packages/airflow/models/dagbag.py", line 343, in parse
    loader.exec_module(new_module)
  File "<frozen importlib._bootstrap_external>", line 843, in exec_module
  File "<frozen importlib._bootstrap>", line 219, in _call_with_frames_removed
  File "/opt/airflow/dags/dag_airflow.py", line 81, in <module>
    create_kafka_topic >> check_kafka >> start_producer >> start_consumer >> verify_postgres
  File "/home/airflow/.local/lib/python3.8/site-packages/airflow/models/taskmixin.py", line 103, in __rshift__
    self.set_downstream(other)
  File "/home/airflow/.local/lib/python3.8/site-packages/airflow/models/taskmixin.py", line 261, in set_downstream
    self._set_relatives(task_or_task_list, upstream=False, edge_modifier=edge_modifier)
  File "/home/airflow/.local/lib/python3.8/site-packages/airflow/models/taskmixin.py", line 213, in _set_relatives
    task_object.update_relative(self, not upstream, edge_modifier=edge_modifier)
AttributeError: 'function' object has no attribute 'update_relative'
[2025-02-21T23:08:19.338+0000] {processor.py:841} WARNING - No viable dags retrieved from /opt/airflow/dags/dag_airflow.py
[2025-02-21T23:08:19.367+0000] {processor.py:179} INFO - Processing /opt/airflow/dags/dag_airflow.py took 0.067 seconds
[2025-02-21T23:08:50.766+0000] {processor.py:157} INFO - Started process (PID=1979) to work on /opt/airflow/dags/dag_airflow.py
[2025-02-21T23:08:50.767+0000] {processor.py:829} INFO - Processing file /opt/airflow/dags/dag_airflow.py for tasks to queue
[2025-02-21T23:08:50.768+0000] {logging_mixin.py:151} INFO - [2025-02-21T23:08:50.768+0000] {dagbag.py:539} INFO - Filling up the DagBag from /opt/airflow/dags/dag_airflow.py
[2025-02-21T23:08:50.797+0000] {logging_mixin.py:151} INFO - [2025-02-21T23:08:50.791+0000] {dagbag.py:347} ERROR - Failed to import: /opt/airflow/dags/dag_airflow.py
Traceback (most recent call last):
  File "/home/airflow/.local/lib/python3.8/site-packages/airflow/models/dagbag.py", line 343, in parse
    loader.exec_module(new_module)
  File "<frozen importlib._bootstrap_external>", line 843, in exec_module
  File "<frozen importlib._bootstrap>", line 219, in _call_with_frames_removed
  File "/opt/airflow/dags/dag_airflow.py", line 81, in <module>
    create_kafka_topic >> check_kafka >> start_producer >> start_consumer >> verify_postgres
  File "/home/airflow/.local/lib/python3.8/site-packages/airflow/models/taskmixin.py", line 103, in __rshift__
    self.set_downstream(other)
  File "/home/airflow/.local/lib/python3.8/site-packages/airflow/models/taskmixin.py", line 261, in set_downstream
    self._set_relatives(task_or_task_list, upstream=False, edge_modifier=edge_modifier)
  File "/home/airflow/.local/lib/python3.8/site-packages/airflow/models/taskmixin.py", line 213, in _set_relatives
    task_object.update_relative(self, not upstream, edge_modifier=edge_modifier)
AttributeError: 'function' object has no attribute 'update_relative'
[2025-02-21T23:08:50.797+0000] {processor.py:841} WARNING - No viable dags retrieved from /opt/airflow/dags/dag_airflow.py
[2025-02-21T23:08:50.823+0000] {processor.py:179} INFO - Processing /opt/airflow/dags/dag_airflow.py took 0.060 seconds
[2025-02-21T23:09:22.974+0000] {processor.py:157} INFO - Started process (PID=1984) to work on /opt/airflow/dags/dag_airflow.py
[2025-02-21T23:09:22.975+0000] {processor.py:829} INFO - Processing file /opt/airflow/dags/dag_airflow.py for tasks to queue
[2025-02-21T23:09:22.976+0000] {logging_mixin.py:151} INFO - [2025-02-21T23:09:22.975+0000] {dagbag.py:539} INFO - Filling up the DagBag from /opt/airflow/dags/dag_airflow.py
[2025-02-21T23:09:23.001+0000] {logging_mixin.py:151} INFO - [2025-02-21T23:09:22.995+0000] {dagbag.py:347} ERROR - Failed to import: /opt/airflow/dags/dag_airflow.py
Traceback (most recent call last):
  File "/home/airflow/.local/lib/python3.8/site-packages/airflow/models/dagbag.py", line 343, in parse
    loader.exec_module(new_module)
  File "<frozen importlib._bootstrap_external>", line 843, in exec_module
  File "<frozen importlib._bootstrap>", line 219, in _call_with_frames_removed
  File "/opt/airflow/dags/dag_airflow.py", line 81, in <module>
    create_kafka_topic >> check_kafka >> start_producer >> start_consumer >> verify_postgres
  File "/home/airflow/.local/lib/python3.8/site-packages/airflow/models/taskmixin.py", line 103, in __rshift__
    self.set_downstream(other)
  File "/home/airflow/.local/lib/python3.8/site-packages/airflow/models/taskmixin.py", line 261, in set_downstream
    self._set_relatives(task_or_task_list, upstream=False, edge_modifier=edge_modifier)
  File "/home/airflow/.local/lib/python3.8/site-packages/airflow/models/taskmixin.py", line 213, in _set_relatives
    task_object.update_relative(self, not upstream, edge_modifier=edge_modifier)
AttributeError: 'function' object has no attribute 'update_relative'
[2025-02-21T23:09:23.002+0000] {processor.py:841} WARNING - No viable dags retrieved from /opt/airflow/dags/dag_airflow.py
[2025-02-21T23:09:23.029+0000] {processor.py:179} INFO - Processing /opt/airflow/dags/dag_airflow.py took 0.058 seconds
[2025-02-21T23:09:55.175+0000] {processor.py:157} INFO - Started process (PID=1989) to work on /opt/airflow/dags/dag_airflow.py
[2025-02-21T23:09:55.176+0000] {processor.py:829} INFO - Processing file /opt/airflow/dags/dag_airflow.py for tasks to queue
[2025-02-21T23:09:55.177+0000] {logging_mixin.py:151} INFO - [2025-02-21T23:09:55.177+0000] {dagbag.py:539} INFO - Filling up the DagBag from /opt/airflow/dags/dag_airflow.py
[2025-02-21T23:09:55.219+0000] {logging_mixin.py:151} INFO - [2025-02-21T23:09:55.212+0000] {dagbag.py:347} ERROR - Failed to import: /opt/airflow/dags/dag_airflow.py
Traceback (most recent call last):
  File "/home/airflow/.local/lib/python3.8/site-packages/airflow/models/dagbag.py", line 343, in parse
    loader.exec_module(new_module)
  File "<frozen importlib._bootstrap_external>", line 843, in exec_module
  File "<frozen importlib._bootstrap>", line 219, in _call_with_frames_removed
  File "/opt/airflow/dags/dag_airflow.py", line 81, in <module>
    create_kafka_topic >> check_kafka >> start_producer >> start_consumer >> verify_postgres
  File "/home/airflow/.local/lib/python3.8/site-packages/airflow/models/taskmixin.py", line 103, in __rshift__
    self.set_downstream(other)
  File "/home/airflow/.local/lib/python3.8/site-packages/airflow/models/taskmixin.py", line 261, in set_downstream
    self._set_relatives(task_or_task_list, upstream=False, edge_modifier=edge_modifier)
  File "/home/airflow/.local/lib/python3.8/site-packages/airflow/models/taskmixin.py", line 213, in _set_relatives
    task_object.update_relative(self, not upstream, edge_modifier=edge_modifier)
AttributeError: 'function' object has no attribute 'update_relative'
[2025-02-21T23:09:55.220+0000] {processor.py:841} WARNING - No viable dags retrieved from /opt/airflow/dags/dag_airflow.py
[2025-02-21T23:09:55.262+0000] {processor.py:179} INFO - Processing /opt/airflow/dags/dag_airflow.py took 0.090 seconds
[2025-02-21T23:10:26.476+0000] {processor.py:157} INFO - Started process (PID=1994) to work on /opt/airflow/dags/dag_airflow.py
[2025-02-21T23:10:26.478+0000] {processor.py:829} INFO - Processing file /opt/airflow/dags/dag_airflow.py for tasks to queue
[2025-02-21T23:10:26.479+0000] {logging_mixin.py:151} INFO - [2025-02-21T23:10:26.479+0000] {dagbag.py:539} INFO - Filling up the DagBag from /opt/airflow/dags/dag_airflow.py
[2025-02-21T23:10:26.507+0000] {logging_mixin.py:151} INFO - [2025-02-21T23:10:26.502+0000] {dagbag.py:347} ERROR - Failed to import: /opt/airflow/dags/dag_airflow.py
Traceback (most recent call last):
  File "/home/airflow/.local/lib/python3.8/site-packages/airflow/models/dagbag.py", line 343, in parse
    loader.exec_module(new_module)
  File "<frozen importlib._bootstrap_external>", line 843, in exec_module
  File "<frozen importlib._bootstrap>", line 219, in _call_with_frames_removed
  File "/opt/airflow/dags/dag_airflow.py", line 81, in <module>
    create_kafka_topic >> check_kafka >> start_producer >> start_consumer >> verify_postgres
  File "/home/airflow/.local/lib/python3.8/site-packages/airflow/models/taskmixin.py", line 103, in __rshift__
    self.set_downstream(other)
  File "/home/airflow/.local/lib/python3.8/site-packages/airflow/models/taskmixin.py", line 261, in set_downstream
    self._set_relatives(task_or_task_list, upstream=False, edge_modifier=edge_modifier)
  File "/home/airflow/.local/lib/python3.8/site-packages/airflow/models/taskmixin.py", line 213, in _set_relatives
    task_object.update_relative(self, not upstream, edge_modifier=edge_modifier)
AttributeError: 'function' object has no attribute 'update_relative'
[2025-02-21T23:10:26.507+0000] {processor.py:841} WARNING - No viable dags retrieved from /opt/airflow/dags/dag_airflow.py
[2025-02-21T23:10:26.546+0000] {processor.py:179} INFO - Processing /opt/airflow/dags/dag_airflow.py took 0.074 seconds
[2025-02-21T23:10:58.756+0000] {processor.py:157} INFO - Started process (PID=1999) to work on /opt/airflow/dags/dag_airflow.py
[2025-02-21T23:10:58.757+0000] {processor.py:829} INFO - Processing file /opt/airflow/dags/dag_airflow.py for tasks to queue
[2025-02-21T23:10:58.758+0000] {logging_mixin.py:151} INFO - [2025-02-21T23:10:58.758+0000] {dagbag.py:539} INFO - Filling up the DagBag from /opt/airflow/dags/dag_airflow.py
[2025-02-21T23:10:58.783+0000] {logging_mixin.py:151} INFO - [2025-02-21T23:10:58.779+0000] {dagbag.py:347} ERROR - Failed to import: /opt/airflow/dags/dag_airflow.py
Traceback (most recent call last):
  File "/home/airflow/.local/lib/python3.8/site-packages/airflow/models/dagbag.py", line 343, in parse
    loader.exec_module(new_module)
  File "<frozen importlib._bootstrap_external>", line 843, in exec_module
  File "<frozen importlib._bootstrap>", line 219, in _call_with_frames_removed
  File "/opt/airflow/dags/dag_airflow.py", line 81, in <module>
    create_kafka_topic >> check_kafka >> start_producer >> start_consumer >> verify_postgres
  File "/home/airflow/.local/lib/python3.8/site-packages/airflow/models/taskmixin.py", line 103, in __rshift__
    self.set_downstream(other)
  File "/home/airflow/.local/lib/python3.8/site-packages/airflow/models/taskmixin.py", line 261, in set_downstream
    self._set_relatives(task_or_task_list, upstream=False, edge_modifier=edge_modifier)
  File "/home/airflow/.local/lib/python3.8/site-packages/airflow/models/taskmixin.py", line 213, in _set_relatives
    task_object.update_relative(self, not upstream, edge_modifier=edge_modifier)
AttributeError: 'function' object has no attribute 'update_relative'
[2025-02-21T23:10:58.784+0000] {processor.py:841} WARNING - No viable dags retrieved from /opt/airflow/dags/dag_airflow.py
[2025-02-21T23:10:58.813+0000] {processor.py:179} INFO - Processing /opt/airflow/dags/dag_airflow.py took 0.061 seconds
[2025-02-21T23:11:30.976+0000] {processor.py:157} INFO - Started process (PID=2004) to work on /opt/airflow/dags/dag_airflow.py
[2025-02-21T23:11:30.977+0000] {processor.py:829} INFO - Processing file /opt/airflow/dags/dag_airflow.py for tasks to queue
[2025-02-21T23:11:30.978+0000] {logging_mixin.py:151} INFO - [2025-02-21T23:11:30.978+0000] {dagbag.py:539} INFO - Filling up the DagBag from /opt/airflow/dags/dag_airflow.py
[2025-02-21T23:11:31.005+0000] {logging_mixin.py:151} INFO - [2025-02-21T23:11:30.999+0000] {dagbag.py:347} ERROR - Failed to import: /opt/airflow/dags/dag_airflow.py
Traceback (most recent call last):
  File "/home/airflow/.local/lib/python3.8/site-packages/airflow/models/dagbag.py", line 343, in parse
    loader.exec_module(new_module)
  File "<frozen importlib._bootstrap_external>", line 843, in exec_module
  File "<frozen importlib._bootstrap>", line 219, in _call_with_frames_removed
  File "/opt/airflow/dags/dag_airflow.py", line 81, in <module>
    create_kafka_topic >> check_kafka >> start_producer >> start_consumer >> verify_postgres
  File "/home/airflow/.local/lib/python3.8/site-packages/airflow/models/taskmixin.py", line 103, in __rshift__
    self.set_downstream(other)
  File "/home/airflow/.local/lib/python3.8/site-packages/airflow/models/taskmixin.py", line 261, in set_downstream
    self._set_relatives(task_or_task_list, upstream=False, edge_modifier=edge_modifier)
  File "/home/airflow/.local/lib/python3.8/site-packages/airflow/models/taskmixin.py", line 213, in _set_relatives
    task_object.update_relative(self, not upstream, edge_modifier=edge_modifier)
AttributeError: 'function' object has no attribute 'update_relative'
[2025-02-21T23:11:31.006+0000] {processor.py:841} WARNING - No viable dags retrieved from /opt/airflow/dags/dag_airflow.py
[2025-02-21T23:11:31.029+0000] {processor.py:179} INFO - Processing /opt/airflow/dags/dag_airflow.py took 0.055 seconds
[2025-02-21T23:12:03.401+0000] {processor.py:157} INFO - Started process (PID=2009) to work on /opt/airflow/dags/dag_airflow.py
[2025-02-21T23:12:03.402+0000] {processor.py:829} INFO - Processing file /opt/airflow/dags/dag_airflow.py for tasks to queue
[2025-02-21T23:12:03.407+0000] {logging_mixin.py:151} INFO - [2025-02-21T23:12:03.406+0000] {dagbag.py:539} INFO - Filling up the DagBag from /opt/airflow/dags/dag_airflow.py
[2025-02-21T23:12:03.577+0000] {logging_mixin.py:151} INFO - [2025-02-21T23:12:03.565+0000] {dagbag.py:347} ERROR - Failed to import: /opt/airflow/dags/dag_airflow.py
Traceback (most recent call last):
  File "/home/airflow/.local/lib/python3.8/site-packages/airflow/models/dagbag.py", line 343, in parse
    loader.exec_module(new_module)
  File "<frozen importlib._bootstrap_external>", line 843, in exec_module
  File "<frozen importlib._bootstrap>", line 219, in _call_with_frames_removed
  File "/opt/airflow/dags/dag_airflow.py", line 81, in <module>
    create_kafka_topic >> check_kafka >> start_producer >> start_consumer >> verify_postgres
  File "/home/airflow/.local/lib/python3.8/site-packages/airflow/models/taskmixin.py", line 103, in __rshift__
    self.set_downstream(other)
  File "/home/airflow/.local/lib/python3.8/site-packages/airflow/models/taskmixin.py", line 261, in set_downstream
    self._set_relatives(task_or_task_list, upstream=False, edge_modifier=edge_modifier)
  File "/home/airflow/.local/lib/python3.8/site-packages/airflow/models/taskmixin.py", line 213, in _set_relatives
    task_object.update_relative(self, not upstream, edge_modifier=edge_modifier)
AttributeError: 'function' object has no attribute 'update_relative'
[2025-02-21T23:12:03.577+0000] {processor.py:841} WARNING - No viable dags retrieved from /opt/airflow/dags/dag_airflow.py
[2025-02-21T23:12:03.722+0000] {processor.py:179} INFO - Processing /opt/airflow/dags/dag_airflow.py took 0.327 seconds
[2025-02-21T23:12:34.685+0000] {processor.py:157} INFO - Started process (PID=2014) to work on /opt/airflow/dags/dag_airflow.py
[2025-02-21T23:12:34.686+0000] {processor.py:829} INFO - Processing file /opt/airflow/dags/dag_airflow.py for tasks to queue
[2025-02-21T23:12:34.688+0000] {logging_mixin.py:151} INFO - [2025-02-21T23:12:34.687+0000] {dagbag.py:539} INFO - Filling up the DagBag from /opt/airflow/dags/dag_airflow.py
[2025-02-21T23:12:34.732+0000] {logging_mixin.py:151} INFO - [2025-02-21T23:12:34.723+0000] {dagbag.py:347} ERROR - Failed to import: /opt/airflow/dags/dag_airflow.py
Traceback (most recent call last):
  File "/home/airflow/.local/lib/python3.8/site-packages/airflow/models/dagbag.py", line 343, in parse
    loader.exec_module(new_module)
  File "<frozen importlib._bootstrap_external>", line 843, in exec_module
  File "<frozen importlib._bootstrap>", line 219, in _call_with_frames_removed
  File "/opt/airflow/dags/dag_airflow.py", line 81, in <module>
    create_kafka_topic >> check_kafka >> start_producer >> start_consumer >> verify_postgres
  File "/home/airflow/.local/lib/python3.8/site-packages/airflow/models/taskmixin.py", line 103, in __rshift__
    self.set_downstream(other)
  File "/home/airflow/.local/lib/python3.8/site-packages/airflow/models/taskmixin.py", line 261, in set_downstream
    self._set_relatives(task_or_task_list, upstream=False, edge_modifier=edge_modifier)
  File "/home/airflow/.local/lib/python3.8/site-packages/airflow/models/taskmixin.py", line 213, in _set_relatives
    task_object.update_relative(self, not upstream, edge_modifier=edge_modifier)
AttributeError: 'function' object has no attribute 'update_relative'
[2025-02-21T23:12:34.733+0000] {processor.py:841} WARNING - No viable dags retrieved from /opt/airflow/dags/dag_airflow.py
[2025-02-21T23:12:34.766+0000] {processor.py:179} INFO - Processing /opt/airflow/dags/dag_airflow.py took 0.086 seconds
[2025-02-21T23:13:06.917+0000] {processor.py:157} INFO - Started process (PID=2019) to work on /opt/airflow/dags/dag_airflow.py
[2025-02-21T23:13:06.918+0000] {processor.py:829} INFO - Processing file /opt/airflow/dags/dag_airflow.py for tasks to queue
[2025-02-21T23:13:06.919+0000] {logging_mixin.py:151} INFO - [2025-02-21T23:13:06.919+0000] {dagbag.py:539} INFO - Filling up the DagBag from /opt/airflow/dags/dag_airflow.py
[2025-02-21T23:13:06.951+0000] {logging_mixin.py:151} INFO - [2025-02-21T23:13:06.944+0000] {dagbag.py:347} ERROR - Failed to import: /opt/airflow/dags/dag_airflow.py
Traceback (most recent call last):
  File "/home/airflow/.local/lib/python3.8/site-packages/airflow/models/dagbag.py", line 343, in parse
    loader.exec_module(new_module)
  File "<frozen importlib._bootstrap_external>", line 843, in exec_module
  File "<frozen importlib._bootstrap>", line 219, in _call_with_frames_removed
  File "/opt/airflow/dags/dag_airflow.py", line 81, in <module>
    create_kafka_topic >> check_kafka >> start_producer >> start_consumer >> verify_postgres
  File "/home/airflow/.local/lib/python3.8/site-packages/airflow/models/taskmixin.py", line 103, in __rshift__
    self.set_downstream(other)
  File "/home/airflow/.local/lib/python3.8/site-packages/airflow/models/taskmixin.py", line 261, in set_downstream
    self._set_relatives(task_or_task_list, upstream=False, edge_modifier=edge_modifier)
  File "/home/airflow/.local/lib/python3.8/site-packages/airflow/models/taskmixin.py", line 213, in _set_relatives
    task_object.update_relative(self, not upstream, edge_modifier=edge_modifier)
AttributeError: 'function' object has no attribute 'update_relative'
[2025-02-21T23:13:06.952+0000] {processor.py:841} WARNING - No viable dags retrieved from /opt/airflow/dags/dag_airflow.py
[2025-02-21T23:13:06.996+0000] {processor.py:179} INFO - Processing /opt/airflow/dags/dag_airflow.py took 0.083 seconds
[2025-02-21T23:13:39.183+0000] {processor.py:157} INFO - Started process (PID=2024) to work on /opt/airflow/dags/dag_airflow.py
[2025-02-21T23:13:39.184+0000] {processor.py:829} INFO - Processing file /opt/airflow/dags/dag_airflow.py for tasks to queue
[2025-02-21T23:13:39.186+0000] {logging_mixin.py:151} INFO - [2025-02-21T23:13:39.185+0000] {dagbag.py:539} INFO - Filling up the DagBag from /opt/airflow/dags/dag_airflow.py
[2025-02-21T23:13:39.231+0000] {logging_mixin.py:151} INFO - [2025-02-21T23:13:39.226+0000] {dagbag.py:347} ERROR - Failed to import: /opt/airflow/dags/dag_airflow.py
Traceback (most recent call last):
  File "/home/airflow/.local/lib/python3.8/site-packages/airflow/models/dagbag.py", line 343, in parse
    loader.exec_module(new_module)
  File "<frozen importlib._bootstrap_external>", line 843, in exec_module
  File "<frozen importlib._bootstrap>", line 219, in _call_with_frames_removed
  File "/opt/airflow/dags/dag_airflow.py", line 81, in <module>
    create_kafka_topic >> check_kafka >> start_producer >> start_consumer >> verify_postgres
  File "/home/airflow/.local/lib/python3.8/site-packages/airflow/models/taskmixin.py", line 103, in __rshift__
    self.set_downstream(other)
  File "/home/airflow/.local/lib/python3.8/site-packages/airflow/models/taskmixin.py", line 261, in set_downstream
    self._set_relatives(task_or_task_list, upstream=False, edge_modifier=edge_modifier)
  File "/home/airflow/.local/lib/python3.8/site-packages/airflow/models/taskmixin.py", line 213, in _set_relatives
    task_object.update_relative(self, not upstream, edge_modifier=edge_modifier)
AttributeError: 'function' object has no attribute 'update_relative'
[2025-02-21T23:13:39.232+0000] {processor.py:841} WARNING - No viable dags retrieved from /opt/airflow/dags/dag_airflow.py
[2025-02-21T23:13:39.266+0000] {processor.py:179} INFO - Processing /opt/airflow/dags/dag_airflow.py took 0.087 seconds
[2025-02-21T23:14:10.450+0000] {processor.py:157} INFO - Started process (PID=2029) to work on /opt/airflow/dags/dag_airflow.py
[2025-02-21T23:14:10.451+0000] {processor.py:829} INFO - Processing file /opt/airflow/dags/dag_airflow.py for tasks to queue
[2025-02-21T23:14:10.453+0000] {logging_mixin.py:151} INFO - [2025-02-21T23:14:10.452+0000] {dagbag.py:539} INFO - Filling up the DagBag from /opt/airflow/dags/dag_airflow.py
[2025-02-21T23:14:10.488+0000] {logging_mixin.py:151} INFO - [2025-02-21T23:14:10.483+0000] {dagbag.py:347} ERROR - Failed to import: /opt/airflow/dags/dag_airflow.py
Traceback (most recent call last):
  File "/home/airflow/.local/lib/python3.8/site-packages/airflow/models/dagbag.py", line 343, in parse
    loader.exec_module(new_module)
  File "<frozen importlib._bootstrap_external>", line 843, in exec_module
  File "<frozen importlib._bootstrap>", line 219, in _call_with_frames_removed
  File "/opt/airflow/dags/dag_airflow.py", line 81, in <module>
    create_kafka_topic >> check_kafka >> start_producer >> start_consumer >> verify_postgres
  File "/home/airflow/.local/lib/python3.8/site-packages/airflow/models/taskmixin.py", line 103, in __rshift__
    self.set_downstream(other)
  File "/home/airflow/.local/lib/python3.8/site-packages/airflow/models/taskmixin.py", line 261, in set_downstream
    self._set_relatives(task_or_task_list, upstream=False, edge_modifier=edge_modifier)
  File "/home/airflow/.local/lib/python3.8/site-packages/airflow/models/taskmixin.py", line 213, in _set_relatives
    task_object.update_relative(self, not upstream, edge_modifier=edge_modifier)
AttributeError: 'function' object has no attribute 'update_relative'
[2025-02-21T23:14:10.489+0000] {processor.py:841} WARNING - No viable dags retrieved from /opt/airflow/dags/dag_airflow.py
[2025-02-21T23:14:10.532+0000] {processor.py:179} INFO - Processing /opt/airflow/dags/dag_airflow.py took 0.087 seconds
[2025-02-21T23:14:42.684+0000] {processor.py:157} INFO - Started process (PID=2034) to work on /opt/airflow/dags/dag_airflow.py
[2025-02-21T23:14:42.685+0000] {processor.py:829} INFO - Processing file /opt/airflow/dags/dag_airflow.py for tasks to queue
[2025-02-21T23:14:42.686+0000] {logging_mixin.py:151} INFO - [2025-02-21T23:14:42.686+0000] {dagbag.py:539} INFO - Filling up the DagBag from /opt/airflow/dags/dag_airflow.py
[2025-02-21T23:14:42.713+0000] {logging_mixin.py:151} INFO - [2025-02-21T23:14:42.707+0000] {dagbag.py:347} ERROR - Failed to import: /opt/airflow/dags/dag_airflow.py
Traceback (most recent call last):
  File "/home/airflow/.local/lib/python3.8/site-packages/airflow/models/dagbag.py", line 343, in parse
    loader.exec_module(new_module)
  File "<frozen importlib._bootstrap_external>", line 843, in exec_module
  File "<frozen importlib._bootstrap>", line 219, in _call_with_frames_removed
  File "/opt/airflow/dags/dag_airflow.py", line 81, in <module>
    create_kafka_topic >> check_kafka >> start_producer >> start_consumer >> verify_postgres
  File "/home/airflow/.local/lib/python3.8/site-packages/airflow/models/taskmixin.py", line 103, in __rshift__
    self.set_downstream(other)
  File "/home/airflow/.local/lib/python3.8/site-packages/airflow/models/taskmixin.py", line 261, in set_downstream
    self._set_relatives(task_or_task_list, upstream=False, edge_modifier=edge_modifier)
  File "/home/airflow/.local/lib/python3.8/site-packages/airflow/models/taskmixin.py", line 213, in _set_relatives
    task_object.update_relative(self, not upstream, edge_modifier=edge_modifier)
AttributeError: 'function' object has no attribute 'update_relative'
[2025-02-21T23:14:42.714+0000] {processor.py:841} WARNING - No viable dags retrieved from /opt/airflow/dags/dag_airflow.py
[2025-02-21T23:14:42.741+0000] {processor.py:179} INFO - Processing /opt/airflow/dags/dag_airflow.py took 0.061 seconds
[2025-02-21T23:15:14.981+0000] {processor.py:157} INFO - Started process (PID=2039) to work on /opt/airflow/dags/dag_airflow.py
[2025-02-21T23:15:14.982+0000] {processor.py:829} INFO - Processing file /opt/airflow/dags/dag_airflow.py for tasks to queue
[2025-02-21T23:15:14.983+0000] {logging_mixin.py:151} INFO - [2025-02-21T23:15:14.982+0000] {dagbag.py:539} INFO - Filling up the DagBag from /opt/airflow/dags/dag_airflow.py
[2025-02-21T23:15:15.016+0000] {logging_mixin.py:151} INFO - [2025-02-21T23:15:15.010+0000] {dagbag.py:347} ERROR - Failed to import: /opt/airflow/dags/dag_airflow.py
Traceback (most recent call last):
  File "/home/airflow/.local/lib/python3.8/site-packages/airflow/models/dagbag.py", line 343, in parse
    loader.exec_module(new_module)
  File "<frozen importlib._bootstrap_external>", line 843, in exec_module
  File "<frozen importlib._bootstrap>", line 219, in _call_with_frames_removed
  File "/opt/airflow/dags/dag_airflow.py", line 81, in <module>
    create_kafka_topic >> check_kafka >> start_producer >> start_consumer >> verify_postgres
  File "/home/airflow/.local/lib/python3.8/site-packages/airflow/models/taskmixin.py", line 103, in __rshift__
    self.set_downstream(other)
  File "/home/airflow/.local/lib/python3.8/site-packages/airflow/models/taskmixin.py", line 261, in set_downstream
    self._set_relatives(task_or_task_list, upstream=False, edge_modifier=edge_modifier)
  File "/home/airflow/.local/lib/python3.8/site-packages/airflow/models/taskmixin.py", line 213, in _set_relatives
    task_object.update_relative(self, not upstream, edge_modifier=edge_modifier)
AttributeError: 'function' object has no attribute 'update_relative'
[2025-02-21T23:15:15.017+0000] {processor.py:841} WARNING - No viable dags retrieved from /opt/airflow/dags/dag_airflow.py
[2025-02-21T23:15:15.041+0000] {processor.py:179} INFO - Processing /opt/airflow/dags/dag_airflow.py took 0.064 seconds
[2025-02-21T23:15:47.152+0000] {processor.py:157} INFO - Started process (PID=2044) to work on /opt/airflow/dags/dag_airflow.py
[2025-02-21T23:15:47.153+0000] {processor.py:829} INFO - Processing file /opt/airflow/dags/dag_airflow.py for tasks to queue
[2025-02-21T23:15:47.155+0000] {logging_mixin.py:151} INFO - [2025-02-21T23:15:47.154+0000] {dagbag.py:539} INFO - Filling up the DagBag from /opt/airflow/dags/dag_airflow.py
[2025-02-21T23:15:47.206+0000] {logging_mixin.py:151} INFO - [2025-02-21T23:15:47.196+0000] {dagbag.py:347} ERROR - Failed to import: /opt/airflow/dags/dag_airflow.py
Traceback (most recent call last):
  File "/home/airflow/.local/lib/python3.8/site-packages/airflow/models/dagbag.py", line 343, in parse
    loader.exec_module(new_module)
  File "<frozen importlib._bootstrap_external>", line 843, in exec_module
  File "<frozen importlib._bootstrap>", line 219, in _call_with_frames_removed
  File "/opt/airflow/dags/dag_airflow.py", line 81, in <module>
    create_kafka_topic >> check_kafka >> start_producer >> start_consumer >> verify_postgres
  File "/home/airflow/.local/lib/python3.8/site-packages/airflow/models/taskmixin.py", line 103, in __rshift__
    self.set_downstream(other)
  File "/home/airflow/.local/lib/python3.8/site-packages/airflow/models/taskmixin.py", line 261, in set_downstream
    self._set_relatives(task_or_task_list, upstream=False, edge_modifier=edge_modifier)
  File "/home/airflow/.local/lib/python3.8/site-packages/airflow/models/taskmixin.py", line 213, in _set_relatives
    task_object.update_relative(self, not upstream, edge_modifier=edge_modifier)
AttributeError: 'function' object has no attribute 'update_relative'
[2025-02-21T23:15:47.207+0000] {processor.py:841} WARNING - No viable dags retrieved from /opt/airflow/dags/dag_airflow.py
[2025-02-21T23:15:47.235+0000] {processor.py:179} INFO - Processing /opt/airflow/dags/dag_airflow.py took 0.087 seconds
[2025-02-21T23:16:18.395+0000] {processor.py:157} INFO - Started process (PID=2049) to work on /opt/airflow/dags/dag_airflow.py
[2025-02-21T23:16:18.396+0000] {processor.py:829} INFO - Processing file /opt/airflow/dags/dag_airflow.py for tasks to queue
[2025-02-21T23:16:18.397+0000] {logging_mixin.py:151} INFO - [2025-02-21T23:16:18.397+0000] {dagbag.py:539} INFO - Filling up the DagBag from /opt/airflow/dags/dag_airflow.py
[2025-02-21T23:16:18.433+0000] {logging_mixin.py:151} INFO - [2025-02-21T23:16:18.428+0000] {dagbag.py:347} ERROR - Failed to import: /opt/airflow/dags/dag_airflow.py
Traceback (most recent call last):
  File "/home/airflow/.local/lib/python3.8/site-packages/airflow/models/dagbag.py", line 343, in parse
    loader.exec_module(new_module)
  File "<frozen importlib._bootstrap_external>", line 843, in exec_module
  File "<frozen importlib._bootstrap>", line 219, in _call_with_frames_removed
  File "/opt/airflow/dags/dag_airflow.py", line 81, in <module>
    create_kafka_topic >> check_kafka >> start_producer >> start_consumer >> verify_postgres
  File "/home/airflow/.local/lib/python3.8/site-packages/airflow/models/taskmixin.py", line 103, in __rshift__
    self.set_downstream(other)
  File "/home/airflow/.local/lib/python3.8/site-packages/airflow/models/taskmixin.py", line 261, in set_downstream
    self._set_relatives(task_or_task_list, upstream=False, edge_modifier=edge_modifier)
  File "/home/airflow/.local/lib/python3.8/site-packages/airflow/models/taskmixin.py", line 213, in _set_relatives
    task_object.update_relative(self, not upstream, edge_modifier=edge_modifier)
AttributeError: 'function' object has no attribute 'update_relative'
[2025-02-21T23:16:18.433+0000] {processor.py:841} WARNING - No viable dags retrieved from /opt/airflow/dags/dag_airflow.py
[2025-02-21T23:16:18.460+0000] {processor.py:179} INFO - Processing /opt/airflow/dags/dag_airflow.py took 0.068 seconds
[2025-02-21T23:16:50.627+0000] {processor.py:157} INFO - Started process (PID=2054) to work on /opt/airflow/dags/dag_airflow.py
[2025-02-21T23:16:50.628+0000] {processor.py:829} INFO - Processing file /opt/airflow/dags/dag_airflow.py for tasks to queue
[2025-02-21T23:16:50.630+0000] {logging_mixin.py:151} INFO - [2025-02-21T23:16:50.629+0000] {dagbag.py:539} INFO - Filling up the DagBag from /opt/airflow/dags/dag_airflow.py
[2025-02-21T23:16:50.663+0000] {logging_mixin.py:151} INFO - [2025-02-21T23:16:50.656+0000] {dagbag.py:347} ERROR - Failed to import: /opt/airflow/dags/dag_airflow.py
Traceback (most recent call last):
  File "/home/airflow/.local/lib/python3.8/site-packages/airflow/models/dagbag.py", line 343, in parse
    loader.exec_module(new_module)
  File "<frozen importlib._bootstrap_external>", line 843, in exec_module
  File "<frozen importlib._bootstrap>", line 219, in _call_with_frames_removed
  File "/opt/airflow/dags/dag_airflow.py", line 81, in <module>
    create_kafka_topic >> check_kafka >> start_producer >> start_consumer >> verify_postgres
  File "/home/airflow/.local/lib/python3.8/site-packages/airflow/models/taskmixin.py", line 103, in __rshift__
    self.set_downstream(other)
  File "/home/airflow/.local/lib/python3.8/site-packages/airflow/models/taskmixin.py", line 261, in set_downstream
    self._set_relatives(task_or_task_list, upstream=False, edge_modifier=edge_modifier)
  File "/home/airflow/.local/lib/python3.8/site-packages/airflow/models/taskmixin.py", line 213, in _set_relatives
    task_object.update_relative(self, not upstream, edge_modifier=edge_modifier)
AttributeError: 'function' object has no attribute 'update_relative'
[2025-02-21T23:16:50.663+0000] {processor.py:841} WARNING - No viable dags retrieved from /opt/airflow/dags/dag_airflow.py
[2025-02-21T23:16:50.690+0000] {processor.py:179} INFO - Processing /opt/airflow/dags/dag_airflow.py took 0.067 seconds
[2025-02-21T23:17:22.900+0000] {processor.py:157} INFO - Started process (PID=2059) to work on /opt/airflow/dags/dag_airflow.py
[2025-02-21T23:17:22.901+0000] {processor.py:829} INFO - Processing file /opt/airflow/dags/dag_airflow.py for tasks to queue
[2025-02-21T23:17:22.902+0000] {logging_mixin.py:151} INFO - [2025-02-21T23:17:22.902+0000] {dagbag.py:539} INFO - Filling up the DagBag from /opt/airflow/dags/dag_airflow.py
[2025-02-21T23:17:22.932+0000] {logging_mixin.py:151} INFO - [2025-02-21T23:17:22.926+0000] {dagbag.py:347} ERROR - Failed to import: /opt/airflow/dags/dag_airflow.py
Traceback (most recent call last):
  File "/home/airflow/.local/lib/python3.8/site-packages/airflow/models/dagbag.py", line 343, in parse
    loader.exec_module(new_module)
  File "<frozen importlib._bootstrap_external>", line 843, in exec_module
  File "<frozen importlib._bootstrap>", line 219, in _call_with_frames_removed
  File "/opt/airflow/dags/dag_airflow.py", line 81, in <module>
    create_kafka_topic >> check_kafka >> start_producer >> start_consumer >> verify_postgres
  File "/home/airflow/.local/lib/python3.8/site-packages/airflow/models/taskmixin.py", line 103, in __rshift__
    self.set_downstream(other)
  File "/home/airflow/.local/lib/python3.8/site-packages/airflow/models/taskmixin.py", line 261, in set_downstream
    self._set_relatives(task_or_task_list, upstream=False, edge_modifier=edge_modifier)
  File "/home/airflow/.local/lib/python3.8/site-packages/airflow/models/taskmixin.py", line 213, in _set_relatives
    task_object.update_relative(self, not upstream, edge_modifier=edge_modifier)
AttributeError: 'function' object has no attribute 'update_relative'
[2025-02-21T23:17:22.933+0000] {processor.py:841} WARNING - No viable dags retrieved from /opt/airflow/dags/dag_airflow.py
[2025-02-21T23:17:22.971+0000] {processor.py:179} INFO - Processing /opt/airflow/dags/dag_airflow.py took 0.074 seconds
[2025-02-21T23:17:55.113+0000] {processor.py:157} INFO - Started process (PID=2064) to work on /opt/airflow/dags/dag_airflow.py
[2025-02-21T23:17:55.114+0000] {processor.py:829} INFO - Processing file /opt/airflow/dags/dag_airflow.py for tasks to queue
[2025-02-21T23:17:55.115+0000] {logging_mixin.py:151} INFO - [2025-02-21T23:17:55.115+0000] {dagbag.py:539} INFO - Filling up the DagBag from /opt/airflow/dags/dag_airflow.py
[2025-02-21T23:17:55.149+0000] {logging_mixin.py:151} INFO - [2025-02-21T23:17:55.142+0000] {dagbag.py:347} ERROR - Failed to import: /opt/airflow/dags/dag_airflow.py
Traceback (most recent call last):
  File "/home/airflow/.local/lib/python3.8/site-packages/airflow/models/dagbag.py", line 343, in parse
    loader.exec_module(new_module)
  File "<frozen importlib._bootstrap_external>", line 843, in exec_module
  File "<frozen importlib._bootstrap>", line 219, in _call_with_frames_removed
  File "/opt/airflow/dags/dag_airflow.py", line 81, in <module>
    create_kafka_topic >> check_kafka >> start_producer >> start_consumer >> verify_postgres
  File "/home/airflow/.local/lib/python3.8/site-packages/airflow/models/taskmixin.py", line 103, in __rshift__
    self.set_downstream(other)
  File "/home/airflow/.local/lib/python3.8/site-packages/airflow/models/taskmixin.py", line 261, in set_downstream
    self._set_relatives(task_or_task_list, upstream=False, edge_modifier=edge_modifier)
  File "/home/airflow/.local/lib/python3.8/site-packages/airflow/models/taskmixin.py", line 213, in _set_relatives
    task_object.update_relative(self, not upstream, edge_modifier=edge_modifier)
AttributeError: 'function' object has no attribute 'update_relative'
[2025-02-21T23:17:55.150+0000] {processor.py:841} WARNING - No viable dags retrieved from /opt/airflow/dags/dag_airflow.py
[2025-02-21T23:17:55.178+0000] {processor.py:179} INFO - Processing /opt/airflow/dags/dag_airflow.py took 0.069 seconds
[2025-02-21T23:18:27.332+0000] {processor.py:157} INFO - Started process (PID=2069) to work on /opt/airflow/dags/dag_airflow.py
[2025-02-21T23:18:27.333+0000] {processor.py:829} INFO - Processing file /opt/airflow/dags/dag_airflow.py for tasks to queue
[2025-02-21T23:18:27.334+0000] {logging_mixin.py:151} INFO - [2025-02-21T23:18:27.334+0000] {dagbag.py:539} INFO - Filling up the DagBag from /opt/airflow/dags/dag_airflow.py
[2025-02-21T23:18:27.365+0000] {logging_mixin.py:151} INFO - [2025-02-21T23:18:27.358+0000] {dagbag.py:347} ERROR - Failed to import: /opt/airflow/dags/dag_airflow.py
Traceback (most recent call last):
  File "/home/airflow/.local/lib/python3.8/site-packages/airflow/models/dagbag.py", line 343, in parse
    loader.exec_module(new_module)
  File "<frozen importlib._bootstrap_external>", line 843, in exec_module
  File "<frozen importlib._bootstrap>", line 219, in _call_with_frames_removed
  File "/opt/airflow/dags/dag_airflow.py", line 81, in <module>
    create_kafka_topic >> check_kafka >> start_producer >> start_consumer >> verify_postgres
  File "/home/airflow/.local/lib/python3.8/site-packages/airflow/models/taskmixin.py", line 103, in __rshift__
    self.set_downstream(other)
  File "/home/airflow/.local/lib/python3.8/site-packages/airflow/models/taskmixin.py", line 261, in set_downstream
    self._set_relatives(task_or_task_list, upstream=False, edge_modifier=edge_modifier)
  File "/home/airflow/.local/lib/python3.8/site-packages/airflow/models/taskmixin.py", line 213, in _set_relatives
    task_object.update_relative(self, not upstream, edge_modifier=edge_modifier)
AttributeError: 'function' object has no attribute 'update_relative'
[2025-02-21T23:18:27.366+0000] {processor.py:841} WARNING - No viable dags retrieved from /opt/airflow/dags/dag_airflow.py
[2025-02-21T23:18:27.393+0000] {processor.py:179} INFO - Processing /opt/airflow/dags/dag_airflow.py took 0.065 seconds
[2025-02-21T23:18:58.565+0000] {processor.py:157} INFO - Started process (PID=2074) to work on /opt/airflow/dags/dag_airflow.py
[2025-02-21T23:18:58.566+0000] {processor.py:829} INFO - Processing file /opt/airflow/dags/dag_airflow.py for tasks to queue
[2025-02-21T23:18:58.567+0000] {logging_mixin.py:151} INFO - [2025-02-21T23:18:58.567+0000] {dagbag.py:539} INFO - Filling up the DagBag from /opt/airflow/dags/dag_airflow.py
[2025-02-21T23:18:58.602+0000] {logging_mixin.py:151} INFO - [2025-02-21T23:18:58.595+0000] {dagbag.py:347} ERROR - Failed to import: /opt/airflow/dags/dag_airflow.py
Traceback (most recent call last):
  File "/home/airflow/.local/lib/python3.8/site-packages/airflow/models/dagbag.py", line 343, in parse
    loader.exec_module(new_module)
  File "<frozen importlib._bootstrap_external>", line 843, in exec_module
  File "<frozen importlib._bootstrap>", line 219, in _call_with_frames_removed
  File "/opt/airflow/dags/dag_airflow.py", line 81, in <module>
    create_kafka_topic >> check_kafka >> start_producer >> start_consumer >> verify_postgres
  File "/home/airflow/.local/lib/python3.8/site-packages/airflow/models/taskmixin.py", line 103, in __rshift__
    self.set_downstream(other)
  File "/home/airflow/.local/lib/python3.8/site-packages/airflow/models/taskmixin.py", line 261, in set_downstream
    self._set_relatives(task_or_task_list, upstream=False, edge_modifier=edge_modifier)
  File "/home/airflow/.local/lib/python3.8/site-packages/airflow/models/taskmixin.py", line 213, in _set_relatives
    task_object.update_relative(self, not upstream, edge_modifier=edge_modifier)
AttributeError: 'function' object has no attribute 'update_relative'
[2025-02-21T23:18:58.603+0000] {processor.py:841} WARNING - No viable dags retrieved from /opt/airflow/dags/dag_airflow.py
[2025-02-21T23:18:58.631+0000] {processor.py:179} INFO - Processing /opt/airflow/dags/dag_airflow.py took 0.071 seconds
[2025-02-21T23:19:30.860+0000] {processor.py:157} INFO - Started process (PID=2079) to work on /opt/airflow/dags/dag_airflow.py
[2025-02-21T23:19:30.861+0000] {processor.py:829} INFO - Processing file /opt/airflow/dags/dag_airflow.py for tasks to queue
[2025-02-21T23:19:30.862+0000] {logging_mixin.py:151} INFO - [2025-02-21T23:19:30.862+0000] {dagbag.py:539} INFO - Filling up the DagBag from /opt/airflow/dags/dag_airflow.py
[2025-02-21T23:19:30.891+0000] {logging_mixin.py:151} INFO - [2025-02-21T23:19:30.886+0000] {dagbag.py:347} ERROR - Failed to import: /opt/airflow/dags/dag_airflow.py
Traceback (most recent call last):
  File "/home/airflow/.local/lib/python3.8/site-packages/airflow/models/dagbag.py", line 343, in parse
    loader.exec_module(new_module)
  File "<frozen importlib._bootstrap_external>", line 843, in exec_module
  File "<frozen importlib._bootstrap>", line 219, in _call_with_frames_removed
  File "/opt/airflow/dags/dag_airflow.py", line 81, in <module>
    create_kafka_topic >> check_kafka >> start_producer >> start_consumer >> verify_postgres
  File "/home/airflow/.local/lib/python3.8/site-packages/airflow/models/taskmixin.py", line 103, in __rshift__
    self.set_downstream(other)
  File "/home/airflow/.local/lib/python3.8/site-packages/airflow/models/taskmixin.py", line 261, in set_downstream
    self._set_relatives(task_or_task_list, upstream=False, edge_modifier=edge_modifier)
  File "/home/airflow/.local/lib/python3.8/site-packages/airflow/models/taskmixin.py", line 213, in _set_relatives
    task_object.update_relative(self, not upstream, edge_modifier=edge_modifier)
AttributeError: 'function' object has no attribute 'update_relative'
[2025-02-21T23:19:30.892+0000] {processor.py:841} WARNING - No viable dags retrieved from /opt/airflow/dags/dag_airflow.py
[2025-02-21T23:19:30.920+0000] {processor.py:179} INFO - Processing /opt/airflow/dags/dag_airflow.py took 0.063 seconds
[2025-02-21T23:20:03.071+0000] {processor.py:157} INFO - Started process (PID=2084) to work on /opt/airflow/dags/dag_airflow.py
[2025-02-21T23:20:03.072+0000] {processor.py:829} INFO - Processing file /opt/airflow/dags/dag_airflow.py for tasks to queue
[2025-02-21T23:20:03.073+0000] {logging_mixin.py:151} INFO - [2025-02-21T23:20:03.073+0000] {dagbag.py:539} INFO - Filling up the DagBag from /opt/airflow/dags/dag_airflow.py
[2025-02-21T23:20:03.108+0000] {logging_mixin.py:151} INFO - [2025-02-21T23:20:03.102+0000] {dagbag.py:347} ERROR - Failed to import: /opt/airflow/dags/dag_airflow.py
Traceback (most recent call last):
  File "/home/airflow/.local/lib/python3.8/site-packages/airflow/models/dagbag.py", line 343, in parse
    loader.exec_module(new_module)
  File "<frozen importlib._bootstrap_external>", line 843, in exec_module
  File "<frozen importlib._bootstrap>", line 219, in _call_with_frames_removed
  File "/opt/airflow/dags/dag_airflow.py", line 81, in <module>
    create_kafka_topic >> check_kafka >> start_producer >> start_consumer >> verify_postgres
  File "/home/airflow/.local/lib/python3.8/site-packages/airflow/models/taskmixin.py", line 103, in __rshift__
    self.set_downstream(other)
  File "/home/airflow/.local/lib/python3.8/site-packages/airflow/models/taskmixin.py", line 261, in set_downstream
    self._set_relatives(task_or_task_list, upstream=False, edge_modifier=edge_modifier)
  File "/home/airflow/.local/lib/python3.8/site-packages/airflow/models/taskmixin.py", line 213, in _set_relatives
    task_object.update_relative(self, not upstream, edge_modifier=edge_modifier)
AttributeError: 'function' object has no attribute 'update_relative'
[2025-02-21T23:20:03.109+0000] {processor.py:841} WARNING - No viable dags retrieved from /opt/airflow/dags/dag_airflow.py
[2025-02-21T23:20:03.143+0000] {processor.py:179} INFO - Processing /opt/airflow/dags/dag_airflow.py took 0.075 seconds
[2025-02-21T23:20:35.194+0000] {processor.py:157} INFO - Started process (PID=2089) to work on /opt/airflow/dags/dag_airflow.py
[2025-02-21T23:20:35.195+0000] {processor.py:829} INFO - Processing file /opt/airflow/dags/dag_airflow.py for tasks to queue
[2025-02-21T23:20:35.196+0000] {logging_mixin.py:151} INFO - [2025-02-21T23:20:35.196+0000] {dagbag.py:539} INFO - Filling up the DagBag from /opt/airflow/dags/dag_airflow.py
[2025-02-21T23:20:35.228+0000] {logging_mixin.py:151} INFO - [2025-02-21T23:20:35.222+0000] {dagbag.py:347} ERROR - Failed to import: /opt/airflow/dags/dag_airflow.py
Traceback (most recent call last):
  File "/home/airflow/.local/lib/python3.8/site-packages/airflow/models/dagbag.py", line 343, in parse
    loader.exec_module(new_module)
  File "<frozen importlib._bootstrap_external>", line 843, in exec_module
  File "<frozen importlib._bootstrap>", line 219, in _call_with_frames_removed
  File "/opt/airflow/dags/dag_airflow.py", line 81, in <module>
    create_kafka_topic >> check_kafka >> start_producer >> start_consumer >> verify_postgres
  File "/home/airflow/.local/lib/python3.8/site-packages/airflow/models/taskmixin.py", line 103, in __rshift__
    self.set_downstream(other)
  File "/home/airflow/.local/lib/python3.8/site-packages/airflow/models/taskmixin.py", line 261, in set_downstream
    self._set_relatives(task_or_task_list, upstream=False, edge_modifier=edge_modifier)
  File "/home/airflow/.local/lib/python3.8/site-packages/airflow/models/taskmixin.py", line 213, in _set_relatives
    task_object.update_relative(self, not upstream, edge_modifier=edge_modifier)
AttributeError: 'function' object has no attribute 'update_relative'
[2025-02-21T23:20:35.229+0000] {processor.py:841} WARNING - No viable dags retrieved from /opt/airflow/dags/dag_airflow.py
[2025-02-21T23:20:35.275+0000] {processor.py:179} INFO - Processing /opt/airflow/dags/dag_airflow.py took 0.084 seconds
[2025-02-21T23:21:06.532+0000] {processor.py:157} INFO - Started process (PID=2094) to work on /opt/airflow/dags/dag_airflow.py
[2025-02-21T23:21:06.533+0000] {processor.py:829} INFO - Processing file /opt/airflow/dags/dag_airflow.py for tasks to queue
[2025-02-21T23:21:06.534+0000] {logging_mixin.py:151} INFO - [2025-02-21T23:21:06.533+0000] {dagbag.py:539} INFO - Filling up the DagBag from /opt/airflow/dags/dag_airflow.py
[2025-02-21T23:21:06.563+0000] {logging_mixin.py:151} INFO - [2025-02-21T23:21:06.558+0000] {dagbag.py:347} ERROR - Failed to import: /opt/airflow/dags/dag_airflow.py
Traceback (most recent call last):
  File "/home/airflow/.local/lib/python3.8/site-packages/airflow/models/dagbag.py", line 343, in parse
    loader.exec_module(new_module)
  File "<frozen importlib._bootstrap_external>", line 843, in exec_module
  File "<frozen importlib._bootstrap>", line 219, in _call_with_frames_removed
  File "/opt/airflow/dags/dag_airflow.py", line 81, in <module>
    create_kafka_topic >> check_kafka >> start_producer >> start_consumer >> verify_postgres
  File "/home/airflow/.local/lib/python3.8/site-packages/airflow/models/taskmixin.py", line 103, in __rshift__
    self.set_downstream(other)
  File "/home/airflow/.local/lib/python3.8/site-packages/airflow/models/taskmixin.py", line 261, in set_downstream
    self._set_relatives(task_or_task_list, upstream=False, edge_modifier=edge_modifier)
  File "/home/airflow/.local/lib/python3.8/site-packages/airflow/models/taskmixin.py", line 213, in _set_relatives
    task_object.update_relative(self, not upstream, edge_modifier=edge_modifier)
AttributeError: 'function' object has no attribute 'update_relative'
[2025-02-21T23:21:06.564+0000] {processor.py:841} WARNING - No viable dags retrieved from /opt/airflow/dags/dag_airflow.py
[2025-02-21T23:21:06.593+0000] {processor.py:179} INFO - Processing /opt/airflow/dags/dag_airflow.py took 0.065 seconds
[2025-02-21T23:21:38.763+0000] {processor.py:157} INFO - Started process (PID=2099) to work on /opt/airflow/dags/dag_airflow.py
[2025-02-21T23:21:38.764+0000] {processor.py:829} INFO - Processing file /opt/airflow/dags/dag_airflow.py for tasks to queue
[2025-02-21T23:21:38.765+0000] {logging_mixin.py:151} INFO - [2025-02-21T23:21:38.765+0000] {dagbag.py:539} INFO - Filling up the DagBag from /opt/airflow/dags/dag_airflow.py
[2025-02-21T23:21:38.795+0000] {logging_mixin.py:151} INFO - [2025-02-21T23:21:38.789+0000] {dagbag.py:347} ERROR - Failed to import: /opt/airflow/dags/dag_airflow.py
Traceback (most recent call last):
  File "/home/airflow/.local/lib/python3.8/site-packages/airflow/models/dagbag.py", line 343, in parse
    loader.exec_module(new_module)
  File "<frozen importlib._bootstrap_external>", line 843, in exec_module
  File "<frozen importlib._bootstrap>", line 219, in _call_with_frames_removed
  File "/opt/airflow/dags/dag_airflow.py", line 81, in <module>
    create_kafka_topic >> check_kafka >> start_producer >> start_consumer >> verify_postgres
  File "/home/airflow/.local/lib/python3.8/site-packages/airflow/models/taskmixin.py", line 103, in __rshift__
    self.set_downstream(other)
  File "/home/airflow/.local/lib/python3.8/site-packages/airflow/models/taskmixin.py", line 261, in set_downstream
    self._set_relatives(task_or_task_list, upstream=False, edge_modifier=edge_modifier)
  File "/home/airflow/.local/lib/python3.8/site-packages/airflow/models/taskmixin.py", line 213, in _set_relatives
    task_object.update_relative(self, not upstream, edge_modifier=edge_modifier)
AttributeError: 'function' object has no attribute 'update_relative'
[2025-02-21T23:21:38.796+0000] {processor.py:841} WARNING - No viable dags retrieved from /opt/airflow/dags/dag_airflow.py
[2025-02-21T23:21:38.827+0000] {processor.py:179} INFO - Processing /opt/airflow/dags/dag_airflow.py took 0.067 seconds
[2025-02-21T23:22:11.048+0000] {processor.py:157} INFO - Started process (PID=2104) to work on /opt/airflow/dags/dag_airflow.py
[2025-02-21T23:22:11.049+0000] {processor.py:829} INFO - Processing file /opt/airflow/dags/dag_airflow.py for tasks to queue
[2025-02-21T23:22:11.050+0000] {logging_mixin.py:151} INFO - [2025-02-21T23:22:11.050+0000] {dagbag.py:539} INFO - Filling up the DagBag from /opt/airflow/dags/dag_airflow.py
[2025-02-21T23:22:11.080+0000] {logging_mixin.py:151} INFO - [2025-02-21T23:22:11.074+0000] {dagbag.py:347} ERROR - Failed to import: /opt/airflow/dags/dag_airflow.py
Traceback (most recent call last):
  File "/home/airflow/.local/lib/python3.8/site-packages/airflow/models/dagbag.py", line 343, in parse
    loader.exec_module(new_module)
  File "<frozen importlib._bootstrap_external>", line 843, in exec_module
  File "<frozen importlib._bootstrap>", line 219, in _call_with_frames_removed
  File "/opt/airflow/dags/dag_airflow.py", line 81, in <module>
    create_kafka_topic >> check_kafka >> start_producer >> start_consumer >> verify_postgres
  File "/home/airflow/.local/lib/python3.8/site-packages/airflow/models/taskmixin.py", line 103, in __rshift__
    self.set_downstream(other)
  File "/home/airflow/.local/lib/python3.8/site-packages/airflow/models/taskmixin.py", line 261, in set_downstream
    self._set_relatives(task_or_task_list, upstream=False, edge_modifier=edge_modifier)
  File "/home/airflow/.local/lib/python3.8/site-packages/airflow/models/taskmixin.py", line 213, in _set_relatives
    task_object.update_relative(self, not upstream, edge_modifier=edge_modifier)
AttributeError: 'function' object has no attribute 'update_relative'
[2025-02-21T23:22:11.081+0000] {processor.py:841} WARNING - No viable dags retrieved from /opt/airflow/dags/dag_airflow.py
[2025-02-21T23:22:11.119+0000] {processor.py:179} INFO - Processing /opt/airflow/dags/dag_airflow.py took 0.076 seconds
[2025-02-21T23:22:43.202+0000] {processor.py:157} INFO - Started process (PID=2109) to work on /opt/airflow/dags/dag_airflow.py
[2025-02-21T23:22:43.203+0000] {processor.py:829} INFO - Processing file /opt/airflow/dags/dag_airflow.py for tasks to queue
[2025-02-21T23:22:43.205+0000] {logging_mixin.py:151} INFO - [2025-02-21T23:22:43.204+0000] {dagbag.py:539} INFO - Filling up the DagBag from /opt/airflow/dags/dag_airflow.py
[2025-02-21T23:22:43.238+0000] {logging_mixin.py:151} INFO - [2025-02-21T23:22:43.230+0000] {dagbag.py:347} ERROR - Failed to import: /opt/airflow/dags/dag_airflow.py
Traceback (most recent call last):
  File "/home/airflow/.local/lib/python3.8/site-packages/airflow/models/dagbag.py", line 343, in parse
    loader.exec_module(new_module)
  File "<frozen importlib._bootstrap_external>", line 843, in exec_module
  File "<frozen importlib._bootstrap>", line 219, in _call_with_frames_removed
  File "/opt/airflow/dags/dag_airflow.py", line 81, in <module>
    create_kafka_topic >> check_kafka >> start_producer >> start_consumer >> verify_postgres
  File "/home/airflow/.local/lib/python3.8/site-packages/airflow/models/taskmixin.py", line 103, in __rshift__
    self.set_downstream(other)
  File "/home/airflow/.local/lib/python3.8/site-packages/airflow/models/taskmixin.py", line 261, in set_downstream
    self._set_relatives(task_or_task_list, upstream=False, edge_modifier=edge_modifier)
  File "/home/airflow/.local/lib/python3.8/site-packages/airflow/models/taskmixin.py", line 213, in _set_relatives
    task_object.update_relative(self, not upstream, edge_modifier=edge_modifier)
AttributeError: 'function' object has no attribute 'update_relative'
[2025-02-21T23:22:43.239+0000] {processor.py:841} WARNING - No viable dags retrieved from /opt/airflow/dags/dag_airflow.py
[2025-02-21T23:22:43.272+0000] {processor.py:179} INFO - Processing /opt/airflow/dags/dag_airflow.py took 0.075 seconds
[2025-02-21T23:23:14.500+0000] {processor.py:157} INFO - Started process (PID=2114) to work on /opt/airflow/dags/dag_airflow.py
[2025-02-21T23:23:14.501+0000] {processor.py:829} INFO - Processing file /opt/airflow/dags/dag_airflow.py for tasks to queue
[2025-02-21T23:23:14.503+0000] {logging_mixin.py:151} INFO - [2025-02-21T23:23:14.502+0000] {dagbag.py:539} INFO - Filling up the DagBag from /opt/airflow/dags/dag_airflow.py
[2025-02-21T23:23:14.532+0000] {logging_mixin.py:151} INFO - [2025-02-21T23:23:14.526+0000] {dagbag.py:347} ERROR - Failed to import: /opt/airflow/dags/dag_airflow.py
Traceback (most recent call last):
  File "/home/airflow/.local/lib/python3.8/site-packages/airflow/models/dagbag.py", line 343, in parse
    loader.exec_module(new_module)
  File "<frozen importlib._bootstrap_external>", line 843, in exec_module
  File "<frozen importlib._bootstrap>", line 219, in _call_with_frames_removed
  File "/opt/airflow/dags/dag_airflow.py", line 81, in <module>
    create_kafka_topic >> check_kafka >> start_producer >> start_consumer >> verify_postgres
  File "/home/airflow/.local/lib/python3.8/site-packages/airflow/models/taskmixin.py", line 103, in __rshift__
    self.set_downstream(other)
  File "/home/airflow/.local/lib/python3.8/site-packages/airflow/models/taskmixin.py", line 261, in set_downstream
    self._set_relatives(task_or_task_list, upstream=False, edge_modifier=edge_modifier)
  File "/home/airflow/.local/lib/python3.8/site-packages/airflow/models/taskmixin.py", line 213, in _set_relatives
    task_object.update_relative(self, not upstream, edge_modifier=edge_modifier)
AttributeError: 'function' object has no attribute 'update_relative'
[2025-02-21T23:23:14.533+0000] {processor.py:841} WARNING - No viable dags retrieved from /opt/airflow/dags/dag_airflow.py
[2025-02-21T23:23:14.563+0000] {processor.py:179} INFO - Processing /opt/airflow/dags/dag_airflow.py took 0.067 seconds
[2025-02-21T23:23:46.729+0000] {processor.py:157} INFO - Started process (PID=2119) to work on /opt/airflow/dags/dag_airflow.py
[2025-02-21T23:23:46.730+0000] {processor.py:829} INFO - Processing file /opt/airflow/dags/dag_airflow.py for tasks to queue
[2025-02-21T23:23:46.732+0000] {logging_mixin.py:151} INFO - [2025-02-21T23:23:46.731+0000] {dagbag.py:539} INFO - Filling up the DagBag from /opt/airflow/dags/dag_airflow.py
[2025-02-21T23:23:46.761+0000] {logging_mixin.py:151} INFO - [2025-02-21T23:23:46.755+0000] {dagbag.py:347} ERROR - Failed to import: /opt/airflow/dags/dag_airflow.py
Traceback (most recent call last):
  File "/home/airflow/.local/lib/python3.8/site-packages/airflow/models/dagbag.py", line 343, in parse
    loader.exec_module(new_module)
  File "<frozen importlib._bootstrap_external>", line 843, in exec_module
  File "<frozen importlib._bootstrap>", line 219, in _call_with_frames_removed
  File "/opt/airflow/dags/dag_airflow.py", line 81, in <module>
    create_kafka_topic >> check_kafka >> start_producer >> start_consumer >> verify_postgres
  File "/home/airflow/.local/lib/python3.8/site-packages/airflow/models/taskmixin.py", line 103, in __rshift__
    self.set_downstream(other)
  File "/home/airflow/.local/lib/python3.8/site-packages/airflow/models/taskmixin.py", line 261, in set_downstream
    self._set_relatives(task_or_task_list, upstream=False, edge_modifier=edge_modifier)
  File "/home/airflow/.local/lib/python3.8/site-packages/airflow/models/taskmixin.py", line 213, in _set_relatives
    task_object.update_relative(self, not upstream, edge_modifier=edge_modifier)
AttributeError: 'function' object has no attribute 'update_relative'
[2025-02-21T23:23:46.762+0000] {processor.py:841} WARNING - No viable dags retrieved from /opt/airflow/dags/dag_airflow.py
[2025-02-21T23:23:46.790+0000] {processor.py:179} INFO - Processing /opt/airflow/dags/dag_airflow.py took 0.064 seconds
[2025-02-21T23:24:19.029+0000] {processor.py:157} INFO - Started process (PID=2124) to work on /opt/airflow/dags/dag_airflow.py
[2025-02-21T23:24:19.030+0000] {processor.py:829} INFO - Processing file /opt/airflow/dags/dag_airflow.py for tasks to queue
[2025-02-21T23:24:19.031+0000] {logging_mixin.py:151} INFO - [2025-02-21T23:24:19.031+0000] {dagbag.py:539} INFO - Filling up the DagBag from /opt/airflow/dags/dag_airflow.py
[2025-02-21T23:24:19.060+0000] {logging_mixin.py:151} INFO - [2025-02-21T23:24:19.053+0000] {dagbag.py:347} ERROR - Failed to import: /opt/airflow/dags/dag_airflow.py
Traceback (most recent call last):
  File "/home/airflow/.local/lib/python3.8/site-packages/airflow/models/dagbag.py", line 343, in parse
    loader.exec_module(new_module)
  File "<frozen importlib._bootstrap_external>", line 843, in exec_module
  File "<frozen importlib._bootstrap>", line 219, in _call_with_frames_removed
  File "/opt/airflow/dags/dag_airflow.py", line 81, in <module>
    create_kafka_topic >> check_kafka >> start_producer >> start_consumer >> verify_postgres
  File "/home/airflow/.local/lib/python3.8/site-packages/airflow/models/taskmixin.py", line 103, in __rshift__
    self.set_downstream(other)
  File "/home/airflow/.local/lib/python3.8/site-packages/airflow/models/taskmixin.py", line 261, in set_downstream
    self._set_relatives(task_or_task_list, upstream=False, edge_modifier=edge_modifier)
  File "/home/airflow/.local/lib/python3.8/site-packages/airflow/models/taskmixin.py", line 213, in _set_relatives
    task_object.update_relative(self, not upstream, edge_modifier=edge_modifier)
AttributeError: 'function' object has no attribute 'update_relative'
[2025-02-21T23:24:19.060+0000] {processor.py:841} WARNING - No viable dags retrieved from /opt/airflow/dags/dag_airflow.py
[2025-02-21T23:24:19.088+0000] {processor.py:179} INFO - Processing /opt/airflow/dags/dag_airflow.py took 0.062 seconds
[2025-02-21T23:24:51.192+0000] {processor.py:157} INFO - Started process (PID=2129) to work on /opt/airflow/dags/dag_airflow.py
[2025-02-21T23:24:51.193+0000] {processor.py:829} INFO - Processing file /opt/airflow/dags/dag_airflow.py for tasks to queue
[2025-02-21T23:24:51.194+0000] {logging_mixin.py:151} INFO - [2025-02-21T23:24:51.194+0000] {dagbag.py:539} INFO - Filling up the DagBag from /opt/airflow/dags/dag_airflow.py
[2025-02-21T23:24:51.226+0000] {logging_mixin.py:151} INFO - [2025-02-21T23:24:51.219+0000] {dagbag.py:347} ERROR - Failed to import: /opt/airflow/dags/dag_airflow.py
Traceback (most recent call last):
  File "/home/airflow/.local/lib/python3.8/site-packages/airflow/models/dagbag.py", line 343, in parse
    loader.exec_module(new_module)
  File "<frozen importlib._bootstrap_external>", line 843, in exec_module
  File "<frozen importlib._bootstrap>", line 219, in _call_with_frames_removed
  File "/opt/airflow/dags/dag_airflow.py", line 81, in <module>
    create_kafka_topic >> check_kafka >> start_producer >> start_consumer >> verify_postgres
  File "/home/airflow/.local/lib/python3.8/site-packages/airflow/models/taskmixin.py", line 103, in __rshift__
    self.set_downstream(other)
  File "/home/airflow/.local/lib/python3.8/site-packages/airflow/models/taskmixin.py", line 261, in set_downstream
    self._set_relatives(task_or_task_list, upstream=False, edge_modifier=edge_modifier)
  File "/home/airflow/.local/lib/python3.8/site-packages/airflow/models/taskmixin.py", line 213, in _set_relatives
    task_object.update_relative(self, not upstream, edge_modifier=edge_modifier)
AttributeError: 'function' object has no attribute 'update_relative'
[2025-02-21T23:24:51.227+0000] {processor.py:841} WARNING - No viable dags retrieved from /opt/airflow/dags/dag_airflow.py
[2025-02-21T23:24:51.256+0000] {processor.py:179} INFO - Processing /opt/airflow/dags/dag_airflow.py took 0.067 seconds
[2025-02-21T23:25:22.423+0000] {processor.py:157} INFO - Started process (PID=2134) to work on /opt/airflow/dags/dag_airflow.py
[2025-02-21T23:25:22.424+0000] {processor.py:829} INFO - Processing file /opt/airflow/dags/dag_airflow.py for tasks to queue
[2025-02-21T23:25:22.425+0000] {logging_mixin.py:151} INFO - [2025-02-21T23:25:22.425+0000] {dagbag.py:539} INFO - Filling up the DagBag from /opt/airflow/dags/dag_airflow.py
[2025-02-21T23:25:22.451+0000] {logging_mixin.py:151} INFO - [2025-02-21T23:25:22.446+0000] {dagbag.py:347} ERROR - Failed to import: /opt/airflow/dags/dag_airflow.py
Traceback (most recent call last):
  File "/home/airflow/.local/lib/python3.8/site-packages/airflow/models/dagbag.py", line 343, in parse
    loader.exec_module(new_module)
  File "<frozen importlib._bootstrap_external>", line 843, in exec_module
  File "<frozen importlib._bootstrap>", line 219, in _call_with_frames_removed
  File "/opt/airflow/dags/dag_airflow.py", line 81, in <module>
    create_kafka_topic >> check_kafka >> start_producer >> start_consumer >> verify_postgres
  File "/home/airflow/.local/lib/python3.8/site-packages/airflow/models/taskmixin.py", line 103, in __rshift__
    self.set_downstream(other)
  File "/home/airflow/.local/lib/python3.8/site-packages/airflow/models/taskmixin.py", line 261, in set_downstream
    self._set_relatives(task_or_task_list, upstream=False, edge_modifier=edge_modifier)
  File "/home/airflow/.local/lib/python3.8/site-packages/airflow/models/taskmixin.py", line 213, in _set_relatives
    task_object.update_relative(self, not upstream, edge_modifier=edge_modifier)
AttributeError: 'function' object has no attribute 'update_relative'
[2025-02-21T23:25:22.452+0000] {processor.py:841} WARNING - No viable dags retrieved from /opt/airflow/dags/dag_airflow.py
[2025-02-21T23:25:22.499+0000] {processor.py:179} INFO - Processing /opt/airflow/dags/dag_airflow.py took 0.080 seconds
[2025-02-21T23:25:54.672+0000] {processor.py:157} INFO - Started process (PID=2139) to work on /opt/airflow/dags/dag_airflow.py
[2025-02-21T23:25:54.673+0000] {processor.py:829} INFO - Processing file /opt/airflow/dags/dag_airflow.py for tasks to queue
[2025-02-21T23:25:54.674+0000] {logging_mixin.py:151} INFO - [2025-02-21T23:25:54.674+0000] {dagbag.py:539} INFO - Filling up the DagBag from /opt/airflow/dags/dag_airflow.py
[2025-02-21T23:25:54.702+0000] {logging_mixin.py:151} INFO - [2025-02-21T23:25:54.696+0000] {dagbag.py:347} ERROR - Failed to import: /opt/airflow/dags/dag_airflow.py
Traceback (most recent call last):
  File "/home/airflow/.local/lib/python3.8/site-packages/airflow/models/dagbag.py", line 343, in parse
    loader.exec_module(new_module)
  File "<frozen importlib._bootstrap_external>", line 843, in exec_module
  File "<frozen importlib._bootstrap>", line 219, in _call_with_frames_removed
  File "/opt/airflow/dags/dag_airflow.py", line 81, in <module>
    create_kafka_topic >> check_kafka >> start_producer >> start_consumer >> verify_postgres
  File "/home/airflow/.local/lib/python3.8/site-packages/airflow/models/taskmixin.py", line 103, in __rshift__
    self.set_downstream(other)
  File "/home/airflow/.local/lib/python3.8/site-packages/airflow/models/taskmixin.py", line 261, in set_downstream
    self._set_relatives(task_or_task_list, upstream=False, edge_modifier=edge_modifier)
  File "/home/airflow/.local/lib/python3.8/site-packages/airflow/models/taskmixin.py", line 213, in _set_relatives
    task_object.update_relative(self, not upstream, edge_modifier=edge_modifier)
AttributeError: 'function' object has no attribute 'update_relative'
[2025-02-21T23:25:54.702+0000] {processor.py:841} WARNING - No viable dags retrieved from /opt/airflow/dags/dag_airflow.py
[2025-02-21T23:25:54.725+0000] {processor.py:179} INFO - Processing /opt/airflow/dags/dag_airflow.py took 0.056 seconds
[2025-02-21T23:26:27.017+0000] {processor.py:157} INFO - Started process (PID=2144) to work on /opt/airflow/dags/dag_airflow.py
[2025-02-21T23:26:27.018+0000] {processor.py:829} INFO - Processing file /opt/airflow/dags/dag_airflow.py for tasks to queue
[2025-02-21T23:26:27.019+0000] {logging_mixin.py:151} INFO - [2025-02-21T23:26:27.019+0000] {dagbag.py:539} INFO - Filling up the DagBag from /opt/airflow/dags/dag_airflow.py
[2025-02-21T23:26:27.045+0000] {logging_mixin.py:151} INFO - [2025-02-21T23:26:27.040+0000] {dagbag.py:347} ERROR - Failed to import: /opt/airflow/dags/dag_airflow.py
Traceback (most recent call last):
  File "/home/airflow/.local/lib/python3.8/site-packages/airflow/models/dagbag.py", line 343, in parse
    loader.exec_module(new_module)
  File "<frozen importlib._bootstrap_external>", line 843, in exec_module
  File "<frozen importlib._bootstrap>", line 219, in _call_with_frames_removed
  File "/opt/airflow/dags/dag_airflow.py", line 81, in <module>
    create_kafka_topic >> check_kafka >> start_producer >> start_consumer >> verify_postgres
  File "/home/airflow/.local/lib/python3.8/site-packages/airflow/models/taskmixin.py", line 103, in __rshift__
    self.set_downstream(other)
  File "/home/airflow/.local/lib/python3.8/site-packages/airflow/models/taskmixin.py", line 261, in set_downstream
    self._set_relatives(task_or_task_list, upstream=False, edge_modifier=edge_modifier)
  File "/home/airflow/.local/lib/python3.8/site-packages/airflow/models/taskmixin.py", line 213, in _set_relatives
    task_object.update_relative(self, not upstream, edge_modifier=edge_modifier)
AttributeError: 'function' object has no attribute 'update_relative'
[2025-02-21T23:26:27.046+0000] {processor.py:841} WARNING - No viable dags retrieved from /opt/airflow/dags/dag_airflow.py
[2025-02-21T23:26:27.072+0000] {processor.py:179} INFO - Processing /opt/airflow/dags/dag_airflow.py took 0.058 seconds
[2025-02-21T23:26:59.170+0000] {processor.py:157} INFO - Started process (PID=2149) to work on /opt/airflow/dags/dag_airflow.py
[2025-02-21T23:26:59.171+0000] {processor.py:829} INFO - Processing file /opt/airflow/dags/dag_airflow.py for tasks to queue
[2025-02-21T23:26:59.172+0000] {logging_mixin.py:151} INFO - [2025-02-21T23:26:59.172+0000] {dagbag.py:539} INFO - Filling up the DagBag from /opt/airflow/dags/dag_airflow.py
[2025-02-21T23:26:59.205+0000] {logging_mixin.py:151} INFO - [2025-02-21T23:26:59.199+0000] {dagbag.py:347} ERROR - Failed to import: /opt/airflow/dags/dag_airflow.py
Traceback (most recent call last):
  File "/home/airflow/.local/lib/python3.8/site-packages/airflow/models/dagbag.py", line 343, in parse
    loader.exec_module(new_module)
  File "<frozen importlib._bootstrap_external>", line 843, in exec_module
  File "<frozen importlib._bootstrap>", line 219, in _call_with_frames_removed
  File "/opt/airflow/dags/dag_airflow.py", line 81, in <module>
    create_kafka_topic >> check_kafka >> start_producer >> start_consumer >> verify_postgres
  File "/home/airflow/.local/lib/python3.8/site-packages/airflow/models/taskmixin.py", line 103, in __rshift__
    self.set_downstream(other)
  File "/home/airflow/.local/lib/python3.8/site-packages/airflow/models/taskmixin.py", line 261, in set_downstream
    self._set_relatives(task_or_task_list, upstream=False, edge_modifier=edge_modifier)
  File "/home/airflow/.local/lib/python3.8/site-packages/airflow/models/taskmixin.py", line 213, in _set_relatives
    task_object.update_relative(self, not upstream, edge_modifier=edge_modifier)
AttributeError: 'function' object has no attribute 'update_relative'
[2025-02-21T23:26:59.206+0000] {processor.py:841} WARNING - No viable dags retrieved from /opt/airflow/dags/dag_airflow.py
[2025-02-21T23:26:59.232+0000] {processor.py:179} INFO - Processing /opt/airflow/dags/dag_airflow.py took 0.065 seconds
[2025-02-21T23:27:30.386+0000] {processor.py:157} INFO - Started process (PID=2154) to work on /opt/airflow/dags/dag_airflow.py
[2025-02-21T23:27:30.387+0000] {processor.py:829} INFO - Processing file /opt/airflow/dags/dag_airflow.py for tasks to queue
[2025-02-21T23:27:30.388+0000] {logging_mixin.py:151} INFO - [2025-02-21T23:27:30.388+0000] {dagbag.py:539} INFO - Filling up the DagBag from /opt/airflow/dags/dag_airflow.py
[2025-02-21T23:27:30.422+0000] {logging_mixin.py:151} INFO - [2025-02-21T23:27:30.414+0000] {dagbag.py:347} ERROR - Failed to import: /opt/airflow/dags/dag_airflow.py
Traceback (most recent call last):
  File "/home/airflow/.local/lib/python3.8/site-packages/airflow/models/dagbag.py", line 343, in parse
    loader.exec_module(new_module)
  File "<frozen importlib._bootstrap_external>", line 843, in exec_module
  File "<frozen importlib._bootstrap>", line 219, in _call_with_frames_removed
  File "/opt/airflow/dags/dag_airflow.py", line 81, in <module>
    create_kafka_topic >> check_kafka >> start_producer >> start_consumer >> verify_postgres
  File "/home/airflow/.local/lib/python3.8/site-packages/airflow/models/taskmixin.py", line 103, in __rshift__
    self.set_downstream(other)
  File "/home/airflow/.local/lib/python3.8/site-packages/airflow/models/taskmixin.py", line 261, in set_downstream
    self._set_relatives(task_or_task_list, upstream=False, edge_modifier=edge_modifier)
  File "/home/airflow/.local/lib/python3.8/site-packages/airflow/models/taskmixin.py", line 213, in _set_relatives
    task_object.update_relative(self, not upstream, edge_modifier=edge_modifier)
AttributeError: 'function' object has no attribute 'update_relative'
[2025-02-21T23:27:30.422+0000] {processor.py:841} WARNING - No viable dags retrieved from /opt/airflow/dags/dag_airflow.py
[2025-02-21T23:27:30.457+0000] {processor.py:179} INFO - Processing /opt/airflow/dags/dag_airflow.py took 0.075 seconds
[2025-02-21T23:28:02.652+0000] {processor.py:157} INFO - Started process (PID=2159) to work on /opt/airflow/dags/dag_airflow.py
[2025-02-21T23:28:02.653+0000] {processor.py:829} INFO - Processing file /opt/airflow/dags/dag_airflow.py for tasks to queue
[2025-02-21T23:28:02.654+0000] {logging_mixin.py:151} INFO - [2025-02-21T23:28:02.654+0000] {dagbag.py:539} INFO - Filling up the DagBag from /opt/airflow/dags/dag_airflow.py
[2025-02-21T23:28:02.680+0000] {logging_mixin.py:151} INFO - [2025-02-21T23:28:02.675+0000] {dagbag.py:347} ERROR - Failed to import: /opt/airflow/dags/dag_airflow.py
Traceback (most recent call last):
  File "/home/airflow/.local/lib/python3.8/site-packages/airflow/models/dagbag.py", line 343, in parse
    loader.exec_module(new_module)
  File "<frozen importlib._bootstrap_external>", line 843, in exec_module
  File "<frozen importlib._bootstrap>", line 219, in _call_with_frames_removed
  File "/opt/airflow/dags/dag_airflow.py", line 81, in <module>
    create_kafka_topic >> check_kafka >> start_producer >> start_consumer >> verify_postgres
  File "/home/airflow/.local/lib/python3.8/site-packages/airflow/models/taskmixin.py", line 103, in __rshift__
    self.set_downstream(other)
  File "/home/airflow/.local/lib/python3.8/site-packages/airflow/models/taskmixin.py", line 261, in set_downstream
    self._set_relatives(task_or_task_list, upstream=False, edge_modifier=edge_modifier)
  File "/home/airflow/.local/lib/python3.8/site-packages/airflow/models/taskmixin.py", line 213, in _set_relatives
    task_object.update_relative(self, not upstream, edge_modifier=edge_modifier)
AttributeError: 'function' object has no attribute 'update_relative'
[2025-02-21T23:28:02.680+0000] {processor.py:841} WARNING - No viable dags retrieved from /opt/airflow/dags/dag_airflow.py
[2025-02-21T23:28:02.706+0000] {processor.py:179} INFO - Processing /opt/airflow/dags/dag_airflow.py took 0.057 seconds
[2025-02-21T23:28:34.977+0000] {processor.py:157} INFO - Started process (PID=2164) to work on /opt/airflow/dags/dag_airflow.py
[2025-02-21T23:28:34.978+0000] {processor.py:829} INFO - Processing file /opt/airflow/dags/dag_airflow.py for tasks to queue
[2025-02-21T23:28:34.979+0000] {logging_mixin.py:151} INFO - [2025-02-21T23:28:34.979+0000] {dagbag.py:539} INFO - Filling up the DagBag from /opt/airflow/dags/dag_airflow.py
[2025-02-21T23:28:35.009+0000] {logging_mixin.py:151} INFO - [2025-02-21T23:28:35.003+0000] {dagbag.py:347} ERROR - Failed to import: /opt/airflow/dags/dag_airflow.py
Traceback (most recent call last):
  File "/home/airflow/.local/lib/python3.8/site-packages/airflow/models/dagbag.py", line 343, in parse
    loader.exec_module(new_module)
  File "<frozen importlib._bootstrap_external>", line 843, in exec_module
  File "<frozen importlib._bootstrap>", line 219, in _call_with_frames_removed
  File "/opt/airflow/dags/dag_airflow.py", line 81, in <module>
    create_kafka_topic >> check_kafka >> start_producer >> start_consumer >> verify_postgres
  File "/home/airflow/.local/lib/python3.8/site-packages/airflow/models/taskmixin.py", line 103, in __rshift__
    self.set_downstream(other)
  File "/home/airflow/.local/lib/python3.8/site-packages/airflow/models/taskmixin.py", line 261, in set_downstream
    self._set_relatives(task_or_task_list, upstream=False, edge_modifier=edge_modifier)
  File "/home/airflow/.local/lib/python3.8/site-packages/airflow/models/taskmixin.py", line 213, in _set_relatives
    task_object.update_relative(self, not upstream, edge_modifier=edge_modifier)
AttributeError: 'function' object has no attribute 'update_relative'
[2025-02-21T23:28:35.010+0000] {processor.py:841} WARNING - No viable dags retrieved from /opt/airflow/dags/dag_airflow.py
[2025-02-21T23:28:35.036+0000] {processor.py:179} INFO - Processing /opt/airflow/dags/dag_airflow.py took 0.062 seconds
[2025-02-21T23:29:07.127+0000] {processor.py:157} INFO - Started process (PID=2169) to work on /opt/airflow/dags/dag_airflow.py
[2025-02-21T23:29:07.128+0000] {processor.py:829} INFO - Processing file /opt/airflow/dags/dag_airflow.py for tasks to queue
[2025-02-21T23:29:07.129+0000] {logging_mixin.py:151} INFO - [2025-02-21T23:29:07.129+0000] {dagbag.py:539} INFO - Filling up the DagBag from /opt/airflow/dags/dag_airflow.py
[2025-02-21T23:29:07.159+0000] {logging_mixin.py:151} INFO - [2025-02-21T23:29:07.152+0000] {dagbag.py:347} ERROR - Failed to import: /opt/airflow/dags/dag_airflow.py
Traceback (most recent call last):
  File "/home/airflow/.local/lib/python3.8/site-packages/airflow/models/dagbag.py", line 343, in parse
    loader.exec_module(new_module)
  File "<frozen importlib._bootstrap_external>", line 843, in exec_module
  File "<frozen importlib._bootstrap>", line 219, in _call_with_frames_removed
  File "/opt/airflow/dags/dag_airflow.py", line 81, in <module>
    create_kafka_topic >> check_kafka >> start_producer >> start_consumer >> verify_postgres
  File "/home/airflow/.local/lib/python3.8/site-packages/airflow/models/taskmixin.py", line 103, in __rshift__
    self.set_downstream(other)
  File "/home/airflow/.local/lib/python3.8/site-packages/airflow/models/taskmixin.py", line 261, in set_downstream
    self._set_relatives(task_or_task_list, upstream=False, edge_modifier=edge_modifier)
  File "/home/airflow/.local/lib/python3.8/site-packages/airflow/models/taskmixin.py", line 213, in _set_relatives
    task_object.update_relative(self, not upstream, edge_modifier=edge_modifier)
AttributeError: 'function' object has no attribute 'update_relative'
[2025-02-21T23:29:07.160+0000] {processor.py:841} WARNING - No viable dags retrieved from /opt/airflow/dags/dag_airflow.py
[2025-02-21T23:29:07.189+0000] {processor.py:179} INFO - Processing /opt/airflow/dags/dag_airflow.py took 0.066 seconds
[2025-02-21T23:29:38.421+0000] {processor.py:157} INFO - Started process (PID=2174) to work on /opt/airflow/dags/dag_airflow.py
[2025-02-21T23:29:38.422+0000] {processor.py:829} INFO - Processing file /opt/airflow/dags/dag_airflow.py for tasks to queue
[2025-02-21T23:29:38.423+0000] {logging_mixin.py:151} INFO - [2025-02-21T23:29:38.423+0000] {dagbag.py:539} INFO - Filling up the DagBag from /opt/airflow/dags/dag_airflow.py
[2025-02-21T23:29:38.451+0000] {logging_mixin.py:151} INFO - [2025-02-21T23:29:38.446+0000] {dagbag.py:347} ERROR - Failed to import: /opt/airflow/dags/dag_airflow.py
Traceback (most recent call last):
  File "/home/airflow/.local/lib/python3.8/site-packages/airflow/models/dagbag.py", line 343, in parse
    loader.exec_module(new_module)
  File "<frozen importlib._bootstrap_external>", line 843, in exec_module
  File "<frozen importlib._bootstrap>", line 219, in _call_with_frames_removed
  File "/opt/airflow/dags/dag_airflow.py", line 81, in <module>
    create_kafka_topic >> check_kafka >> start_producer >> start_consumer >> verify_postgres
  File "/home/airflow/.local/lib/python3.8/site-packages/airflow/models/taskmixin.py", line 103, in __rshift__
    self.set_downstream(other)
  File "/home/airflow/.local/lib/python3.8/site-packages/airflow/models/taskmixin.py", line 261, in set_downstream
    self._set_relatives(task_or_task_list, upstream=False, edge_modifier=edge_modifier)
  File "/home/airflow/.local/lib/python3.8/site-packages/airflow/models/taskmixin.py", line 213, in _set_relatives
    task_object.update_relative(self, not upstream, edge_modifier=edge_modifier)
AttributeError: 'function' object has no attribute 'update_relative'
[2025-02-21T23:29:38.452+0000] {processor.py:841} WARNING - No viable dags retrieved from /opt/airflow/dags/dag_airflow.py
[2025-02-21T23:29:38.478+0000] {processor.py:179} INFO - Processing /opt/airflow/dags/dag_airflow.py took 0.061 seconds
[2025-02-21T23:30:10.704+0000] {processor.py:157} INFO - Started process (PID=2179) to work on /opt/airflow/dags/dag_airflow.py
[2025-02-21T23:30:10.706+0000] {processor.py:829} INFO - Processing file /opt/airflow/dags/dag_airflow.py for tasks to queue
[2025-02-21T23:30:10.708+0000] {logging_mixin.py:151} INFO - [2025-02-21T23:30:10.708+0000] {dagbag.py:539} INFO - Filling up the DagBag from /opt/airflow/dags/dag_airflow.py
[2025-02-21T23:30:10.775+0000] {logging_mixin.py:151} INFO - [2025-02-21T23:30:10.764+0000] {dagbag.py:347} ERROR - Failed to import: /opt/airflow/dags/dag_airflow.py
Traceback (most recent call last):
  File "/home/airflow/.local/lib/python3.8/site-packages/airflow/models/dagbag.py", line 343, in parse
    loader.exec_module(new_module)
  File "<frozen importlib._bootstrap_external>", line 843, in exec_module
  File "<frozen importlib._bootstrap>", line 219, in _call_with_frames_removed
  File "/opt/airflow/dags/dag_airflow.py", line 81, in <module>
    create_kafka_topic >> check_kafka >> start_producer >> start_consumer >> verify_postgres
  File "/home/airflow/.local/lib/python3.8/site-packages/airflow/models/taskmixin.py", line 103, in __rshift__
    self.set_downstream(other)
  File "/home/airflow/.local/lib/python3.8/site-packages/airflow/models/taskmixin.py", line 261, in set_downstream
    self._set_relatives(task_or_task_list, upstream=False, edge_modifier=edge_modifier)
  File "/home/airflow/.local/lib/python3.8/site-packages/airflow/models/taskmixin.py", line 213, in _set_relatives
    task_object.update_relative(self, not upstream, edge_modifier=edge_modifier)
AttributeError: 'function' object has no attribute 'update_relative'
[2025-02-21T23:30:10.776+0000] {processor.py:841} WARNING - No viable dags retrieved from /opt/airflow/dags/dag_airflow.py
[2025-02-21T23:30:10.828+0000] {processor.py:179} INFO - Processing /opt/airflow/dags/dag_airflow.py took 0.130 seconds
[2025-02-21T23:30:42.930+0000] {processor.py:157} INFO - Started process (PID=2184) to work on /opt/airflow/dags/dag_airflow.py
[2025-02-21T23:30:42.931+0000] {processor.py:829} INFO - Processing file /opt/airflow/dags/dag_airflow.py for tasks to queue
[2025-02-21T23:30:42.933+0000] {logging_mixin.py:151} INFO - [2025-02-21T23:30:42.932+0000] {dagbag.py:539} INFO - Filling up the DagBag from /opt/airflow/dags/dag_airflow.py
[2025-02-21T23:30:42.967+0000] {logging_mixin.py:151} INFO - [2025-02-21T23:30:42.962+0000] {dagbag.py:347} ERROR - Failed to import: /opt/airflow/dags/dag_airflow.py
Traceback (most recent call last):
  File "/home/airflow/.local/lib/python3.8/site-packages/airflow/models/dagbag.py", line 343, in parse
    loader.exec_module(new_module)
  File "<frozen importlib._bootstrap_external>", line 843, in exec_module
  File "<frozen importlib._bootstrap>", line 219, in _call_with_frames_removed
  File "/opt/airflow/dags/dag_airflow.py", line 81, in <module>
    create_kafka_topic >> check_kafka >> start_producer >> start_consumer >> verify_postgres
  File "/home/airflow/.local/lib/python3.8/site-packages/airflow/models/taskmixin.py", line 103, in __rshift__
    self.set_downstream(other)
  File "/home/airflow/.local/lib/python3.8/site-packages/airflow/models/taskmixin.py", line 261, in set_downstream
    self._set_relatives(task_or_task_list, upstream=False, edge_modifier=edge_modifier)
  File "/home/airflow/.local/lib/python3.8/site-packages/airflow/models/taskmixin.py", line 213, in _set_relatives
    task_object.update_relative(self, not upstream, edge_modifier=edge_modifier)
AttributeError: 'function' object has no attribute 'update_relative'
[2025-02-21T23:30:42.968+0000] {processor.py:841} WARNING - No viable dags retrieved from /opt/airflow/dags/dag_airflow.py
[2025-02-21T23:30:43.005+0000] {processor.py:179} INFO - Processing /opt/airflow/dags/dag_airflow.py took 0.079 seconds
[2025-02-21T23:31:15.112+0000] {processor.py:157} INFO - Started process (PID=2189) to work on /opt/airflow/dags/dag_airflow.py
[2025-02-21T23:31:15.113+0000] {processor.py:829} INFO - Processing file /opt/airflow/dags/dag_airflow.py for tasks to queue
[2025-02-21T23:31:15.114+0000] {logging_mixin.py:151} INFO - [2025-02-21T23:31:15.114+0000] {dagbag.py:539} INFO - Filling up the DagBag from /opt/airflow/dags/dag_airflow.py
[2025-02-21T23:31:15.164+0000] {logging_mixin.py:151} INFO - [2025-02-21T23:31:15.158+0000] {dagbag.py:347} ERROR - Failed to import: /opt/airflow/dags/dag_airflow.py
Traceback (most recent call last):
  File "/home/airflow/.local/lib/python3.8/site-packages/airflow/models/dagbag.py", line 343, in parse
    loader.exec_module(new_module)
  File "<frozen importlib._bootstrap_external>", line 843, in exec_module
  File "<frozen importlib._bootstrap>", line 219, in _call_with_frames_removed
  File "/opt/airflow/dags/dag_airflow.py", line 81, in <module>
    create_kafka_topic >> check_kafka >> start_producer >> start_consumer >> verify_postgres
  File "/home/airflow/.local/lib/python3.8/site-packages/airflow/models/taskmixin.py", line 103, in __rshift__
    self.set_downstream(other)
  File "/home/airflow/.local/lib/python3.8/site-packages/airflow/models/taskmixin.py", line 261, in set_downstream
    self._set_relatives(task_or_task_list, upstream=False, edge_modifier=edge_modifier)
  File "/home/airflow/.local/lib/python3.8/site-packages/airflow/models/taskmixin.py", line 213, in _set_relatives
    task_object.update_relative(self, not upstream, edge_modifier=edge_modifier)
AttributeError: 'function' object has no attribute 'update_relative'
[2025-02-21T23:31:15.165+0000] {processor.py:841} WARNING - No viable dags retrieved from /opt/airflow/dags/dag_airflow.py
[2025-02-21T23:31:15.218+0000] {processor.py:179} INFO - Processing /opt/airflow/dags/dag_airflow.py took 0.111 seconds
[2025-02-21T23:31:46.371+0000] {processor.py:157} INFO - Started process (PID=2194) to work on /opt/airflow/dags/dag_airflow.py
[2025-02-21T23:31:46.372+0000] {processor.py:829} INFO - Processing file /opt/airflow/dags/dag_airflow.py for tasks to queue
[2025-02-21T23:31:46.373+0000] {logging_mixin.py:151} INFO - [2025-02-21T23:31:46.373+0000] {dagbag.py:539} INFO - Filling up the DagBag from /opt/airflow/dags/dag_airflow.py
[2025-02-21T23:31:46.396+0000] {logging_mixin.py:151} INFO - [2025-02-21T23:31:46.391+0000] {dagbag.py:347} ERROR - Failed to import: /opt/airflow/dags/dag_airflow.py
Traceback (most recent call last):
  File "/home/airflow/.local/lib/python3.8/site-packages/airflow/models/dagbag.py", line 343, in parse
    loader.exec_module(new_module)
  File "<frozen importlib._bootstrap_external>", line 843, in exec_module
  File "<frozen importlib._bootstrap>", line 219, in _call_with_frames_removed
  File "/opt/airflow/dags/dag_airflow.py", line 81, in <module>
    create_kafka_topic >> check_kafka >> start_producer >> start_consumer >> verify_postgres
  File "/home/airflow/.local/lib/python3.8/site-packages/airflow/models/taskmixin.py", line 103, in __rshift__
    self.set_downstream(other)
  File "/home/airflow/.local/lib/python3.8/site-packages/airflow/models/taskmixin.py", line 261, in set_downstream
    self._set_relatives(task_or_task_list, upstream=False, edge_modifier=edge_modifier)
  File "/home/airflow/.local/lib/python3.8/site-packages/airflow/models/taskmixin.py", line 213, in _set_relatives
    task_object.update_relative(self, not upstream, edge_modifier=edge_modifier)
AttributeError: 'function' object has no attribute 'update_relative'
[2025-02-21T23:31:46.396+0000] {processor.py:841} WARNING - No viable dags retrieved from /opt/airflow/dags/dag_airflow.py
[2025-02-21T23:31:46.429+0000] {processor.py:179} INFO - Processing /opt/airflow/dags/dag_airflow.py took 0.061 seconds
[2025-02-21T23:32:18.668+0000] {processor.py:157} INFO - Started process (PID=2199) to work on /opt/airflow/dags/dag_airflow.py
[2025-02-21T23:32:18.669+0000] {processor.py:829} INFO - Processing file /opt/airflow/dags/dag_airflow.py for tasks to queue
[2025-02-21T23:32:18.670+0000] {logging_mixin.py:151} INFO - [2025-02-21T23:32:18.670+0000] {dagbag.py:539} INFO - Filling up the DagBag from /opt/airflow/dags/dag_airflow.py
[2025-02-21T23:32:18.700+0000] {logging_mixin.py:151} INFO - [2025-02-21T23:32:18.693+0000] {dagbag.py:347} ERROR - Failed to import: /opt/airflow/dags/dag_airflow.py
Traceback (most recent call last):
  File "/home/airflow/.local/lib/python3.8/site-packages/airflow/models/dagbag.py", line 343, in parse
    loader.exec_module(new_module)
  File "<frozen importlib._bootstrap_external>", line 843, in exec_module
  File "<frozen importlib._bootstrap>", line 219, in _call_with_frames_removed
  File "/opt/airflow/dags/dag_airflow.py", line 81, in <module>
    create_kafka_topic >> check_kafka >> start_producer >> start_consumer >> verify_postgres
  File "/home/airflow/.local/lib/python3.8/site-packages/airflow/models/taskmixin.py", line 103, in __rshift__
    self.set_downstream(other)
  File "/home/airflow/.local/lib/python3.8/site-packages/airflow/models/taskmixin.py", line 261, in set_downstream
    self._set_relatives(task_or_task_list, upstream=False, edge_modifier=edge_modifier)
  File "/home/airflow/.local/lib/python3.8/site-packages/airflow/models/taskmixin.py", line 213, in _set_relatives
    task_object.update_relative(self, not upstream, edge_modifier=edge_modifier)
AttributeError: 'function' object has no attribute 'update_relative'
[2025-02-21T23:32:18.701+0000] {processor.py:841} WARNING - No viable dags retrieved from /opt/airflow/dags/dag_airflow.py
[2025-02-21T23:32:18.726+0000] {processor.py:179} INFO - Processing /opt/airflow/dags/dag_airflow.py took 0.061 seconds
[2025-02-21T23:32:50.947+0000] {processor.py:157} INFO - Started process (PID=2204) to work on /opt/airflow/dags/dag_airflow.py
[2025-02-21T23:32:50.948+0000] {processor.py:829} INFO - Processing file /opt/airflow/dags/dag_airflow.py for tasks to queue
[2025-02-21T23:32:50.950+0000] {logging_mixin.py:151} INFO - [2025-02-21T23:32:50.950+0000] {dagbag.py:539} INFO - Filling up the DagBag from /opt/airflow/dags/dag_airflow.py
[2025-02-21T23:32:50.981+0000] {logging_mixin.py:151} INFO - [2025-02-21T23:32:50.974+0000] {dagbag.py:347} ERROR - Failed to import: /opt/airflow/dags/dag_airflow.py
Traceback (most recent call last):
  File "/home/airflow/.local/lib/python3.8/site-packages/airflow/models/dagbag.py", line 343, in parse
    loader.exec_module(new_module)
  File "<frozen importlib._bootstrap_external>", line 843, in exec_module
  File "<frozen importlib._bootstrap>", line 219, in _call_with_frames_removed
  File "/opt/airflow/dags/dag_airflow.py", line 81, in <module>
    create_kafka_topic >> check_kafka >> start_producer >> start_consumer >> verify_postgres
  File "/home/airflow/.local/lib/python3.8/site-packages/airflow/models/taskmixin.py", line 103, in __rshift__
    self.set_downstream(other)
  File "/home/airflow/.local/lib/python3.8/site-packages/airflow/models/taskmixin.py", line 261, in set_downstream
    self._set_relatives(task_or_task_list, upstream=False, edge_modifier=edge_modifier)
  File "/home/airflow/.local/lib/python3.8/site-packages/airflow/models/taskmixin.py", line 213, in _set_relatives
    task_object.update_relative(self, not upstream, edge_modifier=edge_modifier)
AttributeError: 'function' object has no attribute 'update_relative'
[2025-02-21T23:32:50.982+0000] {processor.py:841} WARNING - No viable dags retrieved from /opt/airflow/dags/dag_airflow.py
[2025-02-21T23:32:51.030+0000] {processor.py:179} INFO - Processing /opt/airflow/dags/dag_airflow.py took 0.112 seconds
[2025-02-21T23:33:23.091+0000] {processor.py:157} INFO - Started process (PID=2209) to work on /opt/airflow/dags/dag_airflow.py
[2025-02-21T23:33:23.092+0000] {processor.py:829} INFO - Processing file /opt/airflow/dags/dag_airflow.py for tasks to queue
[2025-02-21T23:33:23.093+0000] {logging_mixin.py:151} INFO - [2025-02-21T23:33:23.093+0000] {dagbag.py:539} INFO - Filling up the DagBag from /opt/airflow/dags/dag_airflow.py
[2025-02-21T23:33:23.122+0000] {logging_mixin.py:151} INFO - [2025-02-21T23:33:23.115+0000] {dagbag.py:347} ERROR - Failed to import: /opt/airflow/dags/dag_airflow.py
Traceback (most recent call last):
  File "/home/airflow/.local/lib/python3.8/site-packages/airflow/models/dagbag.py", line 343, in parse
    loader.exec_module(new_module)
  File "<frozen importlib._bootstrap_external>", line 843, in exec_module
  File "<frozen importlib._bootstrap>", line 219, in _call_with_frames_removed
  File "/opt/airflow/dags/dag_airflow.py", line 81, in <module>
    create_kafka_topic >> check_kafka >> start_producer >> start_consumer >> verify_postgres
  File "/home/airflow/.local/lib/python3.8/site-packages/airflow/models/taskmixin.py", line 103, in __rshift__
    self.set_downstream(other)
  File "/home/airflow/.local/lib/python3.8/site-packages/airflow/models/taskmixin.py", line 261, in set_downstream
    self._set_relatives(task_or_task_list, upstream=False, edge_modifier=edge_modifier)
  File "/home/airflow/.local/lib/python3.8/site-packages/airflow/models/taskmixin.py", line 213, in _set_relatives
    task_object.update_relative(self, not upstream, edge_modifier=edge_modifier)
AttributeError: 'function' object has no attribute 'update_relative'
[2025-02-21T23:33:23.122+0000] {processor.py:841} WARNING - No viable dags retrieved from /opt/airflow/dags/dag_airflow.py
[2025-02-21T23:33:23.151+0000] {processor.py:179} INFO - Processing /opt/airflow/dags/dag_airflow.py took 0.064 seconds
[2025-02-21T23:33:54.358+0000] {processor.py:157} INFO - Started process (PID=2214) to work on /opt/airflow/dags/dag_airflow.py
[2025-02-21T23:33:54.359+0000] {processor.py:829} INFO - Processing file /opt/airflow/dags/dag_airflow.py for tasks to queue
[2025-02-21T23:33:54.360+0000] {logging_mixin.py:151} INFO - [2025-02-21T23:33:54.360+0000] {dagbag.py:539} INFO - Filling up the DagBag from /opt/airflow/dags/dag_airflow.py
[2025-02-21T23:33:54.394+0000] {logging_mixin.py:151} INFO - [2025-02-21T23:33:54.387+0000] {dagbag.py:347} ERROR - Failed to import: /opt/airflow/dags/dag_airflow.py
Traceback (most recent call last):
  File "/home/airflow/.local/lib/python3.8/site-packages/airflow/models/dagbag.py", line 343, in parse
    loader.exec_module(new_module)
  File "<frozen importlib._bootstrap_external>", line 843, in exec_module
  File "<frozen importlib._bootstrap>", line 219, in _call_with_frames_removed
  File "/opt/airflow/dags/dag_airflow.py", line 81, in <module>
    create_kafka_topic >> check_kafka >> start_producer >> start_consumer >> verify_postgres
  File "/home/airflow/.local/lib/python3.8/site-packages/airflow/models/taskmixin.py", line 103, in __rshift__
    self.set_downstream(other)
  File "/home/airflow/.local/lib/python3.8/site-packages/airflow/models/taskmixin.py", line 261, in set_downstream
    self._set_relatives(task_or_task_list, upstream=False, edge_modifier=edge_modifier)
  File "/home/airflow/.local/lib/python3.8/site-packages/airflow/models/taskmixin.py", line 213, in _set_relatives
    task_object.update_relative(self, not upstream, edge_modifier=edge_modifier)
AttributeError: 'function' object has no attribute 'update_relative'
[2025-02-21T23:33:54.394+0000] {processor.py:841} WARNING - No viable dags retrieved from /opt/airflow/dags/dag_airflow.py
[2025-02-21T23:33:54.423+0000] {processor.py:179} INFO - Processing /opt/airflow/dags/dag_airflow.py took 0.068 seconds
[2025-02-21T23:34:26.606+0000] {processor.py:157} INFO - Started process (PID=2219) to work on /opt/airflow/dags/dag_airflow.py
[2025-02-21T23:34:26.606+0000] {processor.py:829} INFO - Processing file /opt/airflow/dags/dag_airflow.py for tasks to queue
[2025-02-21T23:34:26.607+0000] {logging_mixin.py:151} INFO - [2025-02-21T23:34:26.607+0000] {dagbag.py:539} INFO - Filling up the DagBag from /opt/airflow/dags/dag_airflow.py
[2025-02-21T23:34:26.639+0000] {logging_mixin.py:151} INFO - [2025-02-21T23:34:26.633+0000] {dagbag.py:347} ERROR - Failed to import: /opt/airflow/dags/dag_airflow.py
Traceback (most recent call last):
  File "/home/airflow/.local/lib/python3.8/site-packages/airflow/models/dagbag.py", line 343, in parse
    loader.exec_module(new_module)
  File "<frozen importlib._bootstrap_external>", line 843, in exec_module
  File "<frozen importlib._bootstrap>", line 219, in _call_with_frames_removed
  File "/opt/airflow/dags/dag_airflow.py", line 81, in <module>
    create_kafka_topic >> check_kafka >> start_producer >> start_consumer >> verify_postgres
  File "/home/airflow/.local/lib/python3.8/site-packages/airflow/models/taskmixin.py", line 103, in __rshift__
    self.set_downstream(other)
  File "/home/airflow/.local/lib/python3.8/site-packages/airflow/models/taskmixin.py", line 261, in set_downstream
    self._set_relatives(task_or_task_list, upstream=False, edge_modifier=edge_modifier)
  File "/home/airflow/.local/lib/python3.8/site-packages/airflow/models/taskmixin.py", line 213, in _set_relatives
    task_object.update_relative(self, not upstream, edge_modifier=edge_modifier)
AttributeError: 'function' object has no attribute 'update_relative'
[2025-02-21T23:34:26.640+0000] {processor.py:841} WARNING - No viable dags retrieved from /opt/airflow/dags/dag_airflow.py
[2025-02-21T23:34:26.688+0000] {processor.py:179} INFO - Processing /opt/airflow/dags/dag_airflow.py took 0.085 seconds
[2025-02-21T23:34:58.836+0000] {processor.py:157} INFO - Started process (PID=2224) to work on /opt/airflow/dags/dag_airflow.py
[2025-02-21T23:34:58.837+0000] {processor.py:829} INFO - Processing file /opt/airflow/dags/dag_airflow.py for tasks to queue
[2025-02-21T23:34:58.838+0000] {logging_mixin.py:151} INFO - [2025-02-21T23:34:58.838+0000] {dagbag.py:539} INFO - Filling up the DagBag from /opt/airflow/dags/dag_airflow.py
[2025-02-21T23:34:58.870+0000] {logging_mixin.py:151} INFO - [2025-02-21T23:34:58.863+0000] {dagbag.py:347} ERROR - Failed to import: /opt/airflow/dags/dag_airflow.py
Traceback (most recent call last):
  File "/home/airflow/.local/lib/python3.8/site-packages/airflow/models/dagbag.py", line 343, in parse
    loader.exec_module(new_module)
  File "<frozen importlib._bootstrap_external>", line 843, in exec_module
  File "<frozen importlib._bootstrap>", line 219, in _call_with_frames_removed
  File "/opt/airflow/dags/dag_airflow.py", line 81, in <module>
    create_kafka_topic >> check_kafka >> start_producer >> start_consumer >> verify_postgres
  File "/home/airflow/.local/lib/python3.8/site-packages/airflow/models/taskmixin.py", line 103, in __rshift__
    self.set_downstream(other)
  File "/home/airflow/.local/lib/python3.8/site-packages/airflow/models/taskmixin.py", line 261, in set_downstream
    self._set_relatives(task_or_task_list, upstream=False, edge_modifier=edge_modifier)
  File "/home/airflow/.local/lib/python3.8/site-packages/airflow/models/taskmixin.py", line 213, in _set_relatives
    task_object.update_relative(self, not upstream, edge_modifier=edge_modifier)
AttributeError: 'function' object has no attribute 'update_relative'
[2025-02-21T23:34:58.871+0000] {processor.py:841} WARNING - No viable dags retrieved from /opt/airflow/dags/dag_airflow.py
[2025-02-21T23:34:58.896+0000] {processor.py:179} INFO - Processing /opt/airflow/dags/dag_airflow.py took 0.063 seconds
[2025-02-21T23:35:31.083+0000] {processor.py:157} INFO - Started process (PID=2229) to work on /opt/airflow/dags/dag_airflow.py
[2025-02-21T23:35:31.084+0000] {processor.py:829} INFO - Processing file /opt/airflow/dags/dag_airflow.py for tasks to queue
[2025-02-21T23:35:31.085+0000] {logging_mixin.py:151} INFO - [2025-02-21T23:35:31.085+0000] {dagbag.py:539} INFO - Filling up the DagBag from /opt/airflow/dags/dag_airflow.py
[2025-02-21T23:35:31.123+0000] {logging_mixin.py:151} INFO - [2025-02-21T23:35:31.115+0000] {dagbag.py:347} ERROR - Failed to import: /opt/airflow/dags/dag_airflow.py
Traceback (most recent call last):
  File "/home/airflow/.local/lib/python3.8/site-packages/airflow/models/dagbag.py", line 343, in parse
    loader.exec_module(new_module)
  File "<frozen importlib._bootstrap_external>", line 843, in exec_module
  File "<frozen importlib._bootstrap>", line 219, in _call_with_frames_removed
  File "/opt/airflow/dags/dag_airflow.py", line 81, in <module>
    create_kafka_topic >> check_kafka >> start_producer >> start_consumer >> verify_postgres
  File "/home/airflow/.local/lib/python3.8/site-packages/airflow/models/taskmixin.py", line 103, in __rshift__
    self.set_downstream(other)
  File "/home/airflow/.local/lib/python3.8/site-packages/airflow/models/taskmixin.py", line 261, in set_downstream
    self._set_relatives(task_or_task_list, upstream=False, edge_modifier=edge_modifier)
  File "/home/airflow/.local/lib/python3.8/site-packages/airflow/models/taskmixin.py", line 213, in _set_relatives
    task_object.update_relative(self, not upstream, edge_modifier=edge_modifier)
AttributeError: 'function' object has no attribute 'update_relative'
[2025-02-21T23:35:31.123+0000] {processor.py:841} WARNING - No viable dags retrieved from /opt/airflow/dags/dag_airflow.py
[2025-02-21T23:35:31.159+0000] {processor.py:179} INFO - Processing /opt/airflow/dags/dag_airflow.py took 0.081 seconds
[2025-02-21T23:36:02.406+0000] {processor.py:157} INFO - Started process (PID=2234) to work on /opt/airflow/dags/dag_airflow.py
[2025-02-21T23:36:02.407+0000] {processor.py:829} INFO - Processing file /opt/airflow/dags/dag_airflow.py for tasks to queue
[2025-02-21T23:36:02.408+0000] {logging_mixin.py:151} INFO - [2025-02-21T23:36:02.408+0000] {dagbag.py:539} INFO - Filling up the DagBag from /opt/airflow/dags/dag_airflow.py
[2025-02-21T23:36:02.440+0000] {logging_mixin.py:151} INFO - [2025-02-21T23:36:02.433+0000] {dagbag.py:347} ERROR - Failed to import: /opt/airflow/dags/dag_airflow.py
Traceback (most recent call last):
  File "/home/airflow/.local/lib/python3.8/site-packages/airflow/models/dagbag.py", line 343, in parse
    loader.exec_module(new_module)
  File "<frozen importlib._bootstrap_external>", line 843, in exec_module
  File "<frozen importlib._bootstrap>", line 219, in _call_with_frames_removed
  File "/opt/airflow/dags/dag_airflow.py", line 81, in <module>
    create_kafka_topic >> check_kafka >> start_producer >> start_consumer >> verify_postgres
  File "/home/airflow/.local/lib/python3.8/site-packages/airflow/models/taskmixin.py", line 103, in __rshift__
    self.set_downstream(other)
  File "/home/airflow/.local/lib/python3.8/site-packages/airflow/models/taskmixin.py", line 261, in set_downstream
    self._set_relatives(task_or_task_list, upstream=False, edge_modifier=edge_modifier)
  File "/home/airflow/.local/lib/python3.8/site-packages/airflow/models/taskmixin.py", line 213, in _set_relatives
    task_object.update_relative(self, not upstream, edge_modifier=edge_modifier)
AttributeError: 'function' object has no attribute 'update_relative'
[2025-02-21T23:36:02.441+0000] {processor.py:841} WARNING - No viable dags retrieved from /opt/airflow/dags/dag_airflow.py
[2025-02-21T23:36:02.469+0000] {processor.py:179} INFO - Processing /opt/airflow/dags/dag_airflow.py took 0.067 seconds
[2025-02-21T23:36:34.625+0000] {processor.py:157} INFO - Started process (PID=2239) to work on /opt/airflow/dags/dag_airflow.py
[2025-02-21T23:36:34.626+0000] {processor.py:829} INFO - Processing file /opt/airflow/dags/dag_airflow.py for tasks to queue
[2025-02-21T23:36:34.627+0000] {logging_mixin.py:151} INFO - [2025-02-21T23:36:34.627+0000] {dagbag.py:539} INFO - Filling up the DagBag from /opt/airflow/dags/dag_airflow.py
[2025-02-21T23:36:34.664+0000] {logging_mixin.py:151} INFO - [2025-02-21T23:36:34.656+0000] {dagbag.py:347} ERROR - Failed to import: /opt/airflow/dags/dag_airflow.py
Traceback (most recent call last):
  File "/home/airflow/.local/lib/python3.8/site-packages/airflow/models/dagbag.py", line 343, in parse
    loader.exec_module(new_module)
  File "<frozen importlib._bootstrap_external>", line 843, in exec_module
  File "<frozen importlib._bootstrap>", line 219, in _call_with_frames_removed
  File "/opt/airflow/dags/dag_airflow.py", line 81, in <module>
    create_kafka_topic >> check_kafka >> start_producer >> start_consumer >> verify_postgres
  File "/home/airflow/.local/lib/python3.8/site-packages/airflow/models/taskmixin.py", line 103, in __rshift__
    self.set_downstream(other)
  File "/home/airflow/.local/lib/python3.8/site-packages/airflow/models/taskmixin.py", line 261, in set_downstream
    self._set_relatives(task_or_task_list, upstream=False, edge_modifier=edge_modifier)
  File "/home/airflow/.local/lib/python3.8/site-packages/airflow/models/taskmixin.py", line 213, in _set_relatives
    task_object.update_relative(self, not upstream, edge_modifier=edge_modifier)
AttributeError: 'function' object has no attribute 'update_relative'
[2025-02-21T23:36:34.666+0000] {processor.py:841} WARNING - No viable dags retrieved from /opt/airflow/dags/dag_airflow.py
[2025-02-21T23:36:34.700+0000] {processor.py:179} INFO - Processing /opt/airflow/dags/dag_airflow.py took 0.079 seconds
[2025-02-21T23:37:06.856+0000] {processor.py:157} INFO - Started process (PID=2244) to work on /opt/airflow/dags/dag_airflow.py
[2025-02-21T23:37:06.857+0000] {processor.py:829} INFO - Processing file /opt/airflow/dags/dag_airflow.py for tasks to queue
[2025-02-21T23:37:06.858+0000] {logging_mixin.py:151} INFO - [2025-02-21T23:37:06.858+0000] {dagbag.py:539} INFO - Filling up the DagBag from /opt/airflow/dags/dag_airflow.py
[2025-02-21T23:37:06.893+0000] {logging_mixin.py:151} INFO - [2025-02-21T23:37:06.887+0000] {dagbag.py:347} ERROR - Failed to import: /opt/airflow/dags/dag_airflow.py
Traceback (most recent call last):
  File "/home/airflow/.local/lib/python3.8/site-packages/airflow/models/dagbag.py", line 343, in parse
    loader.exec_module(new_module)
  File "<frozen importlib._bootstrap_external>", line 843, in exec_module
  File "<frozen importlib._bootstrap>", line 219, in _call_with_frames_removed
  File "/opt/airflow/dags/dag_airflow.py", line 81, in <module>
    create_kafka_topic >> check_kafka >> start_producer >> start_consumer >> verify_postgres
  File "/home/airflow/.local/lib/python3.8/site-packages/airflow/models/taskmixin.py", line 103, in __rshift__
    self.set_downstream(other)
  File "/home/airflow/.local/lib/python3.8/site-packages/airflow/models/taskmixin.py", line 261, in set_downstream
    self._set_relatives(task_or_task_list, upstream=False, edge_modifier=edge_modifier)
  File "/home/airflow/.local/lib/python3.8/site-packages/airflow/models/taskmixin.py", line 213, in _set_relatives
    task_object.update_relative(self, not upstream, edge_modifier=edge_modifier)
AttributeError: 'function' object has no attribute 'update_relative'
[2025-02-21T23:37:06.894+0000] {processor.py:841} WARNING - No viable dags retrieved from /opt/airflow/dags/dag_airflow.py
[2025-02-21T23:37:06.948+0000] {processor.py:179} INFO - Processing /opt/airflow/dags/dag_airflow.py took 0.096 seconds
[2025-02-21T23:37:39.218+0000] {processor.py:157} INFO - Started process (PID=2249) to work on /opt/airflow/dags/dag_airflow.py
[2025-02-21T23:37:39.219+0000] {processor.py:829} INFO - Processing file /opt/airflow/dags/dag_airflow.py for tasks to queue
[2025-02-21T23:37:39.221+0000] {logging_mixin.py:151} INFO - [2025-02-21T23:37:39.220+0000] {dagbag.py:539} INFO - Filling up the DagBag from /opt/airflow/dags/dag_airflow.py
[2025-02-21T23:37:39.252+0000] {logging_mixin.py:151} INFO - [2025-02-21T23:37:39.246+0000] {dagbag.py:347} ERROR - Failed to import: /opt/airflow/dags/dag_airflow.py
Traceback (most recent call last):
  File "/home/airflow/.local/lib/python3.8/site-packages/airflow/models/dagbag.py", line 343, in parse
    loader.exec_module(new_module)
  File "<frozen importlib._bootstrap_external>", line 843, in exec_module
  File "<frozen importlib._bootstrap>", line 219, in _call_with_frames_removed
  File "/opt/airflow/dags/dag_airflow.py", line 81, in <module>
    create_kafka_topic >> check_kafka >> start_producer >> start_consumer >> verify_postgres
  File "/home/airflow/.local/lib/python3.8/site-packages/airflow/models/taskmixin.py", line 103, in __rshift__
    self.set_downstream(other)
  File "/home/airflow/.local/lib/python3.8/site-packages/airflow/models/taskmixin.py", line 261, in set_downstream
    self._set_relatives(task_or_task_list, upstream=False, edge_modifier=edge_modifier)
  File "/home/airflow/.local/lib/python3.8/site-packages/airflow/models/taskmixin.py", line 213, in _set_relatives
    task_object.update_relative(self, not upstream, edge_modifier=edge_modifier)
AttributeError: 'function' object has no attribute 'update_relative'
[2025-02-21T23:37:39.253+0000] {processor.py:841} WARNING - No viable dags retrieved from /opt/airflow/dags/dag_airflow.py
[2025-02-21T23:37:39.297+0000] {processor.py:179} INFO - Processing /opt/airflow/dags/dag_airflow.py took 0.083 seconds
[2025-02-21T23:38:10.525+0000] {processor.py:157} INFO - Started process (PID=2254) to work on /opt/airflow/dags/dag_airflow.py
[2025-02-21T23:38:10.526+0000] {processor.py:829} INFO - Processing file /opt/airflow/dags/dag_airflow.py for tasks to queue
[2025-02-21T23:38:10.528+0000] {logging_mixin.py:151} INFO - [2025-02-21T23:38:10.528+0000] {dagbag.py:539} INFO - Filling up the DagBag from /opt/airflow/dags/dag_airflow.py
[2025-02-21T23:38:10.574+0000] {logging_mixin.py:151} INFO - [2025-02-21T23:38:10.568+0000] {dagbag.py:347} ERROR - Failed to import: /opt/airflow/dags/dag_airflow.py
Traceback (most recent call last):
  File "/home/airflow/.local/lib/python3.8/site-packages/airflow/models/dagbag.py", line 343, in parse
    loader.exec_module(new_module)
  File "<frozen importlib._bootstrap_external>", line 843, in exec_module
  File "<frozen importlib._bootstrap>", line 219, in _call_with_frames_removed
  File "/opt/airflow/dags/dag_airflow.py", line 81, in <module>
    create_kafka_topic >> check_kafka >> start_producer >> start_consumer >> verify_postgres
  File "/home/airflow/.local/lib/python3.8/site-packages/airflow/models/taskmixin.py", line 103, in __rshift__
    self.set_downstream(other)
  File "/home/airflow/.local/lib/python3.8/site-packages/airflow/models/taskmixin.py", line 261, in set_downstream
    self._set_relatives(task_or_task_list, upstream=False, edge_modifier=edge_modifier)
  File "/home/airflow/.local/lib/python3.8/site-packages/airflow/models/taskmixin.py", line 213, in _set_relatives
    task_object.update_relative(self, not upstream, edge_modifier=edge_modifier)
AttributeError: 'function' object has no attribute 'update_relative'
[2025-02-21T23:38:10.576+0000] {processor.py:841} WARNING - No viable dags retrieved from /opt/airflow/dags/dag_airflow.py
[2025-02-21T23:38:10.635+0000] {processor.py:179} INFO - Processing /opt/airflow/dags/dag_airflow.py took 0.116 seconds
[2025-02-21T23:38:42.699+0000] {processor.py:157} INFO - Started process (PID=2259) to work on /opt/airflow/dags/dag_airflow.py
[2025-02-21T23:38:42.701+0000] {processor.py:829} INFO - Processing file /opt/airflow/dags/dag_airflow.py for tasks to queue
[2025-02-21T23:38:42.702+0000] {logging_mixin.py:151} INFO - [2025-02-21T23:38:42.702+0000] {dagbag.py:539} INFO - Filling up the DagBag from /opt/airflow/dags/dag_airflow.py
[2025-02-21T23:38:42.754+0000] {logging_mixin.py:151} INFO - [2025-02-21T23:38:42.743+0000] {dagbag.py:347} ERROR - Failed to import: /opt/airflow/dags/dag_airflow.py
Traceback (most recent call last):
  File "/home/airflow/.local/lib/python3.8/site-packages/airflow/models/dagbag.py", line 343, in parse
    loader.exec_module(new_module)
  File "<frozen importlib._bootstrap_external>", line 843, in exec_module
  File "<frozen importlib._bootstrap>", line 219, in _call_with_frames_removed
  File "/opt/airflow/dags/dag_airflow.py", line 81, in <module>
    create_kafka_topic >> check_kafka >> start_producer >> start_consumer >> verify_postgres
  File "/home/airflow/.local/lib/python3.8/site-packages/airflow/models/taskmixin.py", line 103, in __rshift__
    self.set_downstream(other)
  File "/home/airflow/.local/lib/python3.8/site-packages/airflow/models/taskmixin.py", line 261, in set_downstream
    self._set_relatives(task_or_task_list, upstream=False, edge_modifier=edge_modifier)
  File "/home/airflow/.local/lib/python3.8/site-packages/airflow/models/taskmixin.py", line 213, in _set_relatives
    task_object.update_relative(self, not upstream, edge_modifier=edge_modifier)
AttributeError: 'function' object has no attribute 'update_relative'
[2025-02-21T23:38:42.755+0000] {processor.py:841} WARNING - No viable dags retrieved from /opt/airflow/dags/dag_airflow.py
[2025-02-21T23:38:42.798+0000] {processor.py:179} INFO - Processing /opt/airflow/dags/dag_airflow.py took 0.105 seconds
[2025-02-21T23:39:15.018+0000] {processor.py:157} INFO - Started process (PID=2264) to work on /opt/airflow/dags/dag_airflow.py
[2025-02-21T23:39:15.019+0000] {processor.py:829} INFO - Processing file /opt/airflow/dags/dag_airflow.py for tasks to queue
[2025-02-21T23:39:15.020+0000] {logging_mixin.py:151} INFO - [2025-02-21T23:39:15.020+0000] {dagbag.py:539} INFO - Filling up the DagBag from /opt/airflow/dags/dag_airflow.py
[2025-02-21T23:39:15.047+0000] {logging_mixin.py:151} INFO - [2025-02-21T23:39:15.041+0000] {dagbag.py:347} ERROR - Failed to import: /opt/airflow/dags/dag_airflow.py
Traceback (most recent call last):
  File "/home/airflow/.local/lib/python3.8/site-packages/airflow/models/dagbag.py", line 343, in parse
    loader.exec_module(new_module)
  File "<frozen importlib._bootstrap_external>", line 843, in exec_module
  File "<frozen importlib._bootstrap>", line 219, in _call_with_frames_removed
  File "/opt/airflow/dags/dag_airflow.py", line 81, in <module>
    create_kafka_topic >> check_kafka >> start_producer >> start_consumer >> verify_postgres
  File "/home/airflow/.local/lib/python3.8/site-packages/airflow/models/taskmixin.py", line 103, in __rshift__
    self.set_downstream(other)
  File "/home/airflow/.local/lib/python3.8/site-packages/airflow/models/taskmixin.py", line 261, in set_downstream
    self._set_relatives(task_or_task_list, upstream=False, edge_modifier=edge_modifier)
  File "/home/airflow/.local/lib/python3.8/site-packages/airflow/models/taskmixin.py", line 213, in _set_relatives
    task_object.update_relative(self, not upstream, edge_modifier=edge_modifier)
AttributeError: 'function' object has no attribute 'update_relative'
[2025-02-21T23:39:15.048+0000] {processor.py:841} WARNING - No viable dags retrieved from /opt/airflow/dags/dag_airflow.py
[2025-02-21T23:39:15.078+0000] {processor.py:179} INFO - Processing /opt/airflow/dags/dag_airflow.py took 0.064 seconds
[2025-02-21T23:39:47.337+0000] {processor.py:157} INFO - Started process (PID=2269) to work on /opt/airflow/dags/dag_airflow.py
[2025-02-21T23:39:47.338+0000] {processor.py:829} INFO - Processing file /opt/airflow/dags/dag_airflow.py for tasks to queue
[2025-02-21T23:39:47.340+0000] {logging_mixin.py:151} INFO - [2025-02-21T23:39:47.339+0000] {dagbag.py:539} INFO - Filling up the DagBag from /opt/airflow/dags/dag_airflow.py
[2025-02-21T23:39:47.388+0000] {logging_mixin.py:151} INFO - [2025-02-21T23:39:47.381+0000] {dagbag.py:347} ERROR - Failed to import: /opt/airflow/dags/dag_airflow.py
Traceback (most recent call last):
  File "/home/airflow/.local/lib/python3.8/site-packages/airflow/models/dagbag.py", line 343, in parse
    loader.exec_module(new_module)
  File "<frozen importlib._bootstrap_external>", line 843, in exec_module
  File "<frozen importlib._bootstrap>", line 219, in _call_with_frames_removed
  File "/opt/airflow/dags/dag_airflow.py", line 81, in <module>
    create_kafka_topic >> check_kafka >> start_producer >> start_consumer >> verify_postgres
  File "/home/airflow/.local/lib/python3.8/site-packages/airflow/models/taskmixin.py", line 103, in __rshift__
    self.set_downstream(other)
  File "/home/airflow/.local/lib/python3.8/site-packages/airflow/models/taskmixin.py", line 261, in set_downstream
    self._set_relatives(task_or_task_list, upstream=False, edge_modifier=edge_modifier)
  File "/home/airflow/.local/lib/python3.8/site-packages/airflow/models/taskmixin.py", line 213, in _set_relatives
    task_object.update_relative(self, not upstream, edge_modifier=edge_modifier)
AttributeError: 'function' object has no attribute 'update_relative'
[2025-02-21T23:39:47.389+0000] {processor.py:841} WARNING - No viable dags retrieved from /opt/airflow/dags/dag_airflow.py
[2025-02-21T23:39:47.441+0000] {processor.py:179} INFO - Processing /opt/airflow/dags/dag_airflow.py took 0.109 seconds
[2025-02-21T23:40:18.606+0000] {processor.py:157} INFO - Started process (PID=2274) to work on /opt/airflow/dags/dag_airflow.py
[2025-02-21T23:40:18.607+0000] {processor.py:829} INFO - Processing file /opt/airflow/dags/dag_airflow.py for tasks to queue
[2025-02-21T23:40:18.608+0000] {logging_mixin.py:151} INFO - [2025-02-21T23:40:18.608+0000] {dagbag.py:539} INFO - Filling up the DagBag from /opt/airflow/dags/dag_airflow.py
[2025-02-21T23:40:18.639+0000] {logging_mixin.py:151} INFO - [2025-02-21T23:40:18.632+0000] {dagbag.py:347} ERROR - Failed to import: /opt/airflow/dags/dag_airflow.py
Traceback (most recent call last):
  File "/home/airflow/.local/lib/python3.8/site-packages/airflow/models/dagbag.py", line 343, in parse
    loader.exec_module(new_module)
  File "<frozen importlib._bootstrap_external>", line 843, in exec_module
  File "<frozen importlib._bootstrap>", line 219, in _call_with_frames_removed
  File "/opt/airflow/dags/dag_airflow.py", line 81, in <module>
    create_kafka_topic >> check_kafka >> start_producer >> start_consumer >> verify_postgres
  File "/home/airflow/.local/lib/python3.8/site-packages/airflow/models/taskmixin.py", line 103, in __rshift__
    self.set_downstream(other)
  File "/home/airflow/.local/lib/python3.8/site-packages/airflow/models/taskmixin.py", line 261, in set_downstream
    self._set_relatives(task_or_task_list, upstream=False, edge_modifier=edge_modifier)
  File "/home/airflow/.local/lib/python3.8/site-packages/airflow/models/taskmixin.py", line 213, in _set_relatives
    task_object.update_relative(self, not upstream, edge_modifier=edge_modifier)
AttributeError: 'function' object has no attribute 'update_relative'
[2025-02-21T23:40:18.639+0000] {processor.py:841} WARNING - No viable dags retrieved from /opt/airflow/dags/dag_airflow.py
[2025-02-21T23:40:18.667+0000] {processor.py:179} INFO - Processing /opt/airflow/dags/dag_airflow.py took 0.065 seconds
[2025-02-21T23:40:50.817+0000] {processor.py:157} INFO - Started process (PID=2279) to work on /opt/airflow/dags/dag_airflow.py
[2025-02-21T23:40:50.817+0000] {processor.py:829} INFO - Processing file /opt/airflow/dags/dag_airflow.py for tasks to queue
[2025-02-21T23:40:50.819+0000] {logging_mixin.py:151} INFO - [2025-02-21T23:40:50.818+0000] {dagbag.py:539} INFO - Filling up the DagBag from /opt/airflow/dags/dag_airflow.py
[2025-02-21T23:40:50.846+0000] {logging_mixin.py:151} INFO - [2025-02-21T23:40:50.840+0000] {dagbag.py:347} ERROR - Failed to import: /opt/airflow/dags/dag_airflow.py
Traceback (most recent call last):
  File "/home/airflow/.local/lib/python3.8/site-packages/airflow/models/dagbag.py", line 343, in parse
    loader.exec_module(new_module)
  File "<frozen importlib._bootstrap_external>", line 843, in exec_module
  File "<frozen importlib._bootstrap>", line 219, in _call_with_frames_removed
  File "/opt/airflow/dags/dag_airflow.py", line 81, in <module>
    create_kafka_topic >> check_kafka >> start_producer >> start_consumer >> verify_postgres
  File "/home/airflow/.local/lib/python3.8/site-packages/airflow/models/taskmixin.py", line 103, in __rshift__
    self.set_downstream(other)
  File "/home/airflow/.local/lib/python3.8/site-packages/airflow/models/taskmixin.py", line 261, in set_downstream
    self._set_relatives(task_or_task_list, upstream=False, edge_modifier=edge_modifier)
  File "/home/airflow/.local/lib/python3.8/site-packages/airflow/models/taskmixin.py", line 213, in _set_relatives
    task_object.update_relative(self, not upstream, edge_modifier=edge_modifier)
AttributeError: 'function' object has no attribute 'update_relative'
[2025-02-21T23:40:50.846+0000] {processor.py:841} WARNING - No viable dags retrieved from /opt/airflow/dags/dag_airflow.py
[2025-02-21T23:40:50.875+0000] {processor.py:179} INFO - Processing /opt/airflow/dags/dag_airflow.py took 0.062 seconds
[2025-02-21T23:41:23.038+0000] {processor.py:157} INFO - Started process (PID=2284) to work on /opt/airflow/dags/dag_airflow.py
[2025-02-21T23:41:23.039+0000] {processor.py:829} INFO - Processing file /opt/airflow/dags/dag_airflow.py for tasks to queue
[2025-02-21T23:41:23.040+0000] {logging_mixin.py:151} INFO - [2025-02-21T23:41:23.040+0000] {dagbag.py:539} INFO - Filling up the DagBag from /opt/airflow/dags/dag_airflow.py
[2025-02-21T23:41:23.068+0000] {logging_mixin.py:151} INFO - [2025-02-21T23:41:23.061+0000] {dagbag.py:347} ERROR - Failed to import: /opt/airflow/dags/dag_airflow.py
Traceback (most recent call last):
  File "/home/airflow/.local/lib/python3.8/site-packages/airflow/models/dagbag.py", line 343, in parse
    loader.exec_module(new_module)
  File "<frozen importlib._bootstrap_external>", line 843, in exec_module
  File "<frozen importlib._bootstrap>", line 219, in _call_with_frames_removed
  File "/opt/airflow/dags/dag_airflow.py", line 81, in <module>
    create_kafka_topic >> check_kafka >> start_producer >> start_consumer >> verify_postgres
  File "/home/airflow/.local/lib/python3.8/site-packages/airflow/models/taskmixin.py", line 103, in __rshift__
    self.set_downstream(other)
  File "/home/airflow/.local/lib/python3.8/site-packages/airflow/models/taskmixin.py", line 261, in set_downstream
    self._set_relatives(task_or_task_list, upstream=False, edge_modifier=edge_modifier)
  File "/home/airflow/.local/lib/python3.8/site-packages/airflow/models/taskmixin.py", line 213, in _set_relatives
    task_object.update_relative(self, not upstream, edge_modifier=edge_modifier)
AttributeError: 'function' object has no attribute 'update_relative'
[2025-02-21T23:41:23.069+0000] {processor.py:841} WARNING - No viable dags retrieved from /opt/airflow/dags/dag_airflow.py
[2025-02-21T23:41:23.097+0000] {processor.py:179} INFO - Processing /opt/airflow/dags/dag_airflow.py took 0.063 seconds
[2025-02-21T23:41:55.350+0000] {processor.py:157} INFO - Started process (PID=2289) to work on /opt/airflow/dags/dag_airflow.py
[2025-02-21T23:41:55.351+0000] {processor.py:829} INFO - Processing file /opt/airflow/dags/dag_airflow.py for tasks to queue
[2025-02-21T23:41:55.352+0000] {logging_mixin.py:151} INFO - [2025-02-21T23:41:55.352+0000] {dagbag.py:539} INFO - Filling up the DagBag from /opt/airflow/dags/dag_airflow.py
[2025-02-21T23:41:55.390+0000] {logging_mixin.py:151} INFO - [2025-02-21T23:41:55.384+0000] {dagbag.py:347} ERROR - Failed to import: /opt/airflow/dags/dag_airflow.py
Traceback (most recent call last):
  File "/home/airflow/.local/lib/python3.8/site-packages/airflow/models/dagbag.py", line 343, in parse
    loader.exec_module(new_module)
  File "<frozen importlib._bootstrap_external>", line 843, in exec_module
  File "<frozen importlib._bootstrap>", line 219, in _call_with_frames_removed
  File "/opt/airflow/dags/dag_airflow.py", line 81, in <module>
    create_kafka_topic >> check_kafka >> start_producer >> start_consumer >> verify_postgres
  File "/home/airflow/.local/lib/python3.8/site-packages/airflow/models/taskmixin.py", line 103, in __rshift__
    self.set_downstream(other)
  File "/home/airflow/.local/lib/python3.8/site-packages/airflow/models/taskmixin.py", line 261, in set_downstream
    self._set_relatives(task_or_task_list, upstream=False, edge_modifier=edge_modifier)
  File "/home/airflow/.local/lib/python3.8/site-packages/airflow/models/taskmixin.py", line 213, in _set_relatives
    task_object.update_relative(self, not upstream, edge_modifier=edge_modifier)
AttributeError: 'function' object has no attribute 'update_relative'
[2025-02-21T23:41:55.390+0000] {processor.py:841} WARNING - No viable dags retrieved from /opt/airflow/dags/dag_airflow.py
[2025-02-21T23:41:55.419+0000] {processor.py:179} INFO - Processing /opt/airflow/dags/dag_airflow.py took 0.073 seconds
[2025-02-21T23:42:26.725+0000] {processor.py:157} INFO - Started process (PID=2294) to work on /opt/airflow/dags/dag_airflow.py
[2025-02-21T23:42:26.726+0000] {processor.py:829} INFO - Processing file /opt/airflow/dags/dag_airflow.py for tasks to queue
[2025-02-21T23:42:26.727+0000] {logging_mixin.py:151} INFO - [2025-02-21T23:42:26.727+0000] {dagbag.py:539} INFO - Filling up the DagBag from /opt/airflow/dags/dag_airflow.py
[2025-02-21T23:42:26.755+0000] {logging_mixin.py:151} INFO - [2025-02-21T23:42:26.750+0000] {dagbag.py:347} ERROR - Failed to import: /opt/airflow/dags/dag_airflow.py
Traceback (most recent call last):
  File "/home/airflow/.local/lib/python3.8/site-packages/airflow/models/dagbag.py", line 343, in parse
    loader.exec_module(new_module)
  File "<frozen importlib._bootstrap_external>", line 843, in exec_module
  File "<frozen importlib._bootstrap>", line 219, in _call_with_frames_removed
  File "/opt/airflow/dags/dag_airflow.py", line 81, in <module>
    create_kafka_topic >> check_kafka >> start_producer >> start_consumer >> verify_postgres
  File "/home/airflow/.local/lib/python3.8/site-packages/airflow/models/taskmixin.py", line 103, in __rshift__
    self.set_downstream(other)
  File "/home/airflow/.local/lib/python3.8/site-packages/airflow/models/taskmixin.py", line 261, in set_downstream
    self._set_relatives(task_or_task_list, upstream=False, edge_modifier=edge_modifier)
  File "/home/airflow/.local/lib/python3.8/site-packages/airflow/models/taskmixin.py", line 213, in _set_relatives
    task_object.update_relative(self, not upstream, edge_modifier=edge_modifier)
AttributeError: 'function' object has no attribute 'update_relative'
[2025-02-21T23:42:26.756+0000] {processor.py:841} WARNING - No viable dags retrieved from /opt/airflow/dags/dag_airflow.py
[2025-02-21T23:42:26.780+0000] {processor.py:179} INFO - Processing /opt/airflow/dags/dag_airflow.py took 0.060 seconds
[2025-02-21T23:42:58.934+0000] {processor.py:157} INFO - Started process (PID=2299) to work on /opt/airflow/dags/dag_airflow.py
[2025-02-21T23:42:58.935+0000] {processor.py:829} INFO - Processing file /opt/airflow/dags/dag_airflow.py for tasks to queue
[2025-02-21T23:42:58.936+0000] {logging_mixin.py:151} INFO - [2025-02-21T23:42:58.936+0000] {dagbag.py:539} INFO - Filling up the DagBag from /opt/airflow/dags/dag_airflow.py
[2025-02-21T23:42:58.964+0000] {logging_mixin.py:151} INFO - [2025-02-21T23:42:58.957+0000] {dagbag.py:347} ERROR - Failed to import: /opt/airflow/dags/dag_airflow.py
Traceback (most recent call last):
  File "/home/airflow/.local/lib/python3.8/site-packages/airflow/models/dagbag.py", line 343, in parse
    loader.exec_module(new_module)
  File "<frozen importlib._bootstrap_external>", line 843, in exec_module
  File "<frozen importlib._bootstrap>", line 219, in _call_with_frames_removed
  File "/opt/airflow/dags/dag_airflow.py", line 81, in <module>
    create_kafka_topic >> check_kafka >> start_producer >> start_consumer >> verify_postgres
  File "/home/airflow/.local/lib/python3.8/site-packages/airflow/models/taskmixin.py", line 103, in __rshift__
    self.set_downstream(other)
  File "/home/airflow/.local/lib/python3.8/site-packages/airflow/models/taskmixin.py", line 261, in set_downstream
    self._set_relatives(task_or_task_list, upstream=False, edge_modifier=edge_modifier)
  File "/home/airflow/.local/lib/python3.8/site-packages/airflow/models/taskmixin.py", line 213, in _set_relatives
    task_object.update_relative(self, not upstream, edge_modifier=edge_modifier)
AttributeError: 'function' object has no attribute 'update_relative'
[2025-02-21T23:42:58.964+0000] {processor.py:841} WARNING - No viable dags retrieved from /opt/airflow/dags/dag_airflow.py
[2025-02-21T23:42:58.990+0000] {processor.py:179} INFO - Processing /opt/airflow/dags/dag_airflow.py took 0.060 seconds
[2025-02-21T23:43:31.192+0000] {processor.py:157} INFO - Started process (PID=2304) to work on /opt/airflow/dags/dag_airflow.py
[2025-02-21T23:43:31.193+0000] {processor.py:829} INFO - Processing file /opt/airflow/dags/dag_airflow.py for tasks to queue
[2025-02-21T23:43:31.194+0000] {logging_mixin.py:151} INFO - [2025-02-21T23:43:31.194+0000] {dagbag.py:539} INFO - Filling up the DagBag from /opt/airflow/dags/dag_airflow.py
[2025-02-21T23:43:31.231+0000] {logging_mixin.py:151} INFO - [2025-02-21T23:43:31.225+0000] {dagbag.py:347} ERROR - Failed to import: /opt/airflow/dags/dag_airflow.py
Traceback (most recent call last):
  File "/home/airflow/.local/lib/python3.8/site-packages/airflow/models/dagbag.py", line 343, in parse
    loader.exec_module(new_module)
  File "<frozen importlib._bootstrap_external>", line 843, in exec_module
  File "<frozen importlib._bootstrap>", line 219, in _call_with_frames_removed
  File "/opt/airflow/dags/dag_airflow.py", line 81, in <module>
    create_kafka_topic >> check_kafka >> start_producer >> start_consumer >> verify_postgres
  File "/home/airflow/.local/lib/python3.8/site-packages/airflow/models/taskmixin.py", line 103, in __rshift__
    self.set_downstream(other)
  File "/home/airflow/.local/lib/python3.8/site-packages/airflow/models/taskmixin.py", line 261, in set_downstream
    self._set_relatives(task_or_task_list, upstream=False, edge_modifier=edge_modifier)
  File "/home/airflow/.local/lib/python3.8/site-packages/airflow/models/taskmixin.py", line 213, in _set_relatives
    task_object.update_relative(self, not upstream, edge_modifier=edge_modifier)
AttributeError: 'function' object has no attribute 'update_relative'
[2025-02-21T23:43:31.232+0000] {processor.py:841} WARNING - No viable dags retrieved from /opt/airflow/dags/dag_airflow.py
[2025-02-21T23:43:31.262+0000] {processor.py:179} INFO - Processing /opt/airflow/dags/dag_airflow.py took 0.075 seconds
[2025-02-21T23:44:03.472+0000] {processor.py:157} INFO - Started process (PID=2309) to work on /opt/airflow/dags/dag_airflow.py
[2025-02-21T23:44:03.473+0000] {processor.py:829} INFO - Processing file /opt/airflow/dags/dag_airflow.py for tasks to queue
[2025-02-21T23:44:03.474+0000] {logging_mixin.py:151} INFO - [2025-02-21T23:44:03.474+0000] {dagbag.py:539} INFO - Filling up the DagBag from /opt/airflow/dags/dag_airflow.py
[2025-02-21T23:44:03.504+0000] {logging_mixin.py:151} INFO - [2025-02-21T23:44:03.499+0000] {dagbag.py:347} ERROR - Failed to import: /opt/airflow/dags/dag_airflow.py
Traceback (most recent call last):
  File "/home/airflow/.local/lib/python3.8/site-packages/airflow/models/dagbag.py", line 343, in parse
    loader.exec_module(new_module)
  File "<frozen importlib._bootstrap_external>", line 843, in exec_module
  File "<frozen importlib._bootstrap>", line 219, in _call_with_frames_removed
  File "/opt/airflow/dags/dag_airflow.py", line 81, in <module>
    create_kafka_topic >> check_kafka >> start_producer >> start_consumer >> verify_postgres
  File "/home/airflow/.local/lib/python3.8/site-packages/airflow/models/taskmixin.py", line 103, in __rshift__
    self.set_downstream(other)
  File "/home/airflow/.local/lib/python3.8/site-packages/airflow/models/taskmixin.py", line 261, in set_downstream
    self._set_relatives(task_or_task_list, upstream=False, edge_modifier=edge_modifier)
  File "/home/airflow/.local/lib/python3.8/site-packages/airflow/models/taskmixin.py", line 213, in _set_relatives
    task_object.update_relative(self, not upstream, edge_modifier=edge_modifier)
AttributeError: 'function' object has no attribute 'update_relative'
[2025-02-21T23:44:03.505+0000] {processor.py:841} WARNING - No viable dags retrieved from /opt/airflow/dags/dag_airflow.py
[2025-02-21T23:44:03.531+0000] {processor.py:179} INFO - Processing /opt/airflow/dags/dag_airflow.py took 0.064 seconds
[2025-02-21T23:44:34.853+0000] {processor.py:157} INFO - Started process (PID=2314) to work on /opt/airflow/dags/dag_airflow.py
[2025-02-21T23:44:34.854+0000] {processor.py:829} INFO - Processing file /opt/airflow/dags/dag_airflow.py for tasks to queue
[2025-02-21T23:44:34.856+0000] {logging_mixin.py:151} INFO - [2025-02-21T23:44:34.856+0000] {dagbag.py:539} INFO - Filling up the DagBag from /opt/airflow/dags/dag_airflow.py
[2025-02-21T23:44:34.883+0000] {logging_mixin.py:151} INFO - [2025-02-21T23:44:34.877+0000] {dagbag.py:347} ERROR - Failed to import: /opt/airflow/dags/dag_airflow.py
Traceback (most recent call last):
  File "/home/airflow/.local/lib/python3.8/site-packages/airflow/models/dagbag.py", line 343, in parse
    loader.exec_module(new_module)
  File "<frozen importlib._bootstrap_external>", line 843, in exec_module
  File "<frozen importlib._bootstrap>", line 219, in _call_with_frames_removed
  File "/opt/airflow/dags/dag_airflow.py", line 81, in <module>
    create_kafka_topic >> check_kafka >> start_producer >> start_consumer >> verify_postgres
  File "/home/airflow/.local/lib/python3.8/site-packages/airflow/models/taskmixin.py", line 103, in __rshift__
    self.set_downstream(other)
  File "/home/airflow/.local/lib/python3.8/site-packages/airflow/models/taskmixin.py", line 261, in set_downstream
    self._set_relatives(task_or_task_list, upstream=False, edge_modifier=edge_modifier)
  File "/home/airflow/.local/lib/python3.8/site-packages/airflow/models/taskmixin.py", line 213, in _set_relatives
    task_object.update_relative(self, not upstream, edge_modifier=edge_modifier)
AttributeError: 'function' object has no attribute 'update_relative'
[2025-02-21T23:44:34.883+0000] {processor.py:841} WARNING - No viable dags retrieved from /opt/airflow/dags/dag_airflow.py
[2025-02-21T23:44:34.916+0000] {processor.py:179} INFO - Processing /opt/airflow/dags/dag_airflow.py took 0.066 seconds
[2025-02-21T23:45:05.918+0000] {processor.py:157} INFO - Started process (PID=2319) to work on /opt/airflow/dags/dag_airflow.py
[2025-02-21T23:45:05.920+0000] {processor.py:829} INFO - Processing file /opt/airflow/dags/dag_airflow.py for tasks to queue
[2025-02-21T23:45:05.921+0000] {logging_mixin.py:151} INFO - [2025-02-21T23:45:05.921+0000] {dagbag.py:539} INFO - Filling up the DagBag from /opt/airflow/dags/dag_airflow.py
[2025-02-21T23:45:05.953+0000] {logging_mixin.py:151} INFO - [2025-02-21T23:45:05.947+0000] {dagbag.py:347} ERROR - Failed to import: /opt/airflow/dags/dag_airflow.py
Traceback (most recent call last):
  File "/home/airflow/.local/lib/python3.8/site-packages/airflow/models/dagbag.py", line 343, in parse
    loader.exec_module(new_module)
  File "<frozen importlib._bootstrap_external>", line 843, in exec_module
  File "<frozen importlib._bootstrap>", line 219, in _call_with_frames_removed
  File "/opt/airflow/dags/dag_airflow.py", line 81, in <module>
    create_kafka_topic >> check_kafka >> start_producer >> start_consumer >> verify_postgres
  File "/home/airflow/.local/lib/python3.8/site-packages/airflow/models/taskmixin.py", line 103, in __rshift__
    self.set_downstream(other)
  File "/home/airflow/.local/lib/python3.8/site-packages/airflow/models/taskmixin.py", line 261, in set_downstream
    self._set_relatives(task_or_task_list, upstream=False, edge_modifier=edge_modifier)
  File "/home/airflow/.local/lib/python3.8/site-packages/airflow/models/taskmixin.py", line 213, in _set_relatives
    task_object.update_relative(self, not upstream, edge_modifier=edge_modifier)
AttributeError: 'function' object has no attribute 'update_relative'
[2025-02-21T23:45:05.954+0000] {processor.py:841} WARNING - No viable dags retrieved from /opt/airflow/dags/dag_airflow.py
[2025-02-21T23:45:05.983+0000] {processor.py:179} INFO - Processing /opt/airflow/dags/dag_airflow.py took 0.069 seconds
[2025-02-21T23:45:39.246+0000] {processor.py:157} INFO - Started process (PID=2324) to work on /opt/airflow/dags/dag_airflow.py
[2025-02-21T23:45:39.247+0000] {processor.py:829} INFO - Processing file /opt/airflow/dags/dag_airflow.py for tasks to queue
[2025-02-21T23:45:39.248+0000] {logging_mixin.py:151} INFO - [2025-02-21T23:45:39.248+0000] {dagbag.py:539} INFO - Filling up the DagBag from /opt/airflow/dags/dag_airflow.py
[2025-02-21T23:45:39.278+0000] {logging_mixin.py:151} INFO - [2025-02-21T23:45:39.272+0000] {dagbag.py:347} ERROR - Failed to import: /opt/airflow/dags/dag_airflow.py
Traceback (most recent call last):
  File "/home/airflow/.local/lib/python3.8/site-packages/airflow/models/dagbag.py", line 343, in parse
    loader.exec_module(new_module)
  File "<frozen importlib._bootstrap_external>", line 843, in exec_module
  File "<frozen importlib._bootstrap>", line 219, in _call_with_frames_removed
  File "/opt/airflow/dags/dag_airflow.py", line 81, in <module>
    create_kafka_topic >> check_kafka >> start_producer >> start_consumer >> verify_postgres
  File "/home/airflow/.local/lib/python3.8/site-packages/airflow/models/taskmixin.py", line 103, in __rshift__
    self.set_downstream(other)
  File "/home/airflow/.local/lib/python3.8/site-packages/airflow/models/taskmixin.py", line 261, in set_downstream
    self._set_relatives(task_or_task_list, upstream=False, edge_modifier=edge_modifier)
  File "/home/airflow/.local/lib/python3.8/site-packages/airflow/models/taskmixin.py", line 213, in _set_relatives
    task_object.update_relative(self, not upstream, edge_modifier=edge_modifier)
AttributeError: 'function' object has no attribute 'update_relative'
[2025-02-21T23:45:39.279+0000] {processor.py:841} WARNING - No viable dags retrieved from /opt/airflow/dags/dag_airflow.py
[2025-02-21T23:45:39.302+0000] {processor.py:179} INFO - Processing /opt/airflow/dags/dag_airflow.py took 0.060 seconds
[2025-02-21T23:46:11.452+0000] {processor.py:157} INFO - Started process (PID=2329) to work on /opt/airflow/dags/dag_airflow.py
[2025-02-21T23:46:11.453+0000] {processor.py:829} INFO - Processing file /opt/airflow/dags/dag_airflow.py for tasks to queue
[2025-02-21T23:46:11.455+0000] {logging_mixin.py:151} INFO - [2025-02-21T23:46:11.454+0000] {dagbag.py:539} INFO - Filling up the DagBag from /opt/airflow/dags/dag_airflow.py
[2025-02-21T23:46:11.480+0000] {logging_mixin.py:151} INFO - [2025-02-21T23:46:11.475+0000] {dagbag.py:347} ERROR - Failed to import: /opt/airflow/dags/dag_airflow.py
Traceback (most recent call last):
  File "/home/airflow/.local/lib/python3.8/site-packages/airflow/models/dagbag.py", line 343, in parse
    loader.exec_module(new_module)
  File "<frozen importlib._bootstrap_external>", line 843, in exec_module
  File "<frozen importlib._bootstrap>", line 219, in _call_with_frames_removed
  File "/opt/airflow/dags/dag_airflow.py", line 81, in <module>
    create_kafka_topic >> check_kafka >> start_producer >> start_consumer >> verify_postgres
  File "/home/airflow/.local/lib/python3.8/site-packages/airflow/models/taskmixin.py", line 103, in __rshift__
    self.set_downstream(other)
  File "/home/airflow/.local/lib/python3.8/site-packages/airflow/models/taskmixin.py", line 261, in set_downstream
    self._set_relatives(task_or_task_list, upstream=False, edge_modifier=edge_modifier)
  File "/home/airflow/.local/lib/python3.8/site-packages/airflow/models/taskmixin.py", line 213, in _set_relatives
    task_object.update_relative(self, not upstream, edge_modifier=edge_modifier)
AttributeError: 'function' object has no attribute 'update_relative'
[2025-02-21T23:46:11.481+0000] {processor.py:841} WARNING - No viable dags retrieved from /opt/airflow/dags/dag_airflow.py
[2025-02-21T23:46:11.524+0000] {processor.py:179} INFO - Processing /opt/airflow/dags/dag_airflow.py took 0.075 seconds
[2025-02-21T23:46:42.742+0000] {processor.py:157} INFO - Started process (PID=2334) to work on /opt/airflow/dags/dag_airflow.py
[2025-02-21T23:46:42.743+0000] {processor.py:829} INFO - Processing file /opt/airflow/dags/dag_airflow.py for tasks to queue
[2025-02-21T23:46:42.744+0000] {logging_mixin.py:151} INFO - [2025-02-21T23:46:42.744+0000] {dagbag.py:539} INFO - Filling up the DagBag from /opt/airflow/dags/dag_airflow.py
[2025-02-21T23:46:42.777+0000] {logging_mixin.py:151} INFO - [2025-02-21T23:46:42.771+0000] {dagbag.py:347} ERROR - Failed to import: /opt/airflow/dags/dag_airflow.py
Traceback (most recent call last):
  File "/home/airflow/.local/lib/python3.8/site-packages/airflow/models/dagbag.py", line 343, in parse
    loader.exec_module(new_module)
  File "<frozen importlib._bootstrap_external>", line 843, in exec_module
  File "<frozen importlib._bootstrap>", line 219, in _call_with_frames_removed
  File "/opt/airflow/dags/dag_airflow.py", line 81, in <module>
    create_kafka_topic >> check_kafka >> start_producer >> start_consumer >> verify_postgres
  File "/home/airflow/.local/lib/python3.8/site-packages/airflow/models/taskmixin.py", line 103, in __rshift__
    self.set_downstream(other)
  File "/home/airflow/.local/lib/python3.8/site-packages/airflow/models/taskmixin.py", line 261, in set_downstream
    self._set_relatives(task_or_task_list, upstream=False, edge_modifier=edge_modifier)
  File "/home/airflow/.local/lib/python3.8/site-packages/airflow/models/taskmixin.py", line 213, in _set_relatives
    task_object.update_relative(self, not upstream, edge_modifier=edge_modifier)
AttributeError: 'function' object has no attribute 'update_relative'
[2025-02-21T23:46:42.778+0000] {processor.py:841} WARNING - No viable dags retrieved from /opt/airflow/dags/dag_airflow.py
[2025-02-21T23:46:42.813+0000] {processor.py:179} INFO - Processing /opt/airflow/dags/dag_airflow.py took 0.074 seconds
[2025-02-21T23:47:14.940+0000] {processor.py:157} INFO - Started process (PID=2339) to work on /opt/airflow/dags/dag_airflow.py
[2025-02-21T23:47:14.941+0000] {processor.py:829} INFO - Processing file /opt/airflow/dags/dag_airflow.py for tasks to queue
[2025-02-21T23:47:14.942+0000] {logging_mixin.py:151} INFO - [2025-02-21T23:47:14.942+0000] {dagbag.py:539} INFO - Filling up the DagBag from /opt/airflow/dags/dag_airflow.py
[2025-02-21T23:47:14.975+0000] {logging_mixin.py:151} INFO - [2025-02-21T23:47:14.968+0000] {dagbag.py:347} ERROR - Failed to import: /opt/airflow/dags/dag_airflow.py
Traceback (most recent call last):
  File "/home/airflow/.local/lib/python3.8/site-packages/airflow/models/dagbag.py", line 343, in parse
    loader.exec_module(new_module)
  File "<frozen importlib._bootstrap_external>", line 843, in exec_module
  File "<frozen importlib._bootstrap>", line 219, in _call_with_frames_removed
  File "/opt/airflow/dags/dag_airflow.py", line 81, in <module>
    create_kafka_topic >> check_kafka >> start_producer >> start_consumer >> verify_postgres
  File "/home/airflow/.local/lib/python3.8/site-packages/airflow/models/taskmixin.py", line 103, in __rshift__
    self.set_downstream(other)
  File "/home/airflow/.local/lib/python3.8/site-packages/airflow/models/taskmixin.py", line 261, in set_downstream
    self._set_relatives(task_or_task_list, upstream=False, edge_modifier=edge_modifier)
  File "/home/airflow/.local/lib/python3.8/site-packages/airflow/models/taskmixin.py", line 213, in _set_relatives
    task_object.update_relative(self, not upstream, edge_modifier=edge_modifier)
AttributeError: 'function' object has no attribute 'update_relative'
[2025-02-21T23:47:14.976+0000] {processor.py:841} WARNING - No viable dags retrieved from /opt/airflow/dags/dag_airflow.py
[2025-02-21T23:47:15.020+0000] {processor.py:179} INFO - Processing /opt/airflow/dags/dag_airflow.py took 0.084 seconds
[2025-02-21T23:47:47.124+0000] {processor.py:157} INFO - Started process (PID=2344) to work on /opt/airflow/dags/dag_airflow.py
[2025-02-21T23:47:47.125+0000] {processor.py:829} INFO - Processing file /opt/airflow/dags/dag_airflow.py for tasks to queue
[2025-02-21T23:47:47.126+0000] {logging_mixin.py:151} INFO - [2025-02-21T23:47:47.126+0000] {dagbag.py:539} INFO - Filling up the DagBag from /opt/airflow/dags/dag_airflow.py
[2025-02-21T23:47:47.150+0000] {logging_mixin.py:151} INFO - [2025-02-21T23:47:47.145+0000] {dagbag.py:347} ERROR - Failed to import: /opt/airflow/dags/dag_airflow.py
Traceback (most recent call last):
  File "/home/airflow/.local/lib/python3.8/site-packages/airflow/models/dagbag.py", line 343, in parse
    loader.exec_module(new_module)
  File "<frozen importlib._bootstrap_external>", line 843, in exec_module
  File "<frozen importlib._bootstrap>", line 219, in _call_with_frames_removed
  File "/opt/airflow/dags/dag_airflow.py", line 81, in <module>
    create_kafka_topic >> check_kafka >> start_producer >> start_consumer >> verify_postgres
  File "/home/airflow/.local/lib/python3.8/site-packages/airflow/models/taskmixin.py", line 103, in __rshift__
    self.set_downstream(other)
  File "/home/airflow/.local/lib/python3.8/site-packages/airflow/models/taskmixin.py", line 261, in set_downstream
    self._set_relatives(task_or_task_list, upstream=False, edge_modifier=edge_modifier)
  File "/home/airflow/.local/lib/python3.8/site-packages/airflow/models/taskmixin.py", line 213, in _set_relatives
    task_object.update_relative(self, not upstream, edge_modifier=edge_modifier)
AttributeError: 'function' object has no attribute 'update_relative'
[2025-02-21T23:47:47.151+0000] {processor.py:841} WARNING - No viable dags retrieved from /opt/airflow/dags/dag_airflow.py
[2025-02-21T23:47:47.174+0000] {processor.py:179} INFO - Processing /opt/airflow/dags/dag_airflow.py took 0.052 seconds
[2025-02-21T23:48:19.393+0000] {processor.py:157} INFO - Started process (PID=2349) to work on /opt/airflow/dags/dag_airflow.py
[2025-02-21T23:48:19.394+0000] {processor.py:829} INFO - Processing file /opt/airflow/dags/dag_airflow.py for tasks to queue
[2025-02-21T23:48:19.395+0000] {logging_mixin.py:151} INFO - [2025-02-21T23:48:19.395+0000] {dagbag.py:539} INFO - Filling up the DagBag from /opt/airflow/dags/dag_airflow.py
[2025-02-21T23:48:19.420+0000] {logging_mixin.py:151} INFO - [2025-02-21T23:48:19.415+0000] {dagbag.py:347} ERROR - Failed to import: /opt/airflow/dags/dag_airflow.py
Traceback (most recent call last):
  File "/home/airflow/.local/lib/python3.8/site-packages/airflow/models/dagbag.py", line 343, in parse
    loader.exec_module(new_module)
  File "<frozen importlib._bootstrap_external>", line 843, in exec_module
  File "<frozen importlib._bootstrap>", line 219, in _call_with_frames_removed
  File "/opt/airflow/dags/dag_airflow.py", line 81, in <module>
    create_kafka_topic >> check_kafka >> start_producer >> start_consumer >> verify_postgres
  File "/home/airflow/.local/lib/python3.8/site-packages/airflow/models/taskmixin.py", line 103, in __rshift__
    self.set_downstream(other)
  File "/home/airflow/.local/lib/python3.8/site-packages/airflow/models/taskmixin.py", line 261, in set_downstream
    self._set_relatives(task_or_task_list, upstream=False, edge_modifier=edge_modifier)
  File "/home/airflow/.local/lib/python3.8/site-packages/airflow/models/taskmixin.py", line 213, in _set_relatives
    task_object.update_relative(self, not upstream, edge_modifier=edge_modifier)
AttributeError: 'function' object has no attribute 'update_relative'
[2025-02-21T23:48:19.421+0000] {processor.py:841} WARNING - No viable dags retrieved from /opt/airflow/dags/dag_airflow.py
[2025-02-21T23:48:19.460+0000] {processor.py:179} INFO - Processing /opt/airflow/dags/dag_airflow.py took 0.071 seconds
[2025-02-21T23:48:50.734+0000] {processor.py:157} INFO - Started process (PID=2354) to work on /opt/airflow/dags/dag_airflow.py
[2025-02-21T23:48:50.735+0000] {processor.py:829} INFO - Processing file /opt/airflow/dags/dag_airflow.py for tasks to queue
[2025-02-21T23:48:50.736+0000] {logging_mixin.py:151} INFO - [2025-02-21T23:48:50.736+0000] {dagbag.py:539} INFO - Filling up the DagBag from /opt/airflow/dags/dag_airflow.py
[2025-02-21T23:48:50.762+0000] {logging_mixin.py:151} INFO - [2025-02-21T23:48:50.757+0000] {dagbag.py:347} ERROR - Failed to import: /opt/airflow/dags/dag_airflow.py
Traceback (most recent call last):
  File "/home/airflow/.local/lib/python3.8/site-packages/airflow/models/dagbag.py", line 343, in parse
    loader.exec_module(new_module)
  File "<frozen importlib._bootstrap_external>", line 843, in exec_module
  File "<frozen importlib._bootstrap>", line 219, in _call_with_frames_removed
  File "/opt/airflow/dags/dag_airflow.py", line 81, in <module>
    create_kafka_topic >> check_kafka >> start_producer >> start_consumer >> verify_postgres
  File "/home/airflow/.local/lib/python3.8/site-packages/airflow/models/taskmixin.py", line 103, in __rshift__
    self.set_downstream(other)
  File "/home/airflow/.local/lib/python3.8/site-packages/airflow/models/taskmixin.py", line 261, in set_downstream
    self._set_relatives(task_or_task_list, upstream=False, edge_modifier=edge_modifier)
  File "/home/airflow/.local/lib/python3.8/site-packages/airflow/models/taskmixin.py", line 213, in _set_relatives
    task_object.update_relative(self, not upstream, edge_modifier=edge_modifier)
AttributeError: 'function' object has no attribute 'update_relative'
[2025-02-21T23:48:50.764+0000] {processor.py:841} WARNING - No viable dags retrieved from /opt/airflow/dags/dag_airflow.py
[2025-02-21T23:48:50.796+0000] {processor.py:179} INFO - Processing /opt/airflow/dags/dag_airflow.py took 0.069 seconds
[2025-02-21T23:49:22.961+0000] {processor.py:157} INFO - Started process (PID=2359) to work on /opt/airflow/dags/dag_airflow.py
[2025-02-21T23:49:22.961+0000] {processor.py:829} INFO - Processing file /opt/airflow/dags/dag_airflow.py for tasks to queue
[2025-02-21T23:49:22.962+0000] {logging_mixin.py:151} INFO - [2025-02-21T23:49:22.962+0000] {dagbag.py:539} INFO - Filling up the DagBag from /opt/airflow/dags/dag_airflow.py
[2025-02-21T23:49:22.993+0000] {logging_mixin.py:151} INFO - [2025-02-21T23:49:22.986+0000] {dagbag.py:347} ERROR - Failed to import: /opt/airflow/dags/dag_airflow.py
Traceback (most recent call last):
  File "/home/airflow/.local/lib/python3.8/site-packages/airflow/models/dagbag.py", line 343, in parse
    loader.exec_module(new_module)
  File "<frozen importlib._bootstrap_external>", line 843, in exec_module
  File "<frozen importlib._bootstrap>", line 219, in _call_with_frames_removed
  File "/opt/airflow/dags/dag_airflow.py", line 81, in <module>
    create_kafka_topic >> check_kafka >> start_producer >> start_consumer >> verify_postgres
  File "/home/airflow/.local/lib/python3.8/site-packages/airflow/models/taskmixin.py", line 103, in __rshift__
    self.set_downstream(other)
  File "/home/airflow/.local/lib/python3.8/site-packages/airflow/models/taskmixin.py", line 261, in set_downstream
    self._set_relatives(task_or_task_list, upstream=False, edge_modifier=edge_modifier)
  File "/home/airflow/.local/lib/python3.8/site-packages/airflow/models/taskmixin.py", line 213, in _set_relatives
    task_object.update_relative(self, not upstream, edge_modifier=edge_modifier)
AttributeError: 'function' object has no attribute 'update_relative'
[2025-02-21T23:49:22.994+0000] {processor.py:841} WARNING - No viable dags retrieved from /opt/airflow/dags/dag_airflow.py
[2025-02-21T23:49:23.023+0000] {processor.py:179} INFO - Processing /opt/airflow/dags/dag_airflow.py took 0.066 seconds
[2025-02-21T23:49:55.133+0000] {processor.py:157} INFO - Started process (PID=2364) to work on /opt/airflow/dags/dag_airflow.py
[2025-02-21T23:49:55.134+0000] {processor.py:829} INFO - Processing file /opt/airflow/dags/dag_airflow.py for tasks to queue
[2025-02-21T23:49:55.136+0000] {logging_mixin.py:151} INFO - [2025-02-21T23:49:55.136+0000] {dagbag.py:539} INFO - Filling up the DagBag from /opt/airflow/dags/dag_airflow.py
[2025-02-21T23:49:55.175+0000] {logging_mixin.py:151} INFO - [2025-02-21T23:49:55.168+0000] {dagbag.py:347} ERROR - Failed to import: /opt/airflow/dags/dag_airflow.py
Traceback (most recent call last):
  File "/home/airflow/.local/lib/python3.8/site-packages/airflow/models/dagbag.py", line 343, in parse
    loader.exec_module(new_module)
  File "<frozen importlib._bootstrap_external>", line 843, in exec_module
  File "<frozen importlib._bootstrap>", line 219, in _call_with_frames_removed
  File "/opt/airflow/dags/dag_airflow.py", line 81, in <module>
    create_kafka_topic >> check_kafka >> start_producer >> start_consumer >> verify_postgres
  File "/home/airflow/.local/lib/python3.8/site-packages/airflow/models/taskmixin.py", line 103, in __rshift__
    self.set_downstream(other)
  File "/home/airflow/.local/lib/python3.8/site-packages/airflow/models/taskmixin.py", line 261, in set_downstream
    self._set_relatives(task_or_task_list, upstream=False, edge_modifier=edge_modifier)
  File "/home/airflow/.local/lib/python3.8/site-packages/airflow/models/taskmixin.py", line 213, in _set_relatives
    task_object.update_relative(self, not upstream, edge_modifier=edge_modifier)
AttributeError: 'function' object has no attribute 'update_relative'
[2025-02-21T23:49:55.176+0000] {processor.py:841} WARNING - No viable dags retrieved from /opt/airflow/dags/dag_airflow.py
[2025-02-21T23:49:55.203+0000] {processor.py:179} INFO - Processing /opt/airflow/dags/dag_airflow.py took 0.073 seconds
[2025-02-21T23:50:27.445+0000] {processor.py:157} INFO - Started process (PID=2369) to work on /opt/airflow/dags/dag_airflow.py
[2025-02-21T23:50:27.446+0000] {processor.py:829} INFO - Processing file /opt/airflow/dags/dag_airflow.py for tasks to queue
[2025-02-21T23:50:27.447+0000] {logging_mixin.py:151} INFO - [2025-02-21T23:50:27.447+0000] {dagbag.py:539} INFO - Filling up the DagBag from /opt/airflow/dags/dag_airflow.py
[2025-02-21T23:50:27.479+0000] {logging_mixin.py:151} INFO - [2025-02-21T23:50:27.474+0000] {dagbag.py:347} ERROR - Failed to import: /opt/airflow/dags/dag_airflow.py
Traceback (most recent call last):
  File "/home/airflow/.local/lib/python3.8/site-packages/airflow/models/dagbag.py", line 343, in parse
    loader.exec_module(new_module)
  File "<frozen importlib._bootstrap_external>", line 843, in exec_module
  File "<frozen importlib._bootstrap>", line 219, in _call_with_frames_removed
  File "/opt/airflow/dags/dag_airflow.py", line 81, in <module>
    create_kafka_topic >> check_kafka >> start_producer >> start_consumer >> verify_postgres
  File "/home/airflow/.local/lib/python3.8/site-packages/airflow/models/taskmixin.py", line 103, in __rshift__
    self.set_downstream(other)
  File "/home/airflow/.local/lib/python3.8/site-packages/airflow/models/taskmixin.py", line 261, in set_downstream
    self._set_relatives(task_or_task_list, upstream=False, edge_modifier=edge_modifier)
  File "/home/airflow/.local/lib/python3.8/site-packages/airflow/models/taskmixin.py", line 213, in _set_relatives
    task_object.update_relative(self, not upstream, edge_modifier=edge_modifier)
AttributeError: 'function' object has no attribute 'update_relative'
[2025-02-21T23:50:27.480+0000] {processor.py:841} WARNING - No viable dags retrieved from /opt/airflow/dags/dag_airflow.py
[2025-02-21T23:50:27.511+0000] {processor.py:179} INFO - Processing /opt/airflow/dags/dag_airflow.py took 0.070 seconds
[2025-02-21T23:50:58.771+0000] {processor.py:157} INFO - Started process (PID=2374) to work on /opt/airflow/dags/dag_airflow.py
[2025-02-21T23:50:58.772+0000] {processor.py:829} INFO - Processing file /opt/airflow/dags/dag_airflow.py for tasks to queue
[2025-02-21T23:50:58.773+0000] {logging_mixin.py:151} INFO - [2025-02-21T23:50:58.773+0000] {dagbag.py:539} INFO - Filling up the DagBag from /opt/airflow/dags/dag_airflow.py
[2025-02-21T23:50:58.805+0000] {logging_mixin.py:151} INFO - [2025-02-21T23:50:58.798+0000] {dagbag.py:347} ERROR - Failed to import: /opt/airflow/dags/dag_airflow.py
Traceback (most recent call last):
  File "/home/airflow/.local/lib/python3.8/site-packages/airflow/models/dagbag.py", line 343, in parse
    loader.exec_module(new_module)
  File "<frozen importlib._bootstrap_external>", line 843, in exec_module
  File "<frozen importlib._bootstrap>", line 219, in _call_with_frames_removed
  File "/opt/airflow/dags/dag_airflow.py", line 81, in <module>
    create_kafka_topic >> check_kafka >> start_producer >> start_consumer >> verify_postgres
  File "/home/airflow/.local/lib/python3.8/site-packages/airflow/models/taskmixin.py", line 103, in __rshift__
    self.set_downstream(other)
  File "/home/airflow/.local/lib/python3.8/site-packages/airflow/models/taskmixin.py", line 261, in set_downstream
    self._set_relatives(task_or_task_list, upstream=False, edge_modifier=edge_modifier)
  File "/home/airflow/.local/lib/python3.8/site-packages/airflow/models/taskmixin.py", line 213, in _set_relatives
    task_object.update_relative(self, not upstream, edge_modifier=edge_modifier)
AttributeError: 'function' object has no attribute 'update_relative'
[2025-02-21T23:50:58.805+0000] {processor.py:841} WARNING - No viable dags retrieved from /opt/airflow/dags/dag_airflow.py
[2025-02-21T23:50:58.839+0000] {processor.py:179} INFO - Processing /opt/airflow/dags/dag_airflow.py took 0.072 seconds
[2025-02-21T23:51:30.941+0000] {processor.py:157} INFO - Started process (PID=2379) to work on /opt/airflow/dags/dag_airflow.py
[2025-02-21T23:51:30.942+0000] {processor.py:829} INFO - Processing file /opt/airflow/dags/dag_airflow.py for tasks to queue
[2025-02-21T23:51:30.944+0000] {logging_mixin.py:151} INFO - [2025-02-21T23:51:30.943+0000] {dagbag.py:539} INFO - Filling up the DagBag from /opt/airflow/dags/dag_airflow.py
[2025-02-21T23:51:30.976+0000] {logging_mixin.py:151} INFO - [2025-02-21T23:51:30.970+0000] {dagbag.py:347} ERROR - Failed to import: /opt/airflow/dags/dag_airflow.py
Traceback (most recent call last):
  File "/home/airflow/.local/lib/python3.8/site-packages/airflow/models/dagbag.py", line 343, in parse
    loader.exec_module(new_module)
  File "<frozen importlib._bootstrap_external>", line 843, in exec_module
  File "<frozen importlib._bootstrap>", line 219, in _call_with_frames_removed
  File "/opt/airflow/dags/dag_airflow.py", line 81, in <module>
    create_kafka_topic >> check_kafka >> start_producer >> start_consumer >> verify_postgres
  File "/home/airflow/.local/lib/python3.8/site-packages/airflow/models/taskmixin.py", line 103, in __rshift__
    self.set_downstream(other)
  File "/home/airflow/.local/lib/python3.8/site-packages/airflow/models/taskmixin.py", line 261, in set_downstream
    self._set_relatives(task_or_task_list, upstream=False, edge_modifier=edge_modifier)
  File "/home/airflow/.local/lib/python3.8/site-packages/airflow/models/taskmixin.py", line 213, in _set_relatives
    task_object.update_relative(self, not upstream, edge_modifier=edge_modifier)
AttributeError: 'function' object has no attribute 'update_relative'
[2025-02-21T23:51:30.977+0000] {processor.py:841} WARNING - No viable dags retrieved from /opt/airflow/dags/dag_airflow.py
[2025-02-21T23:51:31.005+0000] {processor.py:179} INFO - Processing /opt/airflow/dags/dag_airflow.py took 0.068 seconds
[2025-02-21T23:52:03.206+0000] {processor.py:157} INFO - Started process (PID=2384) to work on /opt/airflow/dags/dag_airflow.py
[2025-02-21T23:52:03.207+0000] {processor.py:829} INFO - Processing file /opt/airflow/dags/dag_airflow.py for tasks to queue
[2025-02-21T23:52:03.208+0000] {logging_mixin.py:151} INFO - [2025-02-21T23:52:03.208+0000] {dagbag.py:539} INFO - Filling up the DagBag from /opt/airflow/dags/dag_airflow.py
[2025-02-21T23:52:03.240+0000] {logging_mixin.py:151} INFO - [2025-02-21T23:52:03.233+0000] {dagbag.py:347} ERROR - Failed to import: /opt/airflow/dags/dag_airflow.py
Traceback (most recent call last):
  File "/home/airflow/.local/lib/python3.8/site-packages/airflow/models/dagbag.py", line 343, in parse
    loader.exec_module(new_module)
  File "<frozen importlib._bootstrap_external>", line 843, in exec_module
  File "<frozen importlib._bootstrap>", line 219, in _call_with_frames_removed
  File "/opt/airflow/dags/dag_airflow.py", line 81, in <module>
    create_kafka_topic >> check_kafka >> start_producer >> start_consumer >> verify_postgres
  File "/home/airflow/.local/lib/python3.8/site-packages/airflow/models/taskmixin.py", line 103, in __rshift__
    self.set_downstream(other)
  File "/home/airflow/.local/lib/python3.8/site-packages/airflow/models/taskmixin.py", line 261, in set_downstream
    self._set_relatives(task_or_task_list, upstream=False, edge_modifier=edge_modifier)
  File "/home/airflow/.local/lib/python3.8/site-packages/airflow/models/taskmixin.py", line 213, in _set_relatives
    task_object.update_relative(self, not upstream, edge_modifier=edge_modifier)
AttributeError: 'function' object has no attribute 'update_relative'
[2025-02-21T23:52:03.240+0000] {processor.py:841} WARNING - No viable dags retrieved from /opt/airflow/dags/dag_airflow.py
[2025-02-21T23:52:03.269+0000] {processor.py:179} INFO - Processing /opt/airflow/dags/dag_airflow.py took 0.067 seconds
[2025-02-21T23:52:35.423+0000] {processor.py:157} INFO - Started process (PID=2389) to work on /opt/airflow/dags/dag_airflow.py
[2025-02-21T23:52:35.424+0000] {processor.py:829} INFO - Processing file /opt/airflow/dags/dag_airflow.py for tasks to queue
[2025-02-21T23:52:35.425+0000] {logging_mixin.py:151} INFO - [2025-02-21T23:52:35.425+0000] {dagbag.py:539} INFO - Filling up the DagBag from /opt/airflow/dags/dag_airflow.py
[2025-02-21T23:52:35.462+0000] {logging_mixin.py:151} INFO - [2025-02-21T23:52:35.456+0000] {dagbag.py:347} ERROR - Failed to import: /opt/airflow/dags/dag_airflow.py
Traceback (most recent call last):
  File "/home/airflow/.local/lib/python3.8/site-packages/airflow/models/dagbag.py", line 343, in parse
    loader.exec_module(new_module)
  File "<frozen importlib._bootstrap_external>", line 843, in exec_module
  File "<frozen importlib._bootstrap>", line 219, in _call_with_frames_removed
  File "/opt/airflow/dags/dag_airflow.py", line 81, in <module>
    create_kafka_topic >> check_kafka >> start_producer >> start_consumer >> verify_postgres
  File "/home/airflow/.local/lib/python3.8/site-packages/airflow/models/taskmixin.py", line 103, in __rshift__
    self.set_downstream(other)
  File "/home/airflow/.local/lib/python3.8/site-packages/airflow/models/taskmixin.py", line 261, in set_downstream
    self._set_relatives(task_or_task_list, upstream=False, edge_modifier=edge_modifier)
  File "/home/airflow/.local/lib/python3.8/site-packages/airflow/models/taskmixin.py", line 213, in _set_relatives
    task_object.update_relative(self, not upstream, edge_modifier=edge_modifier)
AttributeError: 'function' object has no attribute 'update_relative'
[2025-02-21T23:52:35.463+0000] {processor.py:841} WARNING - No viable dags retrieved from /opt/airflow/dags/dag_airflow.py
[2025-02-21T23:52:35.503+0000] {processor.py:179} INFO - Processing /opt/airflow/dags/dag_airflow.py took 0.084 seconds
[2025-02-21T23:53:06.733+0000] {processor.py:157} INFO - Started process (PID=2394) to work on /opt/airflow/dags/dag_airflow.py
[2025-02-21T23:53:06.734+0000] {processor.py:829} INFO - Processing file /opt/airflow/dags/dag_airflow.py for tasks to queue
[2025-02-21T23:53:06.736+0000] {logging_mixin.py:151} INFO - [2025-02-21T23:53:06.736+0000] {dagbag.py:539} INFO - Filling up the DagBag from /opt/airflow/dags/dag_airflow.py
[2025-02-21T23:53:06.776+0000] {logging_mixin.py:151} INFO - [2025-02-21T23:53:06.766+0000] {dagbag.py:347} ERROR - Failed to import: /opt/airflow/dags/dag_airflow.py
Traceback (most recent call last):
  File "/home/airflow/.local/lib/python3.8/site-packages/airflow/models/dagbag.py", line 343, in parse
    loader.exec_module(new_module)
  File "<frozen importlib._bootstrap_external>", line 843, in exec_module
  File "<frozen importlib._bootstrap>", line 219, in _call_with_frames_removed
  File "/opt/airflow/dags/dag_airflow.py", line 81, in <module>
    create_kafka_topic >> check_kafka >> start_producer >> start_consumer >> verify_postgres
  File "/home/airflow/.local/lib/python3.8/site-packages/airflow/models/taskmixin.py", line 103, in __rshift__
    self.set_downstream(other)
  File "/home/airflow/.local/lib/python3.8/site-packages/airflow/models/taskmixin.py", line 261, in set_downstream
    self._set_relatives(task_or_task_list, upstream=False, edge_modifier=edge_modifier)
  File "/home/airflow/.local/lib/python3.8/site-packages/airflow/models/taskmixin.py", line 213, in _set_relatives
    task_object.update_relative(self, not upstream, edge_modifier=edge_modifier)
AttributeError: 'function' object has no attribute 'update_relative'
[2025-02-21T23:53:06.776+0000] {processor.py:841} WARNING - No viable dags retrieved from /opt/airflow/dags/dag_airflow.py
[2025-02-21T23:53:06.805+0000] {processor.py:179} INFO - Processing /opt/airflow/dags/dag_airflow.py took 0.076 seconds
[2025-02-21T23:53:38.981+0000] {processor.py:157} INFO - Started process (PID=2399) to work on /opt/airflow/dags/dag_airflow.py
[2025-02-21T23:53:38.983+0000] {processor.py:829} INFO - Processing file /opt/airflow/dags/dag_airflow.py for tasks to queue
[2025-02-21T23:53:38.984+0000] {logging_mixin.py:151} INFO - [2025-02-21T23:53:38.984+0000] {dagbag.py:539} INFO - Filling up the DagBag from /opt/airflow/dags/dag_airflow.py
[2025-02-21T23:53:39.028+0000] {logging_mixin.py:151} INFO - [2025-02-21T23:53:39.019+0000] {dagbag.py:347} ERROR - Failed to import: /opt/airflow/dags/dag_airflow.py
Traceback (most recent call last):
  File "/home/airflow/.local/lib/python3.8/site-packages/airflow/models/dagbag.py", line 343, in parse
    loader.exec_module(new_module)
  File "<frozen importlib._bootstrap_external>", line 843, in exec_module
  File "<frozen importlib._bootstrap>", line 219, in _call_with_frames_removed
  File "/opt/airflow/dags/dag_airflow.py", line 81, in <module>
    create_kafka_topic >> check_kafka >> start_producer >> start_consumer >> verify_postgres
  File "/home/airflow/.local/lib/python3.8/site-packages/airflow/models/taskmixin.py", line 103, in __rshift__
    self.set_downstream(other)
  File "/home/airflow/.local/lib/python3.8/site-packages/airflow/models/taskmixin.py", line 261, in set_downstream
    self._set_relatives(task_or_task_list, upstream=False, edge_modifier=edge_modifier)
  File "/home/airflow/.local/lib/python3.8/site-packages/airflow/models/taskmixin.py", line 213, in _set_relatives
    task_object.update_relative(self, not upstream, edge_modifier=edge_modifier)
AttributeError: 'function' object has no attribute 'update_relative'
[2025-02-21T23:53:39.029+0000] {processor.py:841} WARNING - No viable dags retrieved from /opt/airflow/dags/dag_airflow.py
[2025-02-21T23:53:39.066+0000] {processor.py:179} INFO - Processing /opt/airflow/dags/dag_airflow.py took 0.088 seconds
[2025-02-21T23:54:11.198+0000] {processor.py:157} INFO - Started process (PID=2404) to work on /opt/airflow/dags/dag_airflow.py
[2025-02-21T23:54:11.199+0000] {processor.py:829} INFO - Processing file /opt/airflow/dags/dag_airflow.py for tasks to queue
[2025-02-21T23:54:11.200+0000] {logging_mixin.py:151} INFO - [2025-02-21T23:54:11.200+0000] {dagbag.py:539} INFO - Filling up the DagBag from /opt/airflow/dags/dag_airflow.py
[2025-02-21T23:54:11.231+0000] {logging_mixin.py:151} INFO - [2025-02-21T23:54:11.225+0000] {dagbag.py:347} ERROR - Failed to import: /opt/airflow/dags/dag_airflow.py
Traceback (most recent call last):
  File "/home/airflow/.local/lib/python3.8/site-packages/airflow/models/dagbag.py", line 343, in parse
    loader.exec_module(new_module)
  File "<frozen importlib._bootstrap_external>", line 843, in exec_module
  File "<frozen importlib._bootstrap>", line 219, in _call_with_frames_removed
  File "/opt/airflow/dags/dag_airflow.py", line 81, in <module>
    create_kafka_topic >> check_kafka >> start_producer >> start_consumer >> verify_postgres
  File "/home/airflow/.local/lib/python3.8/site-packages/airflow/models/taskmixin.py", line 103, in __rshift__
    self.set_downstream(other)
  File "/home/airflow/.local/lib/python3.8/site-packages/airflow/models/taskmixin.py", line 261, in set_downstream
    self._set_relatives(task_or_task_list, upstream=False, edge_modifier=edge_modifier)
  File "/home/airflow/.local/lib/python3.8/site-packages/airflow/models/taskmixin.py", line 213, in _set_relatives
    task_object.update_relative(self, not upstream, edge_modifier=edge_modifier)
AttributeError: 'function' object has no attribute 'update_relative'
[2025-02-21T23:54:11.231+0000] {processor.py:841} WARNING - No viable dags retrieved from /opt/airflow/dags/dag_airflow.py
[2025-02-21T23:54:11.268+0000] {processor.py:179} INFO - Processing /opt/airflow/dags/dag_airflow.py took 0.073 seconds
[2025-02-21T23:54:43.407+0000] {processor.py:157} INFO - Started process (PID=2409) to work on /opt/airflow/dags/dag_airflow.py
[2025-02-21T23:54:43.408+0000] {processor.py:829} INFO - Processing file /opt/airflow/dags/dag_airflow.py for tasks to queue
[2025-02-21T23:54:43.409+0000] {logging_mixin.py:151} INFO - [2025-02-21T23:54:43.409+0000] {dagbag.py:539} INFO - Filling up the DagBag from /opt/airflow/dags/dag_airflow.py
[2025-02-21T23:54:43.439+0000] {logging_mixin.py:151} INFO - [2025-02-21T23:54:43.433+0000] {dagbag.py:347} ERROR - Failed to import: /opt/airflow/dags/dag_airflow.py
Traceback (most recent call last):
  File "/home/airflow/.local/lib/python3.8/site-packages/airflow/models/dagbag.py", line 343, in parse
    loader.exec_module(new_module)
  File "<frozen importlib._bootstrap_external>", line 843, in exec_module
  File "<frozen importlib._bootstrap>", line 219, in _call_with_frames_removed
  File "/opt/airflow/dags/dag_airflow.py", line 81, in <module>
    create_kafka_topic >> check_kafka >> start_producer >> start_consumer >> verify_postgres
  File "/home/airflow/.local/lib/python3.8/site-packages/airflow/models/taskmixin.py", line 103, in __rshift__
    self.set_downstream(other)
  File "/home/airflow/.local/lib/python3.8/site-packages/airflow/models/taskmixin.py", line 261, in set_downstream
    self._set_relatives(task_or_task_list, upstream=False, edge_modifier=edge_modifier)
  File "/home/airflow/.local/lib/python3.8/site-packages/airflow/models/taskmixin.py", line 213, in _set_relatives
    task_object.update_relative(self, not upstream, edge_modifier=edge_modifier)
AttributeError: 'function' object has no attribute 'update_relative'
[2025-02-21T23:54:43.440+0000] {processor.py:841} WARNING - No viable dags retrieved from /opt/airflow/dags/dag_airflow.py
[2025-02-21T23:54:43.469+0000] {processor.py:179} INFO - Processing /opt/airflow/dags/dag_airflow.py took 0.065 seconds
[2025-02-21T23:55:14.779+0000] {processor.py:157} INFO - Started process (PID=2414) to work on /opt/airflow/dags/dag_airflow.py
[2025-02-21T23:55:14.780+0000] {processor.py:829} INFO - Processing file /opt/airflow/dags/dag_airflow.py for tasks to queue
[2025-02-21T23:55:14.781+0000] {logging_mixin.py:151} INFO - [2025-02-21T23:55:14.781+0000] {dagbag.py:539} INFO - Filling up the DagBag from /opt/airflow/dags/dag_airflow.py
[2025-02-21T23:55:14.816+0000] {logging_mixin.py:151} INFO - [2025-02-21T23:55:14.809+0000] {dagbag.py:347} ERROR - Failed to import: /opt/airflow/dags/dag_airflow.py
Traceback (most recent call last):
  File "/home/airflow/.local/lib/python3.8/site-packages/airflow/models/dagbag.py", line 343, in parse
    loader.exec_module(new_module)
  File "<frozen importlib._bootstrap_external>", line 843, in exec_module
  File "<frozen importlib._bootstrap>", line 219, in _call_with_frames_removed
  File "/opt/airflow/dags/dag_airflow.py", line 81, in <module>
    create_kafka_topic >> check_kafka >> start_producer >> start_consumer >> verify_postgres
  File "/home/airflow/.local/lib/python3.8/site-packages/airflow/models/taskmixin.py", line 103, in __rshift__
    self.set_downstream(other)
  File "/home/airflow/.local/lib/python3.8/site-packages/airflow/models/taskmixin.py", line 261, in set_downstream
    self._set_relatives(task_or_task_list, upstream=False, edge_modifier=edge_modifier)
  File "/home/airflow/.local/lib/python3.8/site-packages/airflow/models/taskmixin.py", line 213, in _set_relatives
    task_object.update_relative(self, not upstream, edge_modifier=edge_modifier)
AttributeError: 'function' object has no attribute 'update_relative'
[2025-02-21T23:55:14.817+0000] {processor.py:841} WARNING - No viable dags retrieved from /opt/airflow/dags/dag_airflow.py
[2025-02-21T23:55:14.846+0000] {processor.py:179} INFO - Processing /opt/airflow/dags/dag_airflow.py took 0.071 seconds
[2025-02-21T23:55:47.006+0000] {processor.py:157} INFO - Started process (PID=2419) to work on /opt/airflow/dags/dag_airflow.py
[2025-02-21T23:55:47.007+0000] {processor.py:829} INFO - Processing file /opt/airflow/dags/dag_airflow.py for tasks to queue
[2025-02-21T23:55:47.008+0000] {logging_mixin.py:151} INFO - [2025-02-21T23:55:47.008+0000] {dagbag.py:539} INFO - Filling up the DagBag from /opt/airflow/dags/dag_airflow.py
[2025-02-21T23:55:47.055+0000] {logging_mixin.py:151} INFO - [2025-02-21T23:55:47.051+0000] {dagbag.py:347} ERROR - Failed to import: /opt/airflow/dags/dag_airflow.py
Traceback (most recent call last):
  File "/home/airflow/.local/lib/python3.8/site-packages/airflow/models/dagbag.py", line 343, in parse
    loader.exec_module(new_module)
  File "<frozen importlib._bootstrap_external>", line 843, in exec_module
  File "<frozen importlib._bootstrap>", line 219, in _call_with_frames_removed
  File "/opt/airflow/dags/dag_airflow.py", line 81, in <module>
    create_kafka_topic >> check_kafka >> start_producer >> start_consumer >> verify_postgres
  File "/home/airflow/.local/lib/python3.8/site-packages/airflow/models/taskmixin.py", line 103, in __rshift__
    self.set_downstream(other)
  File "/home/airflow/.local/lib/python3.8/site-packages/airflow/models/taskmixin.py", line 261, in set_downstream
    self._set_relatives(task_or_task_list, upstream=False, edge_modifier=edge_modifier)
  File "/home/airflow/.local/lib/python3.8/site-packages/airflow/models/taskmixin.py", line 213, in _set_relatives
    task_object.update_relative(self, not upstream, edge_modifier=edge_modifier)
AttributeError: 'function' object has no attribute 'update_relative'
[2025-02-21T23:55:47.056+0000] {processor.py:841} WARNING - No viable dags retrieved from /opt/airflow/dags/dag_airflow.py
[2025-02-21T23:55:47.086+0000] {processor.py:179} INFO - Processing /opt/airflow/dags/dag_airflow.py took 0.085 seconds
[2025-02-21T23:56:19.207+0000] {processor.py:157} INFO - Started process (PID=2424) to work on /opt/airflow/dags/dag_airflow.py
[2025-02-21T23:56:19.208+0000] {processor.py:829} INFO - Processing file /opt/airflow/dags/dag_airflow.py for tasks to queue
[2025-02-21T23:56:19.210+0000] {logging_mixin.py:151} INFO - [2025-02-21T23:56:19.209+0000] {dagbag.py:539} INFO - Filling up the DagBag from /opt/airflow/dags/dag_airflow.py
[2025-02-21T23:56:19.238+0000] {logging_mixin.py:151} INFO - [2025-02-21T23:56:19.232+0000] {dagbag.py:347} ERROR - Failed to import: /opt/airflow/dags/dag_airflow.py
Traceback (most recent call last):
  File "/home/airflow/.local/lib/python3.8/site-packages/airflow/models/dagbag.py", line 343, in parse
    loader.exec_module(new_module)
  File "<frozen importlib._bootstrap_external>", line 843, in exec_module
  File "<frozen importlib._bootstrap>", line 219, in _call_with_frames_removed
  File "/opt/airflow/dags/dag_airflow.py", line 81, in <module>
    create_kafka_topic >> check_kafka >> start_producer >> start_consumer >> verify_postgres
  File "/home/airflow/.local/lib/python3.8/site-packages/airflow/models/taskmixin.py", line 103, in __rshift__
    self.set_downstream(other)
  File "/home/airflow/.local/lib/python3.8/site-packages/airflow/models/taskmixin.py", line 261, in set_downstream
    self._set_relatives(task_or_task_list, upstream=False, edge_modifier=edge_modifier)
  File "/home/airflow/.local/lib/python3.8/site-packages/airflow/models/taskmixin.py", line 213, in _set_relatives
    task_object.update_relative(self, not upstream, edge_modifier=edge_modifier)
AttributeError: 'function' object has no attribute 'update_relative'
[2025-02-21T23:56:19.239+0000] {processor.py:841} WARNING - No viable dags retrieved from /opt/airflow/dags/dag_airflow.py
[2025-02-21T23:56:19.266+0000] {processor.py:179} INFO - Processing /opt/airflow/dags/dag_airflow.py took 0.063 seconds
[2025-02-21T23:56:51.449+0000] {processor.py:157} INFO - Started process (PID=2429) to work on /opt/airflow/dags/dag_airflow.py
[2025-02-21T23:56:51.450+0000] {processor.py:829} INFO - Processing file /opt/airflow/dags/dag_airflow.py for tasks to queue
[2025-02-21T23:56:51.451+0000] {logging_mixin.py:151} INFO - [2025-02-21T23:56:51.451+0000] {dagbag.py:539} INFO - Filling up the DagBag from /opt/airflow/dags/dag_airflow.py
[2025-02-21T23:56:51.484+0000] {logging_mixin.py:151} INFO - [2025-02-21T23:56:51.477+0000] {dagbag.py:347} ERROR - Failed to import: /opt/airflow/dags/dag_airflow.py
Traceback (most recent call last):
  File "/home/airflow/.local/lib/python3.8/site-packages/airflow/models/dagbag.py", line 343, in parse
    loader.exec_module(new_module)
  File "<frozen importlib._bootstrap_external>", line 843, in exec_module
  File "<frozen importlib._bootstrap>", line 219, in _call_with_frames_removed
  File "/opt/airflow/dags/dag_airflow.py", line 81, in <module>
    create_kafka_topic >> check_kafka >> start_producer >> start_consumer >> verify_postgres
  File "/home/airflow/.local/lib/python3.8/site-packages/airflow/models/taskmixin.py", line 103, in __rshift__
    self.set_downstream(other)
  File "/home/airflow/.local/lib/python3.8/site-packages/airflow/models/taskmixin.py", line 261, in set_downstream
    self._set_relatives(task_or_task_list, upstream=False, edge_modifier=edge_modifier)
  File "/home/airflow/.local/lib/python3.8/site-packages/airflow/models/taskmixin.py", line 213, in _set_relatives
    task_object.update_relative(self, not upstream, edge_modifier=edge_modifier)
AttributeError: 'function' object has no attribute 'update_relative'
[2025-02-21T23:56:51.485+0000] {processor.py:841} WARNING - No viable dags retrieved from /opt/airflow/dags/dag_airflow.py
[2025-02-21T23:56:51.513+0000] {processor.py:179} INFO - Processing /opt/airflow/dags/dag_airflow.py took 0.068 seconds
[2025-02-21T23:57:22.769+0000] {processor.py:157} INFO - Started process (PID=2434) to work on /opt/airflow/dags/dag_airflow.py
[2025-02-21T23:57:22.770+0000] {processor.py:829} INFO - Processing file /opt/airflow/dags/dag_airflow.py for tasks to queue
[2025-02-21T23:57:22.771+0000] {logging_mixin.py:151} INFO - [2025-02-21T23:57:22.771+0000] {dagbag.py:539} INFO - Filling up the DagBag from /opt/airflow/dags/dag_airflow.py
[2025-02-21T23:57:22.803+0000] {logging_mixin.py:151} INFO - [2025-02-21T23:57:22.796+0000] {dagbag.py:347} ERROR - Failed to import: /opt/airflow/dags/dag_airflow.py
Traceback (most recent call last):
  File "/home/airflow/.local/lib/python3.8/site-packages/airflow/models/dagbag.py", line 343, in parse
    loader.exec_module(new_module)
  File "<frozen importlib._bootstrap_external>", line 843, in exec_module
  File "<frozen importlib._bootstrap>", line 219, in _call_with_frames_removed
  File "/opt/airflow/dags/dag_airflow.py", line 81, in <module>
    create_kafka_topic >> check_kafka >> start_producer >> start_consumer >> verify_postgres
  File "/home/airflow/.local/lib/python3.8/site-packages/airflow/models/taskmixin.py", line 103, in __rshift__
    self.set_downstream(other)
  File "/home/airflow/.local/lib/python3.8/site-packages/airflow/models/taskmixin.py", line 261, in set_downstream
    self._set_relatives(task_or_task_list, upstream=False, edge_modifier=edge_modifier)
  File "/home/airflow/.local/lib/python3.8/site-packages/airflow/models/taskmixin.py", line 213, in _set_relatives
    task_object.update_relative(self, not upstream, edge_modifier=edge_modifier)
AttributeError: 'function' object has no attribute 'update_relative'
[2025-02-21T23:57:22.804+0000] {processor.py:841} WARNING - No viable dags retrieved from /opt/airflow/dags/dag_airflow.py
[2025-02-21T23:57:22.832+0000] {processor.py:179} INFO - Processing /opt/airflow/dags/dag_airflow.py took 0.066 seconds
[2025-02-21T23:57:55.020+0000] {processor.py:157} INFO - Started process (PID=2439) to work on /opt/airflow/dags/dag_airflow.py
[2025-02-21T23:57:55.021+0000] {processor.py:829} INFO - Processing file /opt/airflow/dags/dag_airflow.py for tasks to queue
[2025-02-21T23:57:55.023+0000] {logging_mixin.py:151} INFO - [2025-02-21T23:57:55.022+0000] {dagbag.py:539} INFO - Filling up the DagBag from /opt/airflow/dags/dag_airflow.py
[2025-02-21T23:57:55.053+0000] {logging_mixin.py:151} INFO - [2025-02-21T23:57:55.048+0000] {dagbag.py:347} ERROR - Failed to import: /opt/airflow/dags/dag_airflow.py
Traceback (most recent call last):
  File "/home/airflow/.local/lib/python3.8/site-packages/airflow/models/dagbag.py", line 343, in parse
    loader.exec_module(new_module)
  File "<frozen importlib._bootstrap_external>", line 843, in exec_module
  File "<frozen importlib._bootstrap>", line 219, in _call_with_frames_removed
  File "/opt/airflow/dags/dag_airflow.py", line 81, in <module>
    create_kafka_topic >> check_kafka >> start_producer >> start_consumer >> verify_postgres
  File "/home/airflow/.local/lib/python3.8/site-packages/airflow/models/taskmixin.py", line 103, in __rshift__
    self.set_downstream(other)
  File "/home/airflow/.local/lib/python3.8/site-packages/airflow/models/taskmixin.py", line 261, in set_downstream
    self._set_relatives(task_or_task_list, upstream=False, edge_modifier=edge_modifier)
  File "/home/airflow/.local/lib/python3.8/site-packages/airflow/models/taskmixin.py", line 213, in _set_relatives
    task_object.update_relative(self, not upstream, edge_modifier=edge_modifier)
AttributeError: 'function' object has no attribute 'update_relative'
[2025-02-21T23:57:55.054+0000] {processor.py:841} WARNING - No viable dags retrieved from /opt/airflow/dags/dag_airflow.py
[2025-02-21T23:57:55.083+0000] {processor.py:179} INFO - Processing /opt/airflow/dags/dag_airflow.py took 0.067 seconds
[2025-02-21T23:58:27.238+0000] {processor.py:157} INFO - Started process (PID=2444) to work on /opt/airflow/dags/dag_airflow.py
[2025-02-21T23:58:27.238+0000] {processor.py:829} INFO - Processing file /opt/airflow/dags/dag_airflow.py for tasks to queue
[2025-02-21T23:58:27.240+0000] {logging_mixin.py:151} INFO - [2025-02-21T23:58:27.240+0000] {dagbag.py:539} INFO - Filling up the DagBag from /opt/airflow/dags/dag_airflow.py
[2025-02-21T23:58:27.267+0000] {logging_mixin.py:151} INFO - [2025-02-21T23:58:27.263+0000] {dagbag.py:347} ERROR - Failed to import: /opt/airflow/dags/dag_airflow.py
Traceback (most recent call last):
  File "/home/airflow/.local/lib/python3.8/site-packages/airflow/models/dagbag.py", line 343, in parse
    loader.exec_module(new_module)
  File "<frozen importlib._bootstrap_external>", line 843, in exec_module
  File "<frozen importlib._bootstrap>", line 219, in _call_with_frames_removed
  File "/opt/airflow/dags/dag_airflow.py", line 81, in <module>
    create_kafka_topic >> check_kafka >> start_producer >> start_consumer >> verify_postgres
  File "/home/airflow/.local/lib/python3.8/site-packages/airflow/models/taskmixin.py", line 103, in __rshift__
    self.set_downstream(other)
  File "/home/airflow/.local/lib/python3.8/site-packages/airflow/models/taskmixin.py", line 261, in set_downstream
    self._set_relatives(task_or_task_list, upstream=False, edge_modifier=edge_modifier)
  File "/home/airflow/.local/lib/python3.8/site-packages/airflow/models/taskmixin.py", line 213, in _set_relatives
    task_object.update_relative(self, not upstream, edge_modifier=edge_modifier)
AttributeError: 'function' object has no attribute 'update_relative'
[2025-02-21T23:58:27.268+0000] {processor.py:841} WARNING - No viable dags retrieved from /opt/airflow/dags/dag_airflow.py
[2025-02-21T23:58:27.295+0000] {processor.py:179} INFO - Processing /opt/airflow/dags/dag_airflow.py took 0.061 seconds
[2025-02-21T23:58:59.439+0000] {processor.py:157} INFO - Started process (PID=2449) to work on /opt/airflow/dags/dag_airflow.py
[2025-02-21T23:58:59.440+0000] {processor.py:829} INFO - Processing file /opt/airflow/dags/dag_airflow.py for tasks to queue
[2025-02-21T23:58:59.441+0000] {logging_mixin.py:151} INFO - [2025-02-21T23:58:59.440+0000] {dagbag.py:539} INFO - Filling up the DagBag from /opt/airflow/dags/dag_airflow.py
[2025-02-21T23:58:59.470+0000] {logging_mixin.py:151} INFO - [2025-02-21T23:58:59.464+0000] {dagbag.py:347} ERROR - Failed to import: /opt/airflow/dags/dag_airflow.py
Traceback (most recent call last):
  File "/home/airflow/.local/lib/python3.8/site-packages/airflow/models/dagbag.py", line 343, in parse
    loader.exec_module(new_module)
  File "<frozen importlib._bootstrap_external>", line 843, in exec_module
  File "<frozen importlib._bootstrap>", line 219, in _call_with_frames_removed
  File "/opt/airflow/dags/dag_airflow.py", line 81, in <module>
    create_kafka_topic >> check_kafka >> start_producer >> start_consumer >> verify_postgres
  File "/home/airflow/.local/lib/python3.8/site-packages/airflow/models/taskmixin.py", line 103, in __rshift__
    self.set_downstream(other)
  File "/home/airflow/.local/lib/python3.8/site-packages/airflow/models/taskmixin.py", line 261, in set_downstream
    self._set_relatives(task_or_task_list, upstream=False, edge_modifier=edge_modifier)
  File "/home/airflow/.local/lib/python3.8/site-packages/airflow/models/taskmixin.py", line 213, in _set_relatives
    task_object.update_relative(self, not upstream, edge_modifier=edge_modifier)
AttributeError: 'function' object has no attribute 'update_relative'
[2025-02-21T23:58:59.470+0000] {processor.py:841} WARNING - No viable dags retrieved from /opt/airflow/dags/dag_airflow.py
[2025-02-21T23:58:59.498+0000] {processor.py:179} INFO - Processing /opt/airflow/dags/dag_airflow.py took 0.063 seconds
[2025-02-21T23:59:30.738+0000] {processor.py:157} INFO - Started process (PID=2454) to work on /opt/airflow/dags/dag_airflow.py
[2025-02-21T23:59:30.739+0000] {processor.py:829} INFO - Processing file /opt/airflow/dags/dag_airflow.py for tasks to queue
[2025-02-21T23:59:30.740+0000] {logging_mixin.py:151} INFO - [2025-02-21T23:59:30.740+0000] {dagbag.py:539} INFO - Filling up the DagBag from /opt/airflow/dags/dag_airflow.py
[2025-02-21T23:59:30.771+0000] {logging_mixin.py:151} INFO - [2025-02-21T23:59:30.764+0000] {dagbag.py:347} ERROR - Failed to import: /opt/airflow/dags/dag_airflow.py
Traceback (most recent call last):
  File "/home/airflow/.local/lib/python3.8/site-packages/airflow/models/dagbag.py", line 343, in parse
    loader.exec_module(new_module)
  File "<frozen importlib._bootstrap_external>", line 843, in exec_module
  File "<frozen importlib._bootstrap>", line 219, in _call_with_frames_removed
  File "/opt/airflow/dags/dag_airflow.py", line 81, in <module>
    create_kafka_topic >> check_kafka >> start_producer >> start_consumer >> verify_postgres
  File "/home/airflow/.local/lib/python3.8/site-packages/airflow/models/taskmixin.py", line 103, in __rshift__
    self.set_downstream(other)
  File "/home/airflow/.local/lib/python3.8/site-packages/airflow/models/taskmixin.py", line 261, in set_downstream
    self._set_relatives(task_or_task_list, upstream=False, edge_modifier=edge_modifier)
  File "/home/airflow/.local/lib/python3.8/site-packages/airflow/models/taskmixin.py", line 213, in _set_relatives
    task_object.update_relative(self, not upstream, edge_modifier=edge_modifier)
AttributeError: 'function' object has no attribute 'update_relative'
[2025-02-21T23:59:30.771+0000] {processor.py:841} WARNING - No viable dags retrieved from /opt/airflow/dags/dag_airflow.py
[2025-02-21T23:59:30.798+0000] {processor.py:179} INFO - Processing /opt/airflow/dags/dag_airflow.py took 0.062 seconds
